{"type":"Feature","properties":{},"geometry":{"type":"MultiLineString","coordinates":[[[-0.5167,53.1769],[-0.5317,53.1544]],[[5.0903,45.7107],[5.0859,45.7466]],[[5.0948,45.7109],[5.0919,45.7349]],[[-0.6221,52.0668],[-0.6099,52.0789]],[[-0.4341,51.4649],[-0.4823,51.4648]],[[-0.485,51.4775],[-0.4333,51.4777]],[[-0.2068,51.1459],[-0.172,51.1507]],[[-0.3545,51.8771],[-0.3836,51.872]],[[0.164,52.1993],[0.186,52.2107]],[[-5.2404,49.9964],[-5.2229,50.0078]],[[152.8575,-31.4426],[152.8665,-31.4289]],[[151.8226,-32.7871],[151.8475,-32.805]],[[-5.2659,50.0886],[-5.2424,50.0822]],[[-5.0118,50.447],[-4.9789,50.4346]],[[-2.3107,53.332],[-2.2772,53.3482]],[[8.5263,49.9985],[8.5259,50.0342]],[[8.5342,50.0275],[8.5865,50.0401]],[[0.2229,51.877],[0.25,51.8951]],[[-79.6512,43.6849],[-79.6306,43.6691]],[[-1.2052,53.8304],[-1.184,53.8393]],[[-156.4246,20.9049],[-156.4363,20.8892]],[[144.784,13.4789],[144.812,13.4917]],[[144.785,13.4773],[144.8077,13.4877]],[[14.246,50.1077],[14.2817,50.0905]],[[44.2312,33.2838],[44.2526,33.2526]],[[44.2169,33.2686],[44.2346,33.2428]],[[121.0015,14.4986],[121.0253,14.5119]],[[16.6759,49.1529],[16.7119,49.1497]],[[69.1942,34.5705],[69.2306,34.5611]],[[-3.358,55.9549],[-3.3872,55.945]],[[25.6,-33.9938],[25.6182,-33.9844]],[[25.6265,-33.9963],[25.6163,-33.9838]],[[8.0894,48.7888],[8.0716,48.7699]],[[44.502,33.2692],[44.4862,33.2891]],[[28.2186,-25.8336],[28.2321,-25.8213]],[[17.204,48.1757],[17.2325,48.1573]],[[17.1994,48.1608],[17.2265,48.1796]],[[-76.7754,40.1981],[-76.7498,40.1882]],[[-95.627,39.0748],[-95.6142,39.065]],[[18.6089,-33.9878],[18.6001,-33.9598]],[[18.5975,-33.9614],[18.6104,-33.9723]],[[123.7259,13.1519],[123.7434,13.1629]],[[-76.8585,40.2156],[-76.8417,40.22]],[[122.3668,11.672],[122.384,11.6868]],[[121.9503,11.9227],[121.9645,11.9298]],[[153.1065,-30.3383],[153.1207,-30.3242]],[[153.5519,-28.8357],[153.5704,-28.8309]],[[28.231,-25.6538],[28.2128,-25.6531]],[[10.9419,63.4576],[10.8915,63.4577]],[[0.5444,52.4025],[0.5774,52.4163]],[[0.0284,51.3257],[0.038,51.3382]],[[11.1225,60.2012],[11.1078,60.1758]],[[11.0737,60.185],[11.0917,60.2161]],[[11.0592,49.5005],[11.096,49.4969]],[[28.1405,-26.2426],[28.1577,-26.2425]],[[-122.0426,37.4055],[-122.0546,37.4289]],[[28.2481,-26.1647],[28.2573,-26.1352]],[[28.2343,-26.1464],[28.245,-26.1118]],[[28.2247,-25.8441],[28.2201,-25.8141]],[[2.7425,39.5622],[2.7108,39.5471]],[[2.7358,39.5432],[2.7615,39.5553]],[[-87.8994,41.9533],[-87.8798,41.9699]],[[-87.9139,41.9817],[-87.8964,41.9975]],[[4.9476,45.7192],[4.9413,45.7342]],[[77.6541,12.9488],[77.6843,12.9515]],[[96.1448,16.9242],[96.1269,16.8979]],[[3.2515,36.7129],[3.2202,36.6939]],[[3.21,36.6912],[3.1708,36.6921]],[[24.9364,60.3113],[24.979,60.3307]],[[-87.9315,41.969],[-87.8837,41.9691]],[[5.6065,58.8815],[5.643,58.876]],[[24.9883,60.3071],[24.9645,60.3302]],[[24.9439,60.3311],[24.9039,60.313]],[[22.2855,60.5151],[22.2401,60.5131]],[[23.9731,56.9351],[23.9684,56.9064]],[[12.1158,55.5899],[12.1404,55.5831]],[[8.5361,47.4821],[8.5645,47.4613]],[[8.5375,47.4589],[8.5705,47.4566]],[[8.5541,47.4493],[8.5359,47.4757]],[[-114.0213,51.1314],[-114.0214,51.0967]],[[-114.0364,51.1267],[-114.0063,51.1158]],[[23.1382,63.7078],[23.1475,63.7299]],[[12.2158,51.4312],[12.2674,51.4336]],[[-0.6204,52.6282],[-0.5946,52.635]],[[-0.6606,52.7275],[-0.6383,52.7429]],[[-1.3496,52.8306],[-1.3067,52.8314]],[[17.1133,48.3913],[17.1234,48.4128]],[[22.8219,62.6971],[22.8489,62.6842]],[[34.3861,27.9658],[34.4072,27.9861]],[[31.3982,30.0997],[31.4296,30.1233]],[[-1.4869,49.6522],[-1.4537,49.6481]],[[21.7545,63.0621],[21.7688,63.0406]],[[33.6308,28.2123],[33.6602,28.2057]],[[34.575,25.5707],[34.5912,25.5455]],[[120.5579,15.1744],[120.5685,15.2014]],[[-123.4339,48.6508],[-123.4116,48.6465]],[[-123.4354,48.6424],[-123.4209,48.6523]],[[-123.4339,48.6532],[-123.4242,48.6411]],[[120.2596,14.7897],[120.2831,14.7992]],[[31.2963,51.5516],[31.331,51.5455]],[[21.7828,61.4676],[21.8119,61.4576]],[[46.6749,24.971],[46.6957,24.9381]],[[28.0689,36.4003],[28.1035,36.4104]],[[24.8101,59.4133],[24.86,59.4132]],[[-97.2419,49.8951],[-97.235,49.925]],[[53.9628,26.5296],[53.9811,26.5282]],[[53.9626,26.5268],[53.9992,26.524]],[[0.1507,51.7135],[0.1581,51.73]],[[-82.8936,34.6696],[-82.8783,34.6748]],[[9.8432,53.539],[9.8212,53.5286]],[[21.2364,48.6494],[21.2459,48.6766]],[[-17.7554,28.6173],[-17.7558,28.6364]],[[-16.5876,28.0392],[-16.5573,28.0497]],[[-4.8648,41.697],[-4.839,41.716]],[[-6.0217,43.5605],[-6.0476,43.5666]],[[-82.7121,34.5015],[-82.7081,34.4883]],[[-82.7017,34.5],[-82.7159,34.4886]],[[-13.8641,28.4419],[-13.8635,28.4594]],[[130.8653,-12.4094],[130.8944,-12.4192]],[[130.8707,-12.4089],[130.8707,-12.4226]],[[-15.3923,27.9189],[-15.3808,27.9449]],[[-15.3904,27.9182],[-15.3788,27.9442]],[[6.5609,53.1111],[6.5903,53.1249]],[[132.369,-14.5122],[132.3855,-14.5308]],[[9.7111,52.454],[9.6768,52.455]],[[145.7436,-16.8658],[145.7555,-16.8923]],[[-122.293,47.5189],[-122.3114,47.5405]],[[-82.2091,34.9085],[-82.2286,34.8829]],[[130.9667,-25.1781],[130.9866,-25.193]],[[13.5261,52.3774],[13.485,52.3677]],[[-82.3849,34.75],[-82.3712,34.7635]],[[-82.3482,34.8553],[-82.3486,34.8405]],[[-113.5677,53.3333],[-113.5965,53.3087]],[[-113.5956,53.3062],[-113.5626,53.2865]],[[15.3204,-4.3291],[15.3344,-4.3242]],[[15.4271,-4.3969],[15.4622,-4.3743]],[[9.501,47.6672],[9.5227,47.6757]],[[14.4105,48.9464],[14.4404,48.9464]],[[10.7319,53.8078],[10.7042,53.8024]],[[-123.0192,49.0779],[-122.9984,49.0779]],[[0.5336,52.6413],[0.5673,52.6554]],[[0.5557,52.6392],[0.5597,52.6554]],[[0.7507,52.8545],[0.7736,52.8461]],[[0.7571,52.8564],[0.7606,52.8403]],[[0.7497,52.8387],[0.7821,52.8532]],[[-1.0941,51.6231],[-1.0976,51.607]],[[25.3251,0.4907],[25.3509,0.4726]],[[1.3478,52.7466],[1.3675,52.7632]],[[7.2025,43.6467],[7.2284,43.6656]],[[7.2265,43.6682],[7.2048,43.6524]],[[-93.8185,32.4356],[-93.8349,32.4539]],[[-93.8351,32.444],[-93.8154,32.4533]],[[-110.7281,50.0141],[-110.7132,50.0238]],[[-1.1503,52.4838],[-1.1137,52.4989]],[[-3.0427,53.7722],[-3.0145,53.7709]],[[-93.6717,32.5161],[-93.6535,32.4877]],[[32.4711,34.7223],[32.4986,34.7139]],[[144.8929,-37.7314],[144.9146,-37.7308]],[[-114.3787,51.1122],[-114.3787,51.0985]],[[149.1944,-35.3148],[149.1945,-35.2906]],[[149.1988,-35.31],[149.1852,-35.3007]],[[144.8222,-37.6608],[144.8481,-37.6623]],[[5.2137,60.3066],[5.2226,60.2802]],[[-3.0636,53.5756],[-3.0515,53.5879]],[[11.3317,47.2589],[11.357,47.2616]],[[-1.812,51.683],[-1.768,51.684]],[[121.4547,-30.7883],[121.4742,-30.7946]],[[18.3402,57.6544],[18.3522,57.6712]],[[50.6195,26.279],[50.6478,26.2627]],[[-71.9543,-13.5341],[-71.9233,-13.5373]],[[148.97,-36.3091],[148.9752,-36.2905]],[[-71.0156,42.3726],[-70.9916,42.3547]],[[-71.0129,42.3557],[-70.9877,42.3602]],[[-71.0103,42.3541],[-71.0008,42.3738]],[[-71.0055,42.3762],[-71.0143,42.358]],[[9.3617,48.0521],[9.3822,48.0554]],[[24.586,65.793],[24.5789,65.7708]],[[23.6272,61.4194],[23.5816,61.4089]],[[-6.2901,53.4224],[-6.2506,53.4203]],[[-6.262,53.437],[-6.2496,53.4199]],[[-63.5175,44.8937],[-63.4931,44.8816]],[[-63.5273,44.8657],[-63.5048,44.8884]],[[7.5256,47.5951],[7.5099,47.6177]],[[7.5376,47.5912],[7.517,47.588]],[[-99.9987,16.9144],[-99.9781,16.9072]],[[146.7647,-19.2583],[146.7742,-19.2382]],[[8.7302,45.642],[8.7375,45.6158]],[[8.7188,45.6454],[8.7273,45.6144]],[[-89.5366,44.5385],[-89.5252,44.5528]],[[14.556,50.1255],[14.5312,50.1172]],[[8.5332,55.5238],[8.5739,55.5281]],[[-5.6393,42.6009],[-5.6651,42.5821]],[[25.293,54.6446],[25.2785,54.6237]],[[-77.4905,38.9438],[-77.4559,38.9336]],[[8.9699,39.3669],[8.9777,39.3408]],[[8.9677,39.3658],[8.9751,39.3412]],[[131.3332,-13.6145],[131.3452,-13.6286]],[[54.6352,24.4444],[54.6672,24.4217]],[[-118.159,35.068],[-118.1331,35.0466]],[[-118.1661,35.0592],[-118.1425,35.0592]],[[-46.6604,-23.6209],[-46.6512,-23.6343]],[[-2.9004,53.7416],[-2.8665,53.7484]],[[-79.5972,43.6753],[-79.6219,43.6583]],[[-79.6146,43.6708],[-79.6433,43.6928]],[[50.1326,26.2686],[50.1421,26.2367]],[[50.1641,26.2882],[50.1735,26.2568]],[[6.8713,52.2682],[6.9068,52.2834]],[[-122.5839,45.5805],[-122.6215,45.5952]],[[-122.6168,45.5824],[-122.6003,45.5941]],[[-85.5054,42.8807],[-85.5421,42.8766]],[[-85.5145,42.8665],[-85.5192,42.8895]],[[113.8985,22.3111],[113.9324,22.322]],[[113.8994,22.2967],[113.9328,22.3075]],[[17.9238,59.6664],[17.9132,59.6373]],[[17.9587,59.6485],[17.9507,59.6264]],[[17.9361,59.6584],[17.9792,59.6639]],[[5.3099,45.363],[5.3488,45.3629]],[[21.3168,45.8151],[21.359,45.8045]],[[6.9523,43.54],[6.9497,43.5544]],[[26.2936,59.5299],[26.3298,59.5432]],[[7.2493,62.7427],[7.2859,62.7485]],[[17.1549,46.6972],[17.1632,46.6755]],[[13.2139,-8.8768],[13.2384,-8.8539]],[[10.5979,56.3074],[10.6418,56.303]],[[125.6762,39.2622],[125.6757,39.2271]],[[-130.4513,54.2931],[-130.4381,54.2787]],[[21.0818,56.5145],[21.1122,56.5205]],[[9.5908,63.711],[9.616,63.688]],[[23.3456,69.9815],[23.385,69.9733]],[[-87.9177,42.9391],[-87.8899,42.9459]],[[15.5474,58.4036],[15.5156,58.4016]],[[-0.1732,5.5907],[-0.1629,5.6157]],[[-81.9489,34.9228],[-81.9623,34.9105]],[[36.0252,34.5954],[35.997,34.5829]],[[32.8226,23.9492],[32.8173,23.9795]],[[18.4975,-33.8943],[18.4988,-33.9085]],[[10.7663,59.3837],[10.8046,59.3738]],[[11.2731,48.0741],[11.2937,48.0892]],[[174.8075,-41.3186],[174.8064,-41.3349]],[[32.4407,0.0229],[32.4362,0.0556]],[[32.4578,0.0395],[32.4419,0.0496]],[[8.6297,49.9603],[8.6512,49.9613]],[[19.7681,50.0754],[19.8026,50.0802]],[[29.6433,62.6568],[29.5978,62.6646]],[[151.6091,-30.5329],[151.6245,-30.5248]],[[-43.9779,-19.6238],[-43.9552,-19.6484]],[[-43.9058,-19.6596],[-43.889,-19.6639]],[[-4.1839,47.9756],[-4.1566,47.9745]],[[-4.1693,48.5268],[-4.1343,48.5337]],[[-2.7121,47.7286],[-2.725,47.7179]],[[32.5531,15.603],[32.5533,15.576]],[[139.7613,35.549],[139.7771,35.5674]],[[139.7856,35.5366],[139.7691,35.56]],[[-82.2805,29.6905],[-82.2575,29.6862]],[[9.5081,40.8937],[9.5329,40.9067]],[[8.2982,40.6444],[8.2834,40.6198]],[[3.9822,43.5728],[3.9557,43.5861]],[[23.3205,24.1966],[23.3098,24.1604]],[[37.2403,36.1791],[37.2083,36.1822]],[[-46.4822,-23.4375],[-46.4589,-23.4312]],[[-46.4625,-23.4286],[-46.4825,-23.4341]],[[21.2606,-28.413],[21.2561,-28.3913]],[[21.2521,-28.3798],[21.2744,-28.4194]],[[26.8708,-33.5554],[26.8878,-33.5516]],[[-73.8785,40.7823],[-73.8571,40.7721]],[[-73.8707,40.7854],[-73.8841,40.7692]],[[-73.8167,40.6484],[-73.7718,40.628]],[[-73.7633,40.6505],[-73.7856,40.622]],[[-73.7625,40.6452],[-73.7902,40.6578]],[[-73.7703,40.6254],[-73.7549,40.6452]],[[-74.1724,40.6805],[-74.1614,40.6978]],[[-74.1574,40.7013],[-74.1807,40.7028]],[[-74.1645,40.699],[-74.1755,40.6817]],[[27.2682,-32.9034],[27.2905,-32.8909]],[[22.187,-33.6145],[22.191,-33.5995]],[[150.6949,-35.1417],[150.6995,-35.1549]],[[22.3664,-34.0059],[22.388,-34.0052]],[[25.0361,-31.5588],[25.0287,-31.5458]],[[29.9784,-22.3542],[29.9967,-22.3577]],[[8.3292,54.9094],[8.352,54.9171]],[[20.7788,38.9299],[20.7495,38.9207]],[[29.4747,-23.931],[29.494,-23.9211]],[[29.4588,-23.8604],[29.4584,-23.8373]],[[29.4471,-23.8588],[29.4612,-23.8422]],[[30.1249,-1.9661],[30.1529,-1.971]],[[29.987,-26.4979],[29.973,-26.4925]],[[27.8091,62.9949],[27.7876,63.0181]],[[32.5702,-25.9247],[32.5878,-25.8959]],[[32.5664,-25.9211],[32.5834,-25.9202]],[[-68.9675,12.1906],[-68.9444,12.1857]],[[28.9273,61.9491],[28.9629,61.937]],[[27.8778,62.1663],[27.8542,62.1803]],[[174.7708,-37.0163],[174.8058,-37.0067]],[[26.2854,-29.0895],[26.3075,-29.0936]],[[26.3023,-29.105],[26.3024,-29.0876]],[[24.7527,-28.8048],[24.7754,-28.8013]],[[24.7652,-28.8203],[24.7651,-28.7932]],[[23.147,-31.401],[23.1644,-31.4072]],[[-2.2042,57.2106],[-2.1922,57.1943]],[[29.8683,69.7225],[29.9144,69.7286]],[[-117.6664,34.63],[-117.6462,34.63]],[[20.9559,52.1786],[20.9769,52.1546]],[[20.9467,52.1715],[20.9774,52.1629]],[[17.9296,59.3587],[17.9537,59.3501]],[[27.5503,-29.4694],[27.5589,-29.4416]],[[16.2317,58.5861],[16.2696,58.5858]],[[32.7007,25.6586],[32.7122,25.6835]],[[32.9505,24.428],[32.9605,24.4034]],[[31.6044,22.3877],[31.619,22.3642]],[[-1.0399,41.6691],[-1.0083,41.6554]],[[-1.0437,41.6635],[-1.0824,41.6802]],[[73.0811,33.6246],[73.1165,33.6088]],[[71.5135,34.006],[71.5157,33.9814]],[[67.1427,24.9006],[67.1751,24.9088]],[[-99.2665,18.8269],[-99.2546,18.8453]],[[16.5333,48.1228],[16.5756,48.1091]],[[16.5782,48.1197],[16.5913,48.0887]],[[21.0897,55.9628],[21.0979,55.9833]],[[24.0641,54.9629],[24.1054,54.9649]],[[10.0355,52.5925],[10.0088,52.5899]],[[128.1129,-30.8463],[128.1128,-30.8327]],[[150.7707,-33.6015],[150.7938,-33.6074]],[[116.7864,-20.7117],[116.7647,-20.714]],[[118.6216,-20.3741],[118.6378,-20.3907]],[[10.8916,48.0674],[10.9204,48.0736]],[[27.8203,-33.042],[27.8305,-33.0306]],[[27.8119,-33.0372],[27.8325,-33.0348]],[[25.5392,-25.8172],[25.5568,-25.7799]],[[-8.0201,31.6055],[-8.0525,31.6083]],[[23.9209,37.9237],[23.9428,37.9467]],[[23.9455,37.9259],[23.9688,37.9504]],[[24.6343,40.9217],[24.6049,40.9063]],[[20.2737,52.2019],[20.3083,52.1951]],[[20.6337,52.4495],[20.6701,52.4529]],[[-75.4506,40.647],[-75.4307,40.6592]],[[-75.4498,40.6552],[-75.4322,40.6465]],[[-0.5699,52.9593],[-0.5489,52.9674]],[[-0.5085,53.0285],[-0.477,53.031]],[[19.3722,51.7162],[19.4062,51.7236]],[[5.638,58.8708],[5.6373,58.8932]],[[25.6595,62.4079],[25.6975,62.3908]],[[4.4527,51.9619],[4.4306,51.953]],[[13.3234,53.6026],[13.2887,53.6019]],[[26.9821,-5.3919],[26.9971,-5.3957]],[[11.3563,62.5736],[11.3331,62.5847]],[[21.4895,2.1641],[21.5042,2.1774]],[[4.4599,50.9001],[4.4994,50.9115]],[[4.5012,50.911],[4.4916,50.8873]],[[4.482,50.8894],[4.5233,50.8989]],[[8.793,42.5222],[8.7929,42.5412]],[[8.8061,41.9297],[8.795,41.9119]],[[-122.0452,37.4061],[-122.055,37.4252]],[[36.5034,33.4144],[36.5333,33.4366]],[[7.2491,49.9337],[7.273,49.9579]],[[16.8826,58.7868],[16.9298,58.7898]],[[-71.5235,42.7869],[-71.5047,42.778]],[[23.5009,39.171],[23.5069,39.1844]],[[31.0349,52.5228],[30.999,52.5311]],[[30.8816,50.3521],[30.8793,50.3207]],[[116.3875,39.7667],[116.3853,39.7951]],[[46.702,24.9769],[46.7194,24.9495]],[[-17.0267,20.9444],[-17.0328,20.9223]],[[34.8861,31.9963],[34.9002,32.0181]],[[4.7797,52.3161],[4.7773,52.2909]],[[4.7836,52.3004],[4.803,52.314]],[[4.74,52.3314],[4.7377,52.3058]],[[4.7477,52.3167],[4.7969,52.3184]],[[3.3424,43.324],[3.367,43.3227]],[[-75.6451,45.3251],[-75.6713,45.3133]],[[-75.6862,45.327],[-75.6549,45.3108]],[[20.252,44.936],[20.277,44.9234]],[[20.2377,44.9475],[20.2636,44.9345]],[[20.291,44.8265],[20.3232,44.8122]],[[-73.8778,41.6306],[-73.892,41.6219]],[[-73.3002,42.4246],[-73.2809,42.4315]],[[12.9977,47.8031],[13.0098,47.784]],[[-84.0454,41.1027],[-84.0633,41.1023]],[[-87.6007,34.2719],[-87.6002,34.2872]],[[-77.3817,39.4085],[-77.3684,39.4205]],[[-147.642,64.8374],[-147.587,64.8378]],[[23.3795,55.9069],[23.4108,55.8807]],[[-70.0725,41.2469],[-70.0563,41.2592]],[[6.1433,43.0957],[6.1615,43.1064]],[[6.1424,43.1],[6.1554,43.0904]],[[20.2291,-34.5593],[20.2513,-34.5545]],[[20.2695,-34.5772],[20.2503,-34.5542]],[[-84.4781,46.2564],[-84.4639,46.2393]],[[14.4897,58.5091],[14.5246,58.5185]],[[12.7097,58.4182],[12.7128,58.4384]],[[12.7254,58.4266],[12.6947,58.4331]],[[15.2625,56.2569],[15.2682,56.2776]],[[-112.0852,43.5025],[-112.0644,43.5219]],[[5.2004,43.447],[5.2226,43.4314]],[[5.2036,43.4409],[5.2234,43.4265]],[[5.1045,43.6155],[5.1131,43.5987]],[[-74.1306,41.5009],[-74.0883,41.5074]],[[-74.0902,41.497],[-74.1014,41.5112]],[[6.0925,62.5565],[6.1264,62.5639]],[[7.6089,47.8989],[7.6263,47.908]],[[6.2621,48.9908],[6.2358,48.9696]],[[27.084,36.8037],[27.0982,36.7854]],[[25.9147,-2.9093],[25.9161,-2.9292]],[[-97.6393,46.2104],[-97.6448,46.2236]],[[16.224,47.8451],[16.2239,47.8305]],[[16.2156,47.8333],[16.2296,47.843]],[[121.6229,24.0348],[121.6109,24.0125]],[[25.4978,-10.7644],[25.5204,-10.7687]],[[17.4783,-22.4884],[17.4691,-22.4777]],[[17.4496,-22.4898],[17.4893,-22.4714]],[[-94.8676,29.2717],[-94.8556,29.2591]],[[-94.8594,29.257],[-94.8591,29.2735]],[[14.1674,48.2325],[14.2077,48.2339]],[[10.2314,36.8673],[10.2238,36.8391]],[[10.2177,36.8543],[10.2451,36.8451]],[[-79.4422,46.3574],[-79.4063,46.3688]],[[7.8373,48.3811],[7.8181,48.3574]],[[14.1345,53.8816],[14.1683,53.8761]],[[69.2758,34.9599],[69.2645,34.9437]],[[15.3706,49.9475],[15.3933,49.9316]],[[105.8901,21.0491],[105.8823,21.0327]],[[74.9918,46.8874],[75.0173,46.9012]],[[105.8213,21.2146],[105.7864,21.2247]],[[16.6385,59.6012],[16.6292,59.5785]],[[-82.9444,42.2833],[-82.9672,42.2746]],[[26.884,-6.7511],[26.9343,-6.7455]],[[2.3169,48.72],[2.3607,48.7354]],[[15.0538,37.4657],[15.0792,37.4679]],[[18.2876,0.0324],[18.2899,0.0127]],[[18.7806,-5.0407],[18.7907,-5.0309]],[[16.9515,60.6021],[16.9509,60.5842]],[[177.7513,64.7507],[177.7318,64.7192]],[[132.0526,43.3386],[132.0653,43.3583]],[[-22.6055,63.9919],[-22.6055,63.9645]],[[33.6164,1.7224],[33.6294,1.7328]],[[20.2234,49.0744],[20.2588,49.0728]],[[-4.9663,51.8274],[-4.9554,51.8393]],[[-159.3359,21.9638],[-159.3359,21.9817]],[[-158.2047,21.5795],[-158.1899,21.5794]],[[17.9271,-24.612],[17.9234,-24.5943]],[[151.1471,-29.8975],[151.1435,-29.8787]],[[-47.1228,-23.0159],[-47.1471,-22.9985]],[[-49.1623,-25.5288],[-49.1799,-25.5283]],[[-49.1829,-25.5221],[-49.1672,-25.5361]],[[24.4,46.4653],[24.425,46.4702]],[[23.8795,46.5124],[23.8924,46.4923]],[[-159.7866,22.0308],[-159.7835,22.0147]],[[-159.3357,21.9852],[-159.3488,21.9729]],[[-156.047,19.7237],[-156.0443,19.7539]],[[106.804,10.975],[106.8323,10.9759]],[[19.1347,48.6488],[19.1336,48.6273]],[[-177.3926,28.1976],[-177.3701,28.2054]],[[17.0805,-22.6139],[17.0775,-22.5962]],[[24.7573,61.8551],[24.8153,61.857]],[[150.2407,-30.9537],[150.255,-30.9616]],[[149.843,-29.5063],[149.848,-29.4924]],[[63.3305,25.2824],[63.3583,25.298]],[[6.237,48.699],[6.2267,48.6863]],[[55.3468,25.0267],[55.386,25.0271]],[[-77.0387,38.8612],[-77.0368,38.8416]],[[-77.0433,38.8612],[-77.0322,38.8498]],[[-8.6775,41.2339],[-8.6846,41.2607]],[[22.4588,-5.8968],[22.4792,-5.9033]],[[-73.7414,45.4577],[-73.716,45.477]],[[-73.765,45.4611],[-73.7359,45.4833]],[[144.8349,-37.6532],[144.841,-37.6857]],[[21.0558,64.6274],[21.1064,64.6211]],[[1.2332,49.0392],[1.2068,49.0184]],[[20.5303,51.6267],[20.5525,51.6302]],[[150.837,-31.071],[150.8539,-31.0845]],[[152.4739,-32.2058],[152.4884,-32.1989]],[[34.061,28.6946],[34.0642,28.6758]],[[33.1948,28.9056],[33.21,28.8936]],[[2.1694,13.4816],[2.2045,13.4832]],[[147.2139,-9.431],[147.227,-9.452]],[[-122.0656,52.19],[-122.0432,52.1768]],[[-73.7133,41.0756],[-73.7014,41.06]],[[-43.2552,-22.8018],[-43.2176,-22.7922]],[[-43.2627,-22.8131],[-43.2395,-22.8285]],[[145.9369,-30.0449],[145.9537,-30.0373]],[[-47.9275,-15.8636],[-47.8991,-15.8617]],[[-38.3354,-12.9189],[-38.3438,-12.9078]],[[-38.3101,-12.9061],[-38.335,-12.9111]],[[-158.0794,21.2999],[-158.0602,21.3126]],[[-158.0815,21.3105],[-158.066,21.3026]],[[-84.147,9.9577],[-84.1325,9.9566]],[[-84.2217,9.9891],[-84.1956,9.9989]],[[168.3067,-17.6927],[168.3282,-17.7036]],[[-92.0284,32.5184],[-92.0456,32.5039]],[[-92.0416,32.5165],[-92.0285,32.5032]],[[21.2496,46.1774],[21.2745,46.1758]],[[9.7849,54.9689],[9.8032,54.9567]],[[12.2264,41.8155],[12.2404,41.782]],[[122.4383,-28.6111],[122.4211,-28.6167]],[[43.2741,-11.5207],[43.2696,-11.5465]],[[106.6246,8.7348],[106.6405,8.7293]],[[26.0841,44.5766],[26.1278,44.5799]],[[26.0768,44.5646],[26.1205,44.568]],[[-3.4591,47.7563],[-3.431,47.7625]],[[-3.4357,47.7706],[-3.4418,47.7562]],[[21.9047,47.0333],[21.8987,47.0123]],[[18.9236,69.6904],[18.912,69.6729]],[[21.8438,43.3405],[21.8661,43.3333]],[[-51.1611,-29.9408],[-51.1275,-29.9511]],[[-51.1836,-29.9944],[-51.1499,-29.995]],[[126.4402,37.4839],[126.4647,37.4564]],[[126.4364,37.4818],[126.4608,37.4543]],[[-71.7013,45.4423],[-71.6814,45.4346]],[[16.2285,38.907],[16.2588,38.9035]],[[2.1893,48.7741],[2.2139,48.7746]],[[-74.0888,45.6707],[-74.0424,45.6659]],[[-74.0217,45.6704],[-73.9886,45.6937]],[[23.873,44.3179],[23.904,44.3183]],[[22.8894,47.7144],[22.8819,47.6925]],[[23.4497,47.6601],[23.4778,47.657]],[[-6.8052,38.8823],[-6.8374,38.9003]],[[31.7036,28.9886],[31.6937,28.9535]],[[90.407,23.8317],[90.3885,23.855]],[[16.4988,57.3556],[16.4966,57.3421]],[[103.1451,19.4444],[103.1685,19.4516]],[[24.8389,42.0746],[24.863,42.061]],[[22.4447,39.6472],[22.4893,39.6539]],[[26.9059,46.5327],[26.9144,46.5112]],[[172.5222,-43.4976],[172.5483,-43.475]],[[172.5245,-43.4843],[172.5409,-43.4944]],[[-77.543,44.1103],[-77.5165,44.126]],[[26.0857,44.4998],[26.1215,44.5072]],[[28.4864,44.3466],[28.4906,44.3778]],[[30.7947,36.9154],[30.7906,36.8851]],[[22.2404,45.4233],[22.2641,45.4172]],[[21.2672,40.4539],[21.2948,40.4391]],[[16.9198,40.7772],[16.9449,40.7537]],[[16.7406,41.1329],[16.7741,41.1423]],[[25.9416,40.8524],[25.9707,40.8592]],[[28.6594,55.6117],[28.6974,55.6057]],[[21.8353,40.2923],[21.8482,40.2792]],[[2.6118,47.048],[2.6519,47.0635]],[[72.8754,19.0817],[72.8599,19.096]],[[37.8722,55.421],[37.9032,55.3952]],[[37.9083,55.4229],[37.9393,55.397]],[[38.0437,55.6203],[38.0784,55.6134]],[[-117.1653,32.8645],[-117.124,32.8735]],[[-117.1258,32.8712],[-117.1521,32.8654]],[[-8.3858,43.2917],[-8.3719,43.3086]],[[7.5756,49.4359],[7.6169,49.4376]],[[7.5788,49.4326],[7.6226,49.4364]],[[36.3582,40.3014],[36.3753,40.3127]],[[-110.2854,54.3969],[-110.2544,54.4101]],[[-110.3103,54.4168],[-110.2826,54.3947]],[[-110.3047,54.4192],[-110.2697,54.3914]],[[140.3683,35.7744],[140.3907,35.7433]],[[-76.3673,40.7047],[-76.3855,40.7066]],[[5.6684,49.2164],[5.6739,49.2315]],[[16.1279,69.283],[16.1499,69.2958]],[[16.1166,69.3091],[16.1548,69.2858]],[[29.5869,46.8791],[29.5947,46.8575]],[[28.9077,46.9273],[28.9544,46.9283]],[[28.9204,46.9327],[28.951,46.9301]],[[130.142,-13.1435],[130.1451,-13.1617]],[[35.5147,40.8254],[35.5343,40.836]],[[35.5054,40.8245],[35.5318,40.8387]],[[23.3945,42.6978],[23.4412,42.695]],[[15.7211,50.014],[15.756,50.0129]],[[115.3964,-33.6972],[115.4078,-33.6773]],[[10.3132,55.4708],[10.3405,55.4798]],[[43.3227,38.4585],[43.3419,38.478]],[[-79.9187,39.6505],[-79.9163,39.6366]],[[22.4078,37.5391],[22.3989,37.5222]],[[-1.0961,51.6791],[-1.0744,51.67]],[[30.3559,37.8476],[30.3819,37.8652]],[[-70.6931,-33.569],[-70.6836,-33.5547]],[[36.9409,37.5361],[36.9628,37.5408]],[[-124.9013,49.7207],[-124.8721,49.7015]],[[-124.9007,49.7077],[-124.8927,49.7203]],[[-106.9749,44.7562],[-106.9877,44.777]],[[35.268,36.9748],[35.2927,36.9894]],[[35.4123,36.9938],[35.4396,37.0103]],[[12.5889,41.808],[12.601,41.7905]],[[-4.5404,53.2435],[-4.5378,53.2576]],[[-4.5464,53.2538],[-4.5203,53.2405]],[[-115.7963,60.8472],[-115.7821,60.8323]],[[-4.1303,52.8152],[-4.1243,52.795]],[[14.4601,35.8475],[14.4815,35.8599]],[[27.7285,44.4048],[27.7251,44.3798]],[[3.0855,50.5601],[3.0912,50.5738]],[[41.6422,38.7535],[41.6787,38.7395]],[[43.0202,39.6715],[43.0295,39.6455]],[[41.1479,39.9568],[41.1923,39.958]],[[41.1479,39.9551],[41.1926,39.9563]],[[13.3738,55.5481],[13.3789,55.5231]],[[22.7604,39.4759],[22.7766,39.483]],[[40.2071,37.8787],[40.1945,37.9104]],[[40.2047,37.8781],[40.1927,37.9085]],[[-123.1604,49.1847],[-123.2049,49.1898]],[[38.4583,37.724],[38.4797,37.7387]],[[79.893,7.1932],[79.8818,7.1786]],[[26.9203,60.8945],[26.9564,60.8983]],[[28.1231,61.0401],[28.1667,61.0492]],[[-123.2011,49.2052],[-123.1631,49.2009]],[[29.6869,37.7787],[29.7159,37.7925]],[[14.3786,50.2196],[14.4125,50.2138]],[[170.1308,-43.76],[170.1386,-43.7723]],[[27.8232,38.8195],[27.84,38.8045]],[[27.8218,38.8187],[27.8387,38.8036]],[[27.9779,40.3269],[27.9775,40.3111]],[[30.5855,38.739],[30.6195,38.7136]],[[14.7261,47.2006],[14.758,47.2042]],[[-77.9758,35.0067],[-77.9877,34.9933]],[[121.3355,31.2131],[121.3371,31.1826]],[[117.8037,-34.9403],[117.8176,-34.9517]],[[149.6507,-33.4008],[149.6519,-33.4161]],[[144.4694,-38.0273],[144.4648,-38.0544]],[[-86.1797,12.1429],[-86.1572,12.1403]],[[18.8262,45.4585],[18.7964,45.4663]],[[32.0897,41.5145],[32.0873,41.4955]],[[27.9253,39.6059],[27.9266,39.6326]],[[-119.8547,34.4275],[-119.8346,34.4279]],[[45.0587,37.6559],[45.0783,37.6799]],[[46.2178,38.1429],[46.2487,38.1232]],[[-1.7345,51.1619],[-1.7686,51.1441]],[[41.1087,42.8674],[41.1477,42.8491]],[[44.7685,41.4595],[44.7982,41.459]],[[45.9452,40.8921],[45.9727,40.8843]],[[45.4106,41.1259],[45.4346,41.1206]],[[44.9267,41.6578],[44.941,41.6451]],[[44.9399,41.6781],[44.9648,41.6583]],[[45.0218,41.6369],[45.0406,41.6184]],[[-94.0693,45.5539],[-94.0504,45.5402]],[[-112.8154,49.6238],[-112.7896,49.6299]],[[-112.799,49.6366],[-112.7841,49.625]],[[139.3454,35.7634],[139.3516,35.7336]],[[27.383,68.5997],[27.4278,68.6149]],[[-89.1245,13.7086],[-89.1153,13.6905]],[[-89.1233,13.692],[-89.109,13.6924]],[[-93.173,38.7018],[-93.1724,38.7168]],[[100.596,13.8971],[100.6124,13.9264]],[[100.6171,13.9273],[100.6016,13.8997]],[[132.6889,33.8349],[132.7104,33.8196]],[[22.9675,40.5303],[22.9743,40.5092]],[[22.9476,40.5242],[22.9869,40.5167]],[[16.9041,58.8014],[16.9151,58.7839]],[[-6.22,54.6425],[-6.2286,54.6578]],[[-6.1962,54.6628],[-6.2352,54.6523]],[[85.2189,56.3902],[85.1968,56.3715]],[[8.6032,51.6087],[8.6295,51.6194]],[[2.0947,41.3093],[2.0849,41.2878]],[[-2.668,52.8018],[-2.6679,52.7854]],[[8.3858,46.9707],[8.4081,46.978]],[[-79.9472,43.1793],[-79.9186,43.1728]],[[16.1116,49.173],[16.1371,49.1594]],[[-16.7837,32.6899],[-16.7713,32.7006]],[[-75.7315,41.3288],[-75.7168,41.346]],[[90.3863,23.7666],[90.3791,23.7903]],[[13.9686,58.4489],[13.9767,58.4639]],[[-48.4853,-1.3883],[-48.467,-1.3702]],[[-48.4772,-1.3905],[-48.4757,-1.374]],[[-35.2395,-5.9117],[-35.2558,-5.9091]],[[-35.2367,-5.9201],[-35.2516,-5.9018]],[[-80.9532,35.2274],[-80.9508,35.2]],[[-1.3146,51.6803],[-1.3174,51.6948]],[[-104.6966,39.8519],[-104.6961,39.8958]],[[-104.6872,39.8641],[-104.6868,39.897]],[[-104.6417,39.832],[-104.6413,39.8649]],[[-104.6606,39.8283],[-104.6602,39.8613]],[[-104.6622,39.8776],[-104.6195,39.8772]],[[-104.684,39.8407],[-104.7267,39.8409]],[[58.267,23.5917],[58.3073,23.5949]],[[-77.436,38.9553],[-77.4365,38.9238]],[[-77.4593,38.9706],[-77.4598,38.9391]],[[-0.7939,51.2699],[-0.7611,51.2809]],[[-0.9557,51.2346],[-0.9296,51.2338]],[[143.8705,-39.8734],[143.8873,-39.8794]],[[-97.6487,26.2338],[-97.6489,26.2182]],[[-97.6589,26.2145],[-97.6586,26.2404]],[[14.3341,67.2666],[14.3974,67.2719]],[[139.0943,37.9569],[139.124,37.9558]],[[-61.0183,14.5885],[-60.9931,14.5928]],[[121.7319,17.6523],[121.7344,17.6348]],[[-81.3479,19.2951],[-81.37,19.2898]],[[-81.0589,34.9804],[-81.0554,34.9952]],[[-1.5347,43.4683],[-1.5094,43.4685]],[[-80.3015,25.8029],[-80.2754,25.804]],[[-80.2696,25.802],[-80.3014,25.8007]],[[-80.3023,25.7993],[-80.28,25.7879]],[[-80.2761,25.7877],[-80.3107,25.7863]],[[18.1523,-32.9681],[18.1639,-32.9587]],[[18.1545,-32.9663],[18.1685,-32.9787]],[[18.162,-32.9792],[18.1625,-32.9599]],[[18.1666,-32.9588],[18.1661,-32.9793]],[[74.8311,42.8584],[74.8609,42.8484]],[[75.3183,42.8302],[75.3546,42.8271]],[[72.7127,42.9723],[72.7432,42.973]],[[71.2876,42.8659],[71.3167,42.8429]],[[27.4639,-21.1586],[27.4849,-21.1611]],[[-2.9876,53.1713],[-2.9677,53.185]],[[26.3497,47.6971],[26.3576,47.6795]],[[14.5168,60.9502],[14.506,60.9656]],[[57.1896,50.2564],[57.2212,50.236]],[[63.5399,53.2202],[63.5564,53.1969]],[[77.0175,43.3413],[77.0623,43.3634]],[[-122.3581,37.6139],[-122.3934,37.6287]],[[21.6275,47.4964],[21.6031,47.4814]],[[-77.476,25.0521],[-77.4516,25.0302]],[[-77.4819,25.036],[-77.4556,25.0361]],[[-18.074,65.6673],[-18.0699,65.6458]],[[80.2122,50.3503],[80.2554,50.3533]],[[14.2815,40.8817],[14.3021,40.8914]],[[80.4432,47.9098],[80.4613,47.9286]],[[-17.4295,65.9455],[-17.4224,65.9595]],[[81.289,49.2254],[81.318,49.2372]],[[81.3034,49.2273],[81.3302,49.2135]],[[80.1844,12.996],[80.1529,12.9841]],[[80.815,46.1922],[80.847,46.1892]],[[19.9014,-33.8121],[19.9186,-33.8097]],[[81.6554,47.089],[81.6817,47.0949]],[[-115.8003,37.2482],[-115.7843,37.2179]],[[-70.7852,-33.4049],[-70.7867,-33.3761]],[[79.4665,43.7083],[79.4865,43.7318]],[[14.6312,-22.9842],[14.6631,-22.9746]],[[25.9054,-24.5617],[25.9402,-24.5445]],[[106.7536,47.8528],[106.7813,47.8321]],[[-44.2435,-2.5971],[-44.2296,-2.5799]],[[-44.2297,-2.584],[-44.2425,-2.5887]],[[-35.8038,-9.5085],[-35.7795,-9.5131]],[[-34.919,-8.1391],[-34.9273,-8.1139]],[[78.4497,45.1326],[78.4358,45.1126]],[[29.6772,-23.16],[29.7162,-23.1599]],[[50.2006,40.3965],[50.2003,40.4188]],[[125.6568,7.135],[125.6348,7.1161]],[[74.4521,43.058],[74.5029,43.0645]],[[57.672,-20.4246],[57.698,-20.4371]],[[5.7378,53.2192],[5.7673,53.2314]],[[140.8981,38.1387],[140.9334,38.1423]],[[141.3504,40.7044],[141.3863,40.702]],[[116.6001,40.0555],[116.5948,40.0895]],[[15.9066,-19.3322],[15.9224,-19.3254]],[[32.6643,39.9591],[32.7008,39.9469]],[[18.115,-19.6051],[18.148,-19.5923]],[[23.0935,59.8544],[23.0775,59.8424]],[[-0.6999,44.8254],[-0.7292,44.8316]],[[64.4854,39.7886],[64.4792,39.762]],[[72.2818,40.7189],[72.3051,40.7363]],[[67.2919,37.2838],[67.3244,37.2912]],[[-72.3071,18.5793],[-72.2781,18.5808]],[[58.3735,37.9732],[58.3358,37.99]],[[58.3431,38.0003],[58.3808,37.9835]],[[37.387,55.9698],[37.4419,55.978]],[[37.4437,55.9757],[37.3866,55.9672]],[[1.3873,38.8787],[1.3589,38.867]],[[12.2755,41.8125],[12.2616,41.8459]],[[27.57,53.7862],[27.5848,53.7607]],[[-76.799,17.9401],[-76.7757,17.9311]],[[-70.0032,12.4985],[-70.0275,12.5043]],[[-63.1188,18.0395],[-63.0982,18.0425]],[[29.1817,53.0999],[29.2258,53.1034]],[[-58.6725,-34.5264],[-58.6715,-34.5423]],[[-67.4834,-45.7876],[-67.4479,-45.7829]],[[10.2583,59.1989],[10.2589,59.1737]],[[-3.4605,40.4849],[-3.4312,40.5086]],[[98.9628,18.753],[98.9629,18.781]],[[141.6928,42.7616],[141.6881,42.7884]],[[141.6719,42.7753],[141.6672,42.8021]],[[141.6917,42.7888],[141.6964,42.762]],[[11.9283,48.3196],[11.9509,48.3227]],[[79.4451,57.6069],[79.4566,57.6237]],[[-93.2011,44.8735],[-93.2341,44.8878]],[[-93.194,44.8813],[-93.221,44.8929]],[[65.7772,38.7913],[65.7686,38.8145]],[[65.9077,38.8311],[65.9354,38.8362]],[[64.2334,41.622],[64.2326,41.6057]],[[71.7437,40.3454],[71.7457,40.3714]],[[60.6315,41.5932],[60.655,41.5725]],[[59.5219,42.3567],[59.5011,42.374]],[[59.6149,42.5015],[59.6306,42.477]],[[-0.4697,39.4848],[-0.5001,39.4964]],[[-78.0942,40.8779],[-78.0806,40.8867]],[[-78.0915,40.8933],[-78.0832,40.8792]],[[-72.6966,41.932],[-72.6722,41.9507]],[[-72.6933,41.9424],[-72.6753,41.9293]],[[21.2877,37.9342],[21.2972,37.907]],[[32.0051,54.8239],[32.0436,54.8252]],[[4.7088,52.3286],[4.7117,52.3603]],[[16.8061,52.425],[16.841,52.4182]],[[-58.6406,-34.6686],[-58.6464,-34.6888]],[[32.3093,56.6332],[32.3183,56.6552]],[[29.2932,40.8926],[29.3252,40.9044]],[[-70.0678,-22.1353],[-70.0573,-22.1463]],[[-70.1805,-20.5201],[-70.1822,-20.5504]],[[37.9193,36.0994],[37.9532,36.0944]],[[73.932,18.5815],[73.9049,18.5832]],[[-1.6061,51.7457],[-1.5598,51.7542]],[[43.552,33.3801],[43.5742,33.3697]],[[43.153,36.2947],[43.1417,36.3168]],[[6.9492,51.4057],[6.9288,51.4002]],[[92.4658,56.1794],[92.5205,56.1664]],[[-14.406,-7.9634],[-14.3813,-7.9757]],[[18.0932,49.6853],[18.1284,49.7071]],[[-61.5442,16.2676],[-61.5207,16.2633]],[[55.6588,29.5617],[55.6874,29.5395]],[[52.569,29.5451],[52.6092,29.5292]],[[52.6111,29.5329],[52.5704,29.5491]],[[53.7167,28.8988],[53.7297,28.8856]],[[60.9073,29.4589],[60.9022,29.4946]],[[-72.2821,21.7744],[-72.2552,21.7731]],[[9.0714,52.277],[9.0953,52.2802]],[[139.7752,38.8106],[139.7992,38.8141]],[[9.4271,52.4451],[9.4383,52.4587]],[[9.4163,52.4563],[9.4457,52.459]],[[101.7221,2.7483],[101.7019,2.7785]],[[101.698,2.7433],[101.7181,2.7133]],[[30.3162,54.4465],[30.276,54.4332]],[[-71.4063,46.7824],[-71.3811,46.8]],[[-64.7315,-3.3747],[-64.7175,-3.3903]],[[-69.5773,-1.3324],[-69.5844,-1.3191]],[[-0.3266,45.6471],[-0.3028,45.6613]],[[-71.4029,46.7891],[-71.3803,46.787]],[[4.9404,51.39],[4.98,51.3998]],[[8.7536,63.6978],[8.7745,63.7082]],[[131.0287,33.6816],[131.0529,33.689]],[[131.0373,33.8345],[131.0328,33.8568]],[[103.985,1.3288],[103.999,1.3619]],[[103.9915,1.3822],[103.9775,1.349]],[[115.242,5.3127],[115.256,5.2922]],[[113.982,4.3114],[113.9924,4.3338]],[[102.248,2.2572],[102.2576,2.2738]],[[103.6757,1.6233],[103.664,1.6555]],[[99.7189,6.3156],[99.7383,6.344]],[[100.3905,5.4549],[100.3919,5.4769]],[[11.1949,48.7111],[11.2286,48.7109]],[[2.7583,41.8949],[2.7656,41.9143]],[[7.8083,63.1093],[7.8504,63.1157]],[[77.5592,34.1398],[77.5308,34.1316]],[[-72.0383,-36.5881],[-72.0244,-36.5769]],[[23.0529,63.115],[23.05,63.1391]],[[22.5096,58.2231],[22.5093,58.241]],[[-68.1705,-38.9489],[-68.1409,-38.949]],[[0.6817,51.5652],[0.7049,51.5757]],[[-66.9136,-28.7869],[-66.9153,-28.8021]],[[14.5659,-22.6643],[14.5766,-22.6546]],[[28.1447,-25.9944],[28.1364,-25.9797]],[[130.4432,33.5968],[130.4581,33.5751]],[[28.6252,49.2342],[28.6024,49.2509]],[[-68.3045,-54.8157],[-68.3041,-54.8298]],[[-104.8537,39.579],[-104.8528,39.5598]],[[17.7255,-19.26],[17.7395,-19.2642]],[[1.4212,52.1234],[1.4495,52.131]],[[68.6577,38.5107],[68.6883,38.5137]],[[18.3795,9.1514],[18.37,9.1382]],[[-122.3593,37.6121],[-122.3931,37.6263]],[[51.0749,43.8675],[51.1068,43.8527]],[[52.9399,43.341],[52.9277,43.3513]],[[30.8589,-20.0546],[30.864,-20.0695]],[[9.8992,48.2205],[9.9212,48.2197]],[[29.8748,-19.4426],[29.8482,-19.4303]],[[29.8745,-19.4437],[29.8478,-19.4314]],[[-98.3721,19.1744],[-98.371,19.1419]],[[94.9305,21.1907],[94.9303,21.1673]],[[96.7921,20.7587],[96.792,20.7354]],[[-136.1979,62.1142],[-136.1654,62.1074]],[[28.1635,-25.8187],[28.1651,-25.8044]],[[28.1612,-25.8152],[28.1758,-25.8035]],[[-104.6824,50.4291],[-104.6558,50.4291]],[[-104.6724,50.4402],[-104.6497,50.4241]],[[-71.4712,-32.9448],[-71.486,-32.9544]],[[58.1887,38.0224],[58.2017,38.0017]],[[46.2489,48.3178],[46.3014,48.3093]],[[46.1882,48.3137],[46.2156,48.3005]],[[39.6217,47.2721],[39.6504,47.2832]],[[14.063,57.7482],[14.0745,57.767]],[[34.3795,55.1404],[34.3867,55.1578]],[[15.5302,41.4413],[15.5385,41.427]],[[-122.2259,37.7287],[-122.206,37.7223]],[[-122.2222,37.7305],[-122.2048,37.7249]],[[16.0667,8.6178],[16.0823,8.64]],[[16.831,8.6945],[16.8375,8.7065]],[[-89.3338,48.3701],[-89.3054,48.3768]],[[-89.3381,48.3748],[-89.3195,48.3672]],[[98.3033,8.1119],[98.3304,8.1145]],[[76.1175,41.44],[76.1423,41.4434]],[[-64.278,-36.5983],[-64.273,-36.578]],[[-43.3868,-21.7983],[-43.3854,-21.7845]],[[61.8963,37.6075],[61.8952,37.6417]],[[-72.7188,42.1453],[-72.713,42.1696]],[[101.6754,56.3766],[101.7216,56.3647]],[[39.3767,48.5334],[39.4054,48.5313]],[[21.4268,38.1669],[21.4246,38.1359]],[[25.9734,48.2683],[25.9868,48.2506]],[[1.3824,52.0876],[1.4281,52.0919]],[[-1.6422,42.7644],[-1.6532,42.7795]],[[-89.581,42.6116],[-89.5967,42.6188]],[[13.0707,11.8454],[13.0919,11.8652]],[[13.9408,44.8939],[13.9035,44.8931]],[[17.9828,48.8576],[18.0013,48.8708]],[[8.5059,12.0412],[8.5338,12.0564]],[[7.6491,12.9962],[7.6721,13.0187]],[[28.0273,-5.9523],[28.0436,-5.9501]],[[38.1578,-6.7068],[38.1503,-6.727]],[[36.6178,-3.3663],[36.6347,-3.367]],[[-95.5879,30.7401],[-95.5863,30.7537]],[[35.4694,-3.2207],[35.4836,-3.2222]],[[-3.7113,40.3035],[-3.737,40.2839]],[[125.6644,39.2204],[125.676,39.1908]],[[5.9491,48.573],[5.9599,48.5933]],[[10.8514,48.1736],[10.871,48.1973]],[[-122.5071,37.5185],[-122.4953,37.5084]],[[9.4883,42.5418],[9.4792,42.5636]],[[12.8182,56.681],[12.8222,56.7012]],[[-60.7877,-32.9168],[-60.7816,-32.8902]],[[-122.3078,47.4638],[-122.3081,47.4312]],[[-3.7946,40.3712],[-3.7757,40.3702]],[[-84.6467,39.0559],[-84.6468,39.0284]],[[-84.6687,39.0346],[-84.6686,39.0647]],[[-90.1871,44.6316],[-90.194,44.6442]],[[-89.2761,45.927],[-89.262,45.9367]],[[-19.5768,65.7418],[-19.5695,65.723]],[[-77.6721,43.1255],[-77.6876,43.107]],[[138.0746,9.4963],[138.0904,9.5015]],[[28.3051,-26.2462],[28.2986,-26.231]],[[166.6234,19.2851],[166.6506,19.2797]],[[-94.5901,39.133],[-94.5954,39.1147]],[[-94.5985,39.1163],[-94.5875,39.1272]],[[8.3404,50.0527],[8.3104,50.0469]],[[26.6581,55.9358],[26.6711,55.9523]],[[-2.3856,36.8401],[-2.353,36.8481]],[[13.1925,56.0885],[13.222,56.0815]],[[-118.1382,33.8069],[-118.1615,33.8262]],[[-70.1397,-15.474],[-70.176,-15.4597]],[[-113.8393,53.6714],[-113.862,53.6738]],[[-76.2297,-13.7558],[-76.2117,-13.7345]],[[-3.0167,16.7269],[-2.9984,16.734]],[[-89.0333,42.6256],[-89.0498,42.6118]],[[-89.0551,42.6281],[-89.0355,42.6143]],[[-89.3287,43.1506],[-89.341,43.1344]],[[-89.3403,43.147],[-89.3265,43.1363]],[[-75.7572,-14.0411],[-75.7635,-14.0291]],[[-90.274,43.939],[-90.2323,43.9395]],[[-91.4484,46.0196],[-91.4401,46.0321]],[[1.1588,41.145],[1.1831,41.152]],[[-5.509,40.942],[-5.4951,40.962]],[[-48.222,-18.8747],[-48.2297,-18.8921]],[[-8.4858,51.8323],[-8.4964,51.8503]],[[-8.6239,42.2425],[-8.6296,42.2214]],[[2.5001,27.2423],[2.5235,27.2593]],[[2.8616,30.5707],[2.8614,30.6017]],[[14.5349,51.1964],[14.5046,51.1906]],[[35.9757,33.8419],[35.9988,33.8607]],[[34.3827,27.9686],[34.3959,27.9813]],[[5.8797,45.645],[5.8809,45.6302]],[[38.7744,-10.353],[38.7863,-10.3639]],[[-92.4823,34.584],[-92.4766,34.5968]],[[40.1823,-10.3315],[40.1807,-10.3541]],[[177.4476,-17.7499],[177.4288,-17.7732]],[[177.4555,-17.7578],[177.4361,-17.7531]],[[-85.731,38.1864],[-85.724,38.1658]],[[-85.748,38.1847],[-85.7393,38.1582]],[[-85.7238,38.1731],[-85.7474,38.1802]],[[103.9162,1.3762],[103.9028,1.3447]],[[72.7782,40.6172],[72.8102,40.5997]],[[36.8695,-17.8638],[36.8679,-17.8477]],[[110.3811,-6.9773],[110.3634,-6.9623]],[[3.7952,32.384],[3.8235,32.3689]],[[-59.9764,-3.1435],[-59.9965,-3.1486]],[[-77.1002,20.2852],[-77.0723,20.2927]],[[-70.2718,-18.0425],[-70.2798,-18.0639]],[[-49.2114,-16.6374],[-49.2312,-16.6263]],[[-81.1639,43.038],[-81.1408,43.0413]],[[-81.1601,43.0423],[-81.1451,43.0298]],[[-92.2181,34.7382],[-92.2381,34.7225]],[[-92.2381,34.7397],[-92.2386,34.7228]],[[-92.2212,34.7194],[-92.2013,34.735]],[[-94.209,34.5555],[-94.2071,34.5418]],[[-94.2081,34.543],[-94.1882,34.5424]],[[59.6244,36.2467],[59.6493,36.2275]],[[59.6572,36.224],[59.6265,36.2477]],[[-121.1062,37.4227],[-121.111,37.401]],[[-121.1198,37.4178],[-121.1047,37.4028]],[[-71.8643,42.266],[-71.8929,42.2674]],[[-71.8662,42.2627],[-71.8787,42.2729]],[[-2.8774,56.3734],[-2.8404,56.3764]],[[77.061,52.187],[77.0857,52.2036]],[[-66.9805,10.6048],[-67.0126,10.6038]],[[-66.9713,10.6052],[-66.9969,10.5989]],[[-116.7927,34.852],[-116.7795,34.861]],[[-116.7978,34.8515],[-116.7766,34.8515]],[[-84.599,38.0421],[-84.6151,38.0277]],[[-92.2453,34.8364],[-92.259,34.8286]],[[5.1617,23.8229],[5.1643,23.8008]],[[12.8112,26.5689],[12.8356,26.5662]],[[10.1416,25.1515],[10.1469,25.1194]],[[10.1382,25.1434],[10.1566,25.1527]],[[14.4513,27.0045],[14.4781,26.9825]],[[14.6437,27.2503],[14.6691,27.2297]],[[14.8947,31.7151],[14.9286,31.6952]],[[15.0508,32.338],[15.073,32.3104]],[[13.1289,32.6632],[13.1564,32.6636]],[[23.4106,68.3553],[23.4382,68.37]],[[-70.8754,-53.0011],[-70.8338,-53.0006]],[[0.2065,45.7305],[0.2302,45.7285]],[[4.8575,44.1511],[4.8797,44.129]],[[178.552,-18.0409],[178.5712,-18.0473]],[[-94.4076,34.0462],[-94.3912,34.0478]],[[-94.0014,33.4463],[-93.9861,33.4591]],[[-93.9816,33.45],[-93.9937,33.4601]],[[100.0635,9.5383],[100.0616,9.5572]],[[-90.3396,38.7386],[-90.3663,38.7518]],[[-90.3465,38.7378],[-90.3792,38.7539]],[[-90.3812,38.7467],[-90.3575,38.7562]],[[-90.4099,38.76],[-90.3832,38.7468]],[[16.2923,56.6805],[16.2767,56.6968]],[[25.3316,50.785],[25.3643,50.7938]],[[16.8655,51.1089],[16.8982,51.0989]],[[-74.1419,4.6898],[-74.1691,4.7105]],[[-74.152,4.7133],[-74.1248,4.6927]],[[35.7537,-7.6615],[35.7505,-7.6759]],[[31.3236,-8.8532],[31.3452,-8.8627]],[[5.4133,31.9315],[5.4046,31.9057]],[[5.4168,31.9297],[5.4166,31.9022]],[[6.1415,31.6864],[6.1392,31.6594]],[[6.7612,33.5279],[6.7876,33.5095]],[[6.7756,33.4948],[6.7827,33.513]],[[5.7244,34.8028],[5.7505,34.785]],[[-149.0874,61.5876],[-149.0875,61.6026]],[[-150.0146,61.1997],[-149.9992,61.1723]],[[-150.043,61.1678],[-149.9727,61.1679]],[[-150.0084,61.1698],[-149.9483,61.1698]],[[2.9209,33.7813],[2.9378,33.7481]],[[100.2403,26.6641],[100.2491,26.69]],[[98.5217,24.3917],[98.54,24.4086]],[[99.1652,25.042],[99.1701,25.0626]],[[100.3213,25.6385],[100.3162,25.6615]],[[100.7584,21.9848],[100.7661,21.9644]],[[99.6842,27.777],[99.6717,27.8075]],[[103.7652,27.3365],[103.7479,27.319]],[[125.5164,-8.5484],[125.5328,-8.5446]],[[17.6888,22.6612],[17.7042,22.6291]],[[100.0294,23.7296],[100.0196,23.7486]],[[103.3428,23.3863],[103.326,23.4026]],[[100.9604,22.7825],[100.9582,22.8049]],[[103.8176,23.7239],[103.8334,23.7079]],[[5.7393,19.5592],[5.7599,19.5618]],[[120.8935,14.4911],[120.9141,14.4994]],[[51.5594,25.2739],[51.5736,25.2419]],[[36.2735,49.9254],[36.3081,49.9283]],[[-76.6532,39.1762],[-76.6635,39.1874]],[[-76.6877,39.1746],[-76.6552,39.1728]],[[-76.6814,39.1847],[-76.6634,39.1653]],[[11.08,42.7725],[11.0613,42.7494]],[[-64.6629,46.1078],[-64.6943,46.1068]],[[23.9602,55.3031],[23.9523,55.3203]],[[-86.891,21.0453],[-86.863,21.0278]],[[13.9544,31.7468],[13.9526,31.7197]],[[-121.8294,37.6939],[-121.8112,37.6938]],[[-7.1755,55.0403],[-7.1472,55.0452]],[[-119.7441,39.1944],[-119.7211,39.1902]],[[-94.8876,36.9007],[-94.8875,36.9161]],[[4.3258,51.4452],[4.3584,51.4528]],[[4.3567,51.4545],[4.3282,51.4478]],[[-38.5454,-3.7729],[-38.5205,-3.7796]],[[21.9841,6.5352],[21.9936,6.5216]],[[128.3927,41.8998],[128.4268,41.9145]],[[36.639,49.8496],[36.6433,49.827]],[[-122.2949,40.5203],[-122.2949,40.5011]],[[-122.2972,40.5119],[-122.2855,40.5013]],[[-78.6808,26.566],[-78.7103,26.5513]],[[-121.4006,38.6597],[-121.4006,38.6822]],[[-121.8553,36.5907],[-121.8339,36.5835]],[[34.764,29.5741],[34.7923,29.6017]],[[-84.448,33.6318],[-84.4184,33.6318]],[[-84.448,33.6347],[-84.4089,33.6347]],[[-84.4095,33.6495],[-84.439,33.6495]],[[-84.4055,33.6468],[-84.4384,33.6468]],[[-84.4478,33.6203],[-84.4183,33.6203]],[[-84.5301,33.7787],[-84.5114,33.7815]],[[35.976,31.9663],[36.0071,31.9792]],[[50.0417,40.4552],[50.0303,40.4917]],[[50.0633,40.4568],[50.0628,40.486]],[[-89.0823,30.4149],[-89.0621,30.3975]],[[-89.0663,30.4024],[-89.0663,30.416]],[[25.8508,66.5755],[25.81,66.5541]],[[120.4364,31.5109],[120.4248,31.4838]],[[50.811,35.7862],[50.843,35.7658]],[[33.5539,44.6868],[33.5949,44.697]],[[28.7117,45.0716],[28.7174,45.0535]],[[6.6107,36.288],[6.6226,36.2628]],[[174.621,-36.7961],[174.6391,-36.7851]],[[174.6235,-36.7838],[174.641,-36.7857]],[[31.3803,30.1197],[31.4062,30.1391]],[[-87.0867,45.7184],[-87.0864,45.7321]],[[-87.1119,45.7208],[-87.0867,45.7205]],[[120.4511,30.2369],[120.4178,30.2221]],[[12.4758,37.9188],[12.4979,37.9053]],[[12.4774,37.9204],[12.4993,37.907]],[[31.3597,30.085],[31.36,30.102]],[[27.0116,38.4975],[27.0084,38.529]],[[131.2657,25.8535],[131.2613,25.8395]],[[-69.2294,-12.632],[-69.2281,-12.5973]],[[-73.0943,-41.4507],[-73.0935,-41.4271]],[[-73.426,45.5128],[-73.4069,45.5253]],[[-118.8502,37.6272],[-118.8273,37.6209]],[[9.2439,55.2246],[9.2895,55.2174]],[[-84.4388,38.2276],[-84.4306,38.2412]],[[-88.7779,37.0662],[-88.7659,37.055]],[[-88.7815,37.0535],[-88.7661,37.0664]],[[33.8982,-9.9588],[33.8879,-9.9477]],[[36.8715,-1.2713],[36.853,-1.2832]],[[-71.0233,42.3566],[-71.0083,42.3486]],[[31.0217,29.2136],[31.0163,29.1822]],[[15.7822,52.1337],[15.8148,52.1433]],[[36.5543,33.0621],[36.5884,33.07]],[[-91.4821,44.8585],[-91.4948,44.8688]],[[-91.4916,44.8601],[-91.4706,44.875]],[[50.1376,26.2627],[50.1654,26.2744]],[[36.7695,31.8438],[36.7982,31.8226]],[[36.4959,33.3849],[36.5254,33.4067]],[[36.131,30.3503],[36.1641,30.337]],[[63.2225,46.0444],[63.2758,46.0605]],[[-90.2723,-0.445],[-90.2595,-0.4625]],[[-121.2515,37.9027],[-121.2213,37.8843]],[[-80.2519,40.4867],[-80.2106,40.4857]],[[-80.2048,40.4799],[-80.2248,40.496]],[[-80.2092,40.4889],[-80.2479,40.4899]],[[70.1825,48.392],[70.2006,48.4029]],[[150.4704,-23.3687],[150.4801,-23.3907]],[[68.862,37.8779],[68.8667,37.8568]],[[74.078,35.4286],[74.0944,35.4257]],[[-121.8569,38.5875],[-121.857,38.5712]],[[-88.5317,30.4714],[-88.5268,30.4542]],[[74.325,35.9164],[74.3422,35.9211]],[[-73.0563,-36.7608],[-73.0686,-36.782]],[[79.8464,37.0436],[79.8812,37.0333]],[[13.7606,54.1665],[13.7871,54.1503]],[[31.8987,53.7376],[31.9353,53.732]],[[15.436,47.0043],[15.4433,46.9778]],[[30.9059,30.1189],[30.9362,30.1112]],[[30.9109,30.1323],[30.9186,30.1063]],[[20.8812,37.7591],[20.8872,37.7432]],[[10.1657,52.9189],[10.202,52.9198]],[[36.6332,55.6046],[36.6638,55.6191]],[[-89.6603,20.9377],[-89.6306,20.93]],[[-89.6576,20.9406],[-89.658,20.9199]],[[87.4527,43.9025],[87.4957,43.9117]],[[-48.658,-26.8837],[-48.6439,-26.8751]],[[81.3174,43.9509],[81.3437,43.9613]],[[76.0015,39.5415],[76.0385,39.5435]],[[26.0309,53.0851],[26.0619,53.1043]],[[74.76,33.999],[74.7821,33.98]],[[34.5266,-14.2161],[34.5412,-14.2161]],[[111.2157,40.7361],[111.2439,40.7379]],[[109.9856,40.5672],[110.0113,40.5515]],[[42.4672,42.1749],[42.4976,42.1787]],[[-120.9433,37.6207],[-120.9601,37.6297]],[[-88.9296,30.4042],[-88.9192,30.4167]],[[-116.4786,53.579],[-116.4515,53.5789]],[[36.5921,55.2388],[36.6241,55.2192]],[[-54.4884,-25.7311],[-54.4585,-25.7435]],[[24.8696,52.5629],[24.8929,52.5512]],[[-121.288,38.5629],[-121.3051,38.553]],[[-121.2817,38.5631],[-121.3135,38.5447]],[[-121.5801,38.7071],[-121.5805,38.6835]],[[-121.6011,38.7073],[-121.6015,38.6837]],[[-121.5007,38.5053],[-121.4903,38.5179]],[[-122.38,49.0191],[-122.3414,49.021]],[[-122.3691,49.0319],[-122.3784,49.0192]],[[6.674,50.8355],[6.6422,50.8269]],[[-87.9325,15.4424],[-87.9158,15.4615]],[[6.6836,49.9668],[6.7135,49.9863]],[[-6.7613,34.038],[-6.7417,34.0649]],[[89.2848,29.3528],[89.3362,29.3513]],[[-121.8982,38.2818],[-121.9265,38.2615]],[[-121.9287,38.2636],[-121.957,38.2433]],[[-120.6015,34.7523],[-120.5671,34.7224]],[[-117.8502,34.8986],[-117.8711,34.9765]],[[-117.8711,34.9343],[-117.8457,34.9942]],[[-117.8536,34.993],[-117.8728,34.9885]],[[-117.8821,34.8947],[-117.856,34.8995]],[[-119.73,36.784],[-119.7037,36.7689]],[[-119.7324,36.783],[-119.7103,36.7704]],[[17.4953,47.3741],[17.5059,47.3538]],[[126.4976,33.5149],[126.4685,33.4999]],[[128.6468,35.9015],[128.6719,35.8876]],[[129.351,35.6025],[129.3525,35.5845]],[[128.9374,35.1941],[128.9406,35.1695]],[[128.0817,35.0962],[128.057,35.0822]],[[128.0845,35.0952],[128.0598,35.0813]],[[126.6131,35.9159],[126.6188,35.8916]],[[103.954,30.5936],[103.94,30.5635]],[[-94.8916,38.8395],[-94.8916,38.8194]],[[-94.8819,38.8378],[-94.8951,38.8282]],[[13.1501,51.7685],[13.1851,51.7672]],[[-117.3483,33.3072],[-117.362,33.2953]],[[-118.0603,34.6373],[-118.0916,34.6169]],[[-118.0734,34.6328],[-118.1131,34.6306]],[[-118.0736,34.6349],[-118.0931,34.6339]],[[103.5575,52.93],[103.5927,52.9005]],[[27.1652,-25.3437],[27.1819,-25.3239]],[[-119.0713,35.4463],[-119.0538,35.4318]],[[-119.0656,35.4387],[-119.051,35.4266]],[[-117.5826,34.0569],[-117.6195,34.0569]],[[-117.6162,34.055],[-117.5826,34.055]],[[126.4936,36.7152],[126.4808,36.6927]],[[126.4786,36.6935],[126.4914,36.716]],[[135.2162,48.3873],[135.2314,48.4052]],[[135.1411,48.4539],[135.1606,48.4712]],[[9.6849,30.138],[9.7235,30.1555]],[[13.2704,32.8957],[13.3052,32.8878]],[[20.2599,32.1139],[20.2821,32.0811]],[[20.2792,32.0797],[20.2571,32.1126]],[[13.7832,49.4301],[13.8103,49.432]],[[-117.2193,34.1],[-117.2505,34.0908]],[[7.4906,46.9195],[7.5055,46.9072]],[[21.607,27.2701],[21.6299,27.245]],[[23.8938,31.8493],[23.9048,31.8747]],[[125.7845,53.478],[125.8111,53.468]],[[-97.0301,32.8789],[-97.0299,32.9157]],[[-97.0262,32.8789],[-97.026,32.9157]],[[-97.0099,32.875],[-97.0098,32.8983]],[[27.774,47.8474],[27.7875,47.8295]],[[-97.0507,32.9158],[-97.0509,32.879]],[[-97.0546,32.9158],[-97.0549,32.879]],[[-97.0009,32.895],[-97.02,32.9113]],[[114.9528,40.733],[114.9158,40.7442]],[[-97.0633,32.8903],[-97.0832,32.9096]],[[37.3366,44.9938],[37.358,45.0105]],[[107.7205,51.8481],[107.7579,51.8533]],[[7.0548,50.164],[7.072,50.1837]],[[5.2572,14.8707],[5.2744,14.8805]],[[-90.0299,30.0527],[-90.0296,30.0339]],[[-11.4121,14.4806],[-11.3874,14.4844]],[[28.6152,-20.0163],[28.6376,-20.0263]],[[-61.7987,12.0041],[-61.7735,12.004]],[[-90.2817,29.9966],[-90.2519,29.9894]],[[-61.6238,12.1418],[-61.6099,12.1456]],[[116.527,52.0115],[116.542,51.9993]],[[119.6788,49.1693],[119.7086,49.159]],[[127.0872,53.6799],[127.0951,53.6966]],[[-81.4492,23.0255],[-81.4212,23.0433]],[[128.9388,35.1652],[128.9348,35.1964]],[[73.5345,54.9659],[73.5736,54.9809]],[[73.3291,54.9697],[73.2913,54.9646]],[[-81.6999,29.6578],[-81.6812,29.6586]],[[-96.8333,32.9613],[-96.8394,32.9753]],[[7.3044,50.3641],[7.3264,50.3679]],[[61.2841,55.2683],[61.3135,55.253]],[[23.2871,42.8126],[23.3138,42.8109]],[[10.8769,45.3877],[10.9007,45.404]],[[-84.5311,39.3664],[-84.5128,39.3611]],[[-80.4205,37.2129],[-80.4037,37.206]],[[-96.8559,32.8565],[-96.8392,32.842]],[[-96.8623,32.8503],[-96.8434,32.8341]],[[132.545,43.348],[132.5693,43.3486]],[[133.1085,42.9507],[133.1224,42.9708]],[[69.0623,25.6731],[69.0838,25.6925]],[[114.9137,56.3607],[114.9457,56.3635]],[[129.7542,62.0804],[129.7955,62.1062]],[[125.4176,58.6095],[125.3979,58.5975]],[[-76.9033,42.1536],[-76.8806,42.1676]],[[-76.9029,42.1578],[-76.883,42.158]],[[143.0997,64.5466],[143.128,64.5533]],[[-84.5209,46.486],[-84.4982,46.481]],[[-84.5131,46.4782],[-84.5003,46.4919]],[[-92.7558,49.8353],[-92.7324,49.8281]],[[-109.4366,-27.158],[-109.407,-27.1716]],[[-117.1228,32.5679],[-117.1071,32.5644]],[[0.0602,40.2075],[0.0869,40.2207]],[[86.8714,53.8007],[86.8853,53.8233]],[[-89.4546,30.3794],[-89.4546,30.3561]],[[25.5733,29.5611],[25.6022,29.5514]],[[25.5024,29.3542],[25.5084,29.3388]],[[25.5725,29.5593],[25.6014,29.5496]],[[-16.9468,14.8199],[-16.9531,14.803]],[[27.5016,42.5598],[27.5289,42.5804]],[[-122.2853,47.8967],[-122.2859,47.9213]],[[76.9092,8.4932],[76.9305,8.4713]],[[-4.8542,37.8344],[-4.8429,37.8506]],[[-5.608,37.1927],[-5.6229,37.1597]],[[27.8423,43.5993],[27.8306,43.62]],[[31.109,-17.9163],[31.0767,-17.9473]],[[36.2363,33.4838],[36.2106,33.4713]],[[145.6838,43.9516],[145.6863,43.9705]],[[-96.9692,32.7229],[-96.9692,32.7444]],[[7.6701,52.1315],[7.6973,52.1373]],[[9.8898,46.5415],[9.8781,46.527]],[[-88.291,17.5429],[-88.3187,17.5368]],[[-97.6487,26.2191],[-97.6645,26.2337]],[[32.5565,37.9647],[32.5648,37.9866]],[[-88.4862,43.7791],[-88.4862,43.7628]],[[51.3219,25.1016],[51.308,25.133]],[[51.1659,35.4131],[51.1222,35.4253]],[[51.1215,35.4237],[51.1595,35.4131]],[[14.4795,63.1988],[14.5246,63.1894]],[[81.1604,53.8016],[81.1352,53.785]],[[77.6654,60.7011],[77.6549,60.7183]],[[-97.4415,32.7707],[-97.4417,32.7527]],[[20.5078,38.1114],[20.4928,38.1291]],[[103.9449,30.6928],[103.9546,30.7138]],[[-81.7017,12.589],[-81.7205,12.5782]],[[-4.6346,54.0819],[-4.6118,54.0848]],[[31.6079,30.4108],[31.5825,30.3883]],[[31.6043,30.4121],[31.6102,30.3856]],[[56.0407,57.9244],[56.002,57.9045]],[[48.7827,54.3819],[48.8226,54.4202]],[[-74.772,10.9],[-74.7897,10.8793]],[[68.9006,36.6687],[68.9207,36.6617]],[[91.378,53.7309],[91.3939,53.7513]],[[-116.9856,32.5431],[-116.9544,32.539]],[[92.031,53.3837],[92.0574,53.3866]],[[-69.587,-41.3225],[-69.5624,-41.3193]],[[94.3852,51.662],[94.4159,51.6769]],[[102.773,17.3939],[102.8035,17.379]],[[22.0285,37.0552],[22.0223,37.0817]],[[90.5801,51.1399],[90.6031,51.1465]],[[21.2988,37.9047],[21.2978,37.929]],[[21.3317,38.6028],[21.37,38.6013]],[[96.1071,52.5252],[96.0908,52.5417]],[[-70.8037,-33.372],[-70.8019,-33.4062]],[[14.0833,55.9118],[14.0877,55.9316]],[[39.2884,-15.0993],[39.2751,-15.1117]],[[-71.5198,21.5146],[-71.5385,21.5171]],[[22.4972,40.6461],[22.4803,40.6561]],[[92.1153,58.4652],[92.1088,58.4847]],[[21.7654,54.5958],[21.7997,54.6077]],[[27.2571,42.5303],[27.286,42.5238]],[[27.2768,42.5269],[27.2502,42.526]],[[-4.0587,57.5374],[-4.0356,57.548]],[[-97.3327,26.1576],[-97.3497,26.1729]],[[95.6799,56.1302],[95.6456,56.1177]],[[12.0563,44.2001],[12.0831,44.1903]],[[43.7739,48.6326],[43.8058,48.6398]],[[42.4093,47.1342],[42.3821,47.147]],[[115.1539,-8.7489],[115.1801,-8.7479]],[[-75.219,19.9068],[-75.1952,19.9064]],[[58.5884,51.2808],[58.6203,51.2901]],[[-71.0167,48.3323],[-70.9756,48.3317]],[[-70.9882,48.3226],[-70.9956,48.3384]],[[8.2872,51.9229],[8.3265,51.9227]],[[-93.366,16.7727],[-93.342,16.7697]],[[153.5007,-28.1565],[153.5109,-28.1726]],[[-81.9692,33.3661],[-81.95,33.3694]],[[-81.9655,33.3609],[-81.9708,33.3824]],[[13.1204,-7.8728],[13.1114,-7.8528]],[[49.2453,-12.2494],[49.2631,-12.2625]],[[25.8707,31.4786],[25.8821,31.4534]],[[27.2135,31.3377],[27.2267,31.3181]],[[30.5907,25.4569],[30.5907,25.4901]],[[44.5839,43.7876],[44.6211,43.7876]],[[-90.5031,19.8277],[-90.4973,19.8054]],[[5.3959,49.4625],[5.4316,49.4506]],[[44.9938,43.3249],[45.0303,43.3222]],[[-5.3303,35.5884],[-5.3096,35.6004]],[[2.8613,36.5328],[2.8898,36.5576]],[[5.8714,36.8057],[5.8756,36.7845]],[[12.1884,-5.6085],[12.188,-5.5858]],[[10.7381,35.754],[10.7697,35.7616]],[[-3.8378,35.1661],[-3.8413,35.1885]],[[8.1075,35.4388],[8.1381,35.4284]],[[-1.4705,35.0095],[-1.4439,35.0175]],[[-1.9378,34.7799],[-1.9101,34.7944]],[[8.8348,34.4311],[8.8105,34.4133]],[[-5.5251,33.8722],[-5.4953,33.8754]],[[-6.9554,32.851],[-6.9364,32.8656]],[[-7.8795,32.1442],[-7.8764,32.1058]],[[-124.1131,40.9853],[-124.1031,40.9705]],[[-104.5375,24.1143],[-104.5191,24.1358]],[[-77.6021,-9.3355],[-77.594,-9.3605]],[[-79.1062,-8.0739],[-79.1127,-8.0947]],[[-0.6328,31.8314],[-0.6146,31.8361]],[[18.3129,30.6495],[18.3288,30.6366]],[[105.6816,32.3883],[105.7076,32.3925]],[[19.5824,30.3705],[19.5696,30.387]],[[21.9313,32.7948],[21.9715,32.7872]],[[21.9586,32.7801],[21.9687,32.7951]],[[23.1313,32.4391],[23.1057,32.4669]],[[-95.3253,29.9934],[-95.355,29.9934]],[[-95.3025,29.9776],[-95.3341,29.9776]],[[37.2315,19.4446],[37.2366,19.4226]],[[20.4467,-19.5872],[20.4628,-19.5811]],[[-95.3614,29.9878],[-95.3466,29.9635]],[[-95.3401,29.9588],[-95.3579,29.9879]],[[-95.3588,30.0072],[-95.3304,30.0072]],[[-3.7937,37.1886],[-3.761,37.1889]],[[-58.6081,-34.6186],[-58.6171,-34.6012]],[[15.7387,-24.5167],[15.7555,-24.508]],[[-3.0849,30.8755],[-3.0498,30.8779]],[[-3.0853,30.878],[-3.0477,30.8806]],[[15.9873,29.2128],[16.0147,29.1834]],[[7.5418,28.4371],[7.563,28.4402]],[[6.7163,29.7368],[6.7064,29.7211]],[[-5.8319,28.8729],[-5.8097,28.8887]],[[-2.2612,31.6588],[-2.2612,31.632]],[[-2.2955,31.6378],[-2.2612,31.6548]],[[29.0096,25.4014],[28.9964,25.4217]],[[44.4185,40.1474],[44.3733,40.1472]],[[-78.3505,26.6384],[-78.3684,26.6253]],[[42.9825,14.7651],[42.9701,14.7408]],[[-92.8276,17.9963],[-92.8067,17.9975]],[[60.9099,29.4588],[60.9047,29.4949]],[[39.9258,43.4395],[39.958,43.4505]],[[39.9446,43.4343],[39.9594,43.454]],[[41.8484,9.6359],[41.8599,9.6143]],[[54.8125,26.5305],[54.8372,26.5341]],[[139.4859,-20.6551],[139.4911,-20.6776]],[[167.93,-29.0366],[167.9464,-29.0457]],[[-81.2926,29.0724],[-81.276,29.065]],[[-48.3948,-10.712],[-48.4036,-10.7246]],[[-48.3668,-10.2851],[-48.3472,-10.2979]],[[-91.8064,18.6597],[-91.7927,18.6443]],[[-49.1455,-5.3748],[-49.1307,-5.3626]],[[-47.467,-5.5364],[-47.453,-5.5262]],[[9.5153,54.3097],[9.5608,54.3147]],[[-89.59,42.24],[-89.5737,42.2488]],[[-89.1199,42.1902],[-89.0864,42.2017]],[[-89.0886,42.2059],[-89.0914,42.1835]],[[-88.1797,21.1593],[-88.1659,21.1518]],[[34.1732,53.2252],[34.1786,53.2038]],[[-100.9433,22.274],[-100.9278,22.2498]],[[56.185,27.1605],[56.1608,27.1562]],[[56.3686,27.2051],[56.3849,27.2327]],[[56.3703,27.2032],[56.3876,27.2324]],[[-96.878,32.6886],[-96.8617,32.6748]],[[82.8483,25.4528],[82.8756,25.4515]],[[-73.0946,40.8022],[-73.1124,40.7887]],[[-73.0941,40.7922],[-73.1073,40.8022]],[[-79.3926,9.0476],[-79.379,9.0716]],[[-79.3862,9.0748],[-79.3748,9.0936]],[[99.876,19.9405],[99.8899,19.9642]],[[87.9422,65.7943],[87.9166,65.8065]],[[66.5841,66.5848],[66.6381,66.5965]],[[39.1645,21.6624],[39.1516,21.6949]],[[39.1358,21.6804],[39.1269,21.7028]],[[39.1804,21.6667],[39.1695,21.6944]],[[-96.7229,17.0093],[-96.7291,16.988]],[[-97.1,15.8776],[-97.0783,15.8763]],[[-96.2763,15.7728],[-96.2461,15.7784]],[[12.3231,44.2187],[12.2914,44.2299]],[[-81.322,28.4153],[-81.3223,28.4483]],[[-81.327,28.4483],[-81.3266,28.4153]],[[-81.2959,28.4356],[-81.2956,28.4081]],[[-81.2823,28.4189],[-81.2826,28.4437]],[[-92.3623,14.7994],[-92.3777,14.7892]],[[-81.3393,28.5428],[-81.3215,28.5496]],[[-92.0589,16.177],[-92.0423,16.1764]],[[44.9241,10.3732],[44.9484,10.3958]],[[45.7639,43.294],[45.7883,43.2954]],[[45.6846,43.3875],[45.7152,43.3888]],[[62.3188,25.2284],[62.3362,25.2364]],[[59.3098,32.8913],[59.2697,32.8965]],[[59.2571,32.8954],[59.2782,32.8989]],[[-100.9284,25.5515],[-100.9283,25.5255]],[[53.0107,40.0525],[53.0038,40.0744]],[[53.009,40.0508],[52.9993,40.0816]],[[146.7152,-6.5689],[146.7373,-6.5708]],[[152.3723,-4.3382],[152.3871,-4.3426]],[[147.4276,-2.0717],[147.4214,-2.0541]],[[-106.2783,23.1622],[-106.2508,23.1608]],[[-88.4594,20.6436],[-88.4331,20.6391]],[[30.9999,27.0555],[31.0241,27.0375]],[[-82.5389,22.8519],[-82.5093,22.8716]],[[-82.5088,22.8788],[-82.5102,22.8588]],[[-82.5835,23.023],[-82.5751,23.0423]],[[-82.2876,22.9708],[-82.2634,22.9695]],[[-80.4175,22.1394],[-80.4111,22.1602]],[[-78.3429,22.4564],[-78.3148,22.4653]],[[-77.0291,21.5067],[-77.0116,21.5122]],[[-76.9419,20.9818],[-76.9296,20.9935]],[[-76.6308,20.3929],[-76.6122,20.3999]],[[-75.1554,20.0747],[-75.1613,20.096]],[[-75.5387,20.6848],[-75.5234,20.6927]],[[145.173,-36.8934],[145.1913,-36.8828]],[[145.1874,-36.8957],[145.19,-36.8823]],[[34.9286,29.9287],[34.9394,29.9523]],[[34.9438,29.9534],[34.9318,29.9272]],[[35.0133,29.5981],[35.0223,29.624]],[[9.4181,0.4464],[9.4064,0.4708]],[[-149.7935,61.24],[-149.7935,61.2621]],[[-134.597,58.3578],[-134.5524,58.3516]],[[36.4686,26.2105],[36.4784,26.1949]],[[38.0481,24.1475],[38.0789,24.1409]],[[37.3074,11.5941],[37.3313,11.6178]],[[41.3514,18.8841],[41.359,18.9025]],[[148.5684,-32.2231],[148.584,-32.2134]],[[-79.1785,43.1879],[-79.1637,43.1962]],[[148.2121,-32.2094],[148.2313,-32.2194]],[[148.221,-32.2184],[148.2339,-32.2103]],[[44.4567,40.1119],[44.4744,40.1332]],[[-52.3747,4.8138],[-52.348,4.8261]],[[-25.7109,37.7462],[-25.6844,37.7378]],[[-74.5749,39.4646],[-74.5851,39.4498]],[[-74.591,39.4643],[-74.5597,39.4514]],[[85.8205,20.2409],[85.8051,20.2609]],[[-58.2652,6.4875],[-58.2438,6.509]],[[143.1065,-20.7002],[143.121,-20.7023]],[[89.9368,48.9861],[89.9066,49.0023]],[[-65.4288,18.1161],[-65.4136,18.1159]],[[-66.0148,18.4388],[-65.9894,18.4491]],[[104.16,48.974],[104.1461,48.9924]],[[107.3563,47.7435],[107.39,47.7319]],[[100.6976,46.1741],[100.7119,46.1511]],[[107.4646,47.356],[107.446,47.3776]],[[-162.72,55.1964],[-162.7379,55.2224]],[[-40.1079,-19.8304],[-40.0966,-19.8212]],[[54.2923,31.8922],[54.2607,31.9175]],[[-2.2061,49.2071],[-2.1849,49.2088]],[[30.0683,62.1595],[30.0806,62.1738]],[[14.7444,55.0671],[14.7739,55.0596]],[[-157.759,21.457],[-157.7769,21.4438]],[[-106.3183,39.2281],[-106.3146,39.2109]],[[-80.5789,28.476],[-80.5543,28.4592]],[[-80.6811,28.5946],[-80.7076,28.6351]],[[29.9501,-18.1577],[29.9783,-18.1705]],[[-75.0664,39.3638],[-75.079,39.3736]],[[-75.0823,39.367],[-75.0613,39.367]],[[-113.8926,52.1965],[-113.8926,52.176]],[[1.4462,35.3388],[1.4794,35.3432]],[[48.2399,30.356],[48.23,30.368]],[[-12.2116,12.5703],[-12.2283,12.5744]],[[100.0834,49.6658],[100.1159,49.6612]],[[103.4644,48.861],[103.4862,48.8498]],[[67.2009,36.7008],[67.2316,36.7118]],[[70.5003,40.3424],[70.5267,40.3455]],[[30.7924,36.9157],[30.7887,36.8891]],[[30.8114,36.9114],[30.8072,36.8809]],[[42.7736,18.2878],[42.7961,18.3]],[[42.8067,18.3116],[42.8293,18.2849]],[[40.5409,21.5074],[40.5455,21.4754]],[[40.5208,21.4773],[40.5555,21.4862]],[[127.4764,39.1761],[127.4959,39.1524]],[[71.5384,40.9896],[71.5753,40.9802]],[[35.6758,34.2745],[35.6845,34.2883]],[[-99.7631,16.76],[-99.7337,16.7508]],[[-71.1514,21.4468],[-71.1321,21.442]],[[-71.9518,21.9132],[-71.9337,21.9195]],[[-102.3174,21.7151],[-102.3188,21.6869]],[[-99.5355,26.3451],[-99.5497,26.3227]],[[-105.961,28.7146],[-105.9661,28.6912]],[[-109.841,27.4003],[-109.8248,27.3847]],[[-103.5881,19.2741],[-103.5671,19.2799]],[[-86.9401,20.5229],[-86.9156,20.5391]],[[-86.94,20.5201],[-86.9166,20.5095]],[[-107.4686,24.7742],[-107.4817,24.7559]],[[-103.4758,20.7513],[-103.4501,20.7501]],[[-110.9175,27.979],[-110.9299,27.9597]],[[-114.0321,28.033],[-114.0158,28.0192]],[[-111.0419,29.0989],[-111.0631,29.0877]],[[-101.4729,17.6019],[-101.4483,17.6013]],[[-101.493,21.0043],[-101.4689,20.9823]],[[-107.8798,30.4046],[-107.8703,30.3903]],[[-97.4256,18.5043],[-97.4142,18.4898]],[[-97.4698,20.602],[-97.4514,20.6022]],[[49.3628,14.656],[49.3874,14.6688]],[[-104.5686,19.1475],[-104.5484,19.142]],[[-97.5299,25.7794],[-97.5206,25.7605]],[[-111.3498,26.0003],[-111.3469,25.9795]],[[-109.7224,23.1661],[-109.719,23.1368]],[[-115.2552,32.6367],[-115.2281,32.6244]],[[-94.5774,18.1129],[-94.5839,18.0938]],[[-101.4628,26.9562],[-101.4802,26.9514]],[[-101.2202,27.9791],[-101.2048,27.9701]],[[-101.0122,19.8588],[-101.0386,19.841]],[[-105.2433,20.6896],[-105.2651,20.6705]],[[46.8167,14.5603],[46.8356,14.542]],[[-118.3457,33.8081],[-118.3328,33.7995]],[[-98.2346,26.0156],[-98.2219,26.0015]],[[-102.6798,22.9077],[-102.6935,22.8839]],[[-96.1866,19.1497],[-96.191,19.1285]],[[-99.5741,19.355],[-99.5579,19.3191]],[[-93.1734,16.7496],[-93.1731,16.7303]],[[-102.0329,19.4057],[-102.0449,19.3872]],[[-110.9779,31.2345],[-110.9761,31.2184]],[[-96.8056,19.4746],[-96.7896,19.4755]],[[-121.1612,44.2589],[-121.1385,44.2488]],[[-121.1385,44.2591],[-121.1618,44.2495]],[[-119.1288,46.2741],[-119.1078,46.2591]],[[-119.1334,46.2561],[-119.1134,46.2696]],[[-100.5435,28.6334],[-100.5269,28.6224]],[[-99.5748,27.4513],[-99.565,27.4354]],[[-97.6794,30.2136],[-97.6785,30.18]],[[78.3927,42.5111],[78.438,42.5027]],[[76.6795,42.5811],[76.7241,42.5904]],[[11.8052,52.6278],[11.8342,52.6304]],[[46.0742,30.9455],[46.1083,30.9296]],[[46.1033,30.9268],[46.0748,30.9401]],[[47.6671,30.5444],[47.6485,30.5621]],[[47.0935,31.8104],[47.066,31.8253]],[[-73.8121,42.7492],[-73.7853,42.7498]],[[-73.8043,42.7372],[-73.8053,42.7605]],[[88.4463,22.6422],[88.4497,22.671]],[[88.4469,22.6649],[88.444,22.6403]],[[-73.9338,42.8469],[-73.9224,42.8642]],[[101.9898,20.6759],[101.997,20.6886]],[[100.3805,6.931],[100.4079,6.9344]],[[5.3621,43.511],[5.3729,43.4995]],[[35.0813,48.3573],[35.1198,48.3573]],[[-113.5165,37.0247],[-113.5041,37.0481]],[[-95.0937,16.4603],[-95.0937,16.4384]],[[-122.1298,37.662],[-122.1147,37.6552]],[[14.9164,53.5774],[14.888,53.5921]],[[-115.6956,36.5845],[-115.665,36.5834]],[[-112.1551,37.6995],[-112.1365,37.7134]],[[16.2855,43.532],[16.309,43.5451]],[[-94.0125,36.9131],[-94.013,36.8993]],[[-88.0799,30.6331],[-88.0598,30.6132]],[[75.5313,35.3522],[75.5523,35.3257]],[[72.3443,34.8082],[72.36,34.8183]],[[-77.9242,18.499],[-77.9034,18.508]],[[-114.5602,35.1663],[-114.5585,35.143]],[[-91.7756,45.414],[-91.7705,45.432]],[[-88.8744,39.8414],[-88.8741,39.8273]],[[-113.8177,35.9793],[-113.8161,35.993]],[[-75.764,4.4616],[-75.7691,4.44]],[[152.7164,-27.6473],[152.705,-27.6212]],[[152.7079,-27.6446],[152.7203,-27.6366]],[[-119.1043,34.2138],[-119.0844,34.2137]],[[-119.2171,34.2009],[-119.1974,34.2007]],[[-87.4176,36.6295],[-87.4127,36.6135]],[[-87.4878,36.5623],[-87.4755,36.5726]],[[-87.4771,36.6845],[-87.503,36.663]],[[-87.9267,42.0028],[-87.8991,42.0028]],[[-62.1803,-38.7274],[-62.1609,-38.7189]],[[-112.0208,41.188],[-112.0001,41.2038]],[[57.5776,36.1693],[57.6128,36.1669]],[[55.0876,36.4201],[55.1195,36.4293]],[[99.6257,21.3073],[99.6464,21.2958]],[[-115.809,40.8181],[-115.779,40.827]],[[98.5381,16.6998],[98.56,16.7001]],[[32.0481,-27.6337],[32.0406,-27.6184]],[[-86.3044,39.7002],[-86.2796,39.7197]],[[97.985,19.2988],[97.9669,19.3043]],[[-97.4289,25.9146],[-97.4295,25.8986]],[[-97.4313,25.9128],[-97.4155,25.8983]],[[-99.9471,21.9184],[-99.9314,21.9161]],[[77.9713,27.1667],[77.9499,27.1482]],[[77.969,27.1541],[77.9527,27.1613]],[[114.2269,57.8599],[114.2584,57.8723]],[[-121.5663,39.0898],[-121.5746,39.1049]],[[140.3781,35.8052],[140.3922,35.7858]],[[114.0164,62.5277],[114.0613,62.5417]],[[44.7835,2.6601],[44.8029,2.6815]],[[112.0399,66.3866],[112.02,66.4141]],[[118.325,63.2939],[118.3607,63.2999]],[[121.7112,63.7548],[121.6763,63.7591]],[[111.5537,65.9499],[111.5372,65.9713]],[[9.0435,39.2608],[9.0651,39.2421]],[[-111.9842,41.1404],[-111.9619,41.1074]],[[-111.9993,40.8077],[-111.9955,40.775]],[[-111.9621,40.7989],[-111.9621,40.7727]],[[120.4608,60.399],[120.4907,60.4045]],[[118.344,-22.2229],[118.3636,-22.2271]],[[-7.9304,38.0944],[-7.9344,38.0634]],[[143.0521,59.4021],[143.0603,59.4174]],[[112.8975,58.3075],[112.8813,58.3198]],[[-115.0444,36.2247],[-115.0218,36.2456]],[[-115.0468,36.2267],[-115.0242,36.2475]],[[-120.1532,39.325],[-120.1309,39.315]],[[-120.1314,39.3261],[-120.1404,39.314]],[[19.7189,41.427],[19.7222,41.4024]],[[109.8823,51.4056],[109.9178,51.4081]],[[12.8659,56.2852],[12.8442,56.2978]],[[8.1219,46.7413],[8.0959,46.7434]],[[87.3097,69.2986],[87.3543,69.3235]],[[76.4632,60.9392],[76.5027,60.9604]],[[114.1005,-22.0476],[114.1048,-22.0339]],[[32.7573,67.4602],[32.813,67.4542]],[[-112.9391,27.2902],[-112.9382,27.3038]],[[-87.4643,36.8554],[-87.4459,36.8586]],[[44.9815,1.9991],[44.9929,2.0121]],[[42.4479,-0.3895],[42.4705,-0.3651]],[[-74.9057,39.0167],[-74.9056,39.0028]],[[-74.9027,39.0072],[-74.9203,39.0071]],[[99.6072,7.5073],[99.6279,7.5106]],[[-71.4391,42.9409],[-71.4271,42.9206]],[[114.7098,-28.7875],[114.7021,-28.808]],[[2.0743,41.2823],[2.1033,41.2922]],[[26.1391,38.3366],[26.142,38.35]],[[51.4544,36.6665],[51.476,36.6607]],[[23.8788,52.1131],[23.9138,52.1035]],[[30.0809,53.9638],[30.1077,53.9471]],[[78.6222,53.0476],[78.6544,53.0587]],[[86.0873,55.2615],[86.1278,55.2786]],[[119.7947,-23.4238],[119.8114,-23.4133]],[[55.5131,-4.6682],[55.5306,-4.6805]],[[12.1026,45.6859],[12.0719,45.683]],[[-83.7664,11.9958],[-83.7819,11.9859]],[[70.9798,40.4444],[71.003,40.4512]],[[-86.0569,33.5627],[-86.0452,33.5766]],[[-87.6415,30.3886],[-87.6257,30.3884]],[[-87.6257,30.3861],[-87.6334,30.3981]],[[-85.7698,32.4876],[-85.782,32.497]],[[-112.539,33.7195],[-112.514,33.7073]],[[18.7133,42.4131],[18.7332,42.3962]],[[147.879,70.6225],[147.9218,70.6282]],[[123.9684,10.2966],[123.9904,10.3185]],[[130.4533,46.836],[130.4776,46.8511]],[[30.5624,39.7841],[30.6016,39.7843]],[[-121.4179,36.9013],[-121.4046,36.8876]],[[26.711,44.7011],[26.732,44.7175]],[[117.837,-28.1078],[117.8442,-28.1227]],[[39.2467,51.6451],[39.2661,51.6608]],[[24.9884,43.3282],[25.0189,43.3264]],[[100.2708,16.7938],[100.2874,16.772]],[[-3.5746,40.4926],[-3.5748,40.5229]],[[15.8381,50.263],[15.8524,50.2434]],[[-86.4101,36.3836],[-86.4068,36.3666]],[[-111.3481,34.255],[-111.3307,34.2586]],[[-3.5592,40.5012],[-3.5594,40.5281]],[[-3.5539,40.4631],[-3.576,40.4849]],[[-97.3625,32.8302],[-97.359,32.8098]],[[-97.3097,32.5725],[-97.3097,32.5561]],[[33.007,40.1424],[32.9837,40.1178]],[[38.8833,37.4347],[38.9135,37.4615]],[[28.8774,-16.5207],[28.8925,-16.5189]],[[93.6549,42.8455],[93.6867,42.8363]],[[144.2187,-20.8083],[144.2312,-20.8174]],[[-121.8642,39.8034],[-121.8512,39.7878]],[[-83.3983,14.0464],[-83.3756,14.046]],[[-84.403,13.896],[-84.4157,13.8843]],[[33.6704,27.36],[33.6658,27.3737]],[[-63.1758,-17.8057],[-63.1637,-17.8217]],[[-121.6186,36.6629],[-121.5982,36.6609]],[[-86.5042,11.8108],[-86.5185,11.7994]],[[122.3634,29.924],[122.3611,29.9455]],[[-86.688,36.1033],[-86.6796,36.1242]],[[19.9135,40.7624],[19.8906,40.7813]],[[64.4474,63.189],[64.4348,63.2088]],[[-68.765,76.5299],[-68.6424,76.5325]],[[25.5926,41.8757],[25.617,41.8681]],[[23.7752,41.5572],[23.7591,41.5716]],[[-81.4349,40.9206],[-81.4571,40.9051]],[[-81.4414,40.9072],[-81.4402,40.928]],[[-81.4576,41.0415],[-81.4776,41.0334]],[[14.4878,49.2793],[14.5156,49.2678]],[[61.0521,36.516],[61.0776,36.4864]],[[56.8849,33.6796],[56.9005,33.6559]],[[12.4988,50.976],[12.514,50.9876]],[[23.2059,41.4436],[23.228,41.4547]],[[71.4202,30.2198],[71.4183,30.191]],[[-4.1642,51.0872],[-4.1367,51.0872]],[[-86.8897,36.1731],[-86.8839,36.1909]],[[-106.9128,32.2846],[-106.9299,32.2992]],[[-106.9121,32.2967],[-106.9321,32.2846]],[[-106.9126,32.285],[-106.9322,32.2849]],[[-74.059,40.8579],[-74.0604,40.8387]],[[-74.0541,40.8578],[-74.0703,40.8467]],[[-106.4488,42.9135],[-106.475,42.8934]],[[91.6344,47.9423],[91.6197,47.9658]],[[-110.8683,32.1526],[-110.8981,32.1802]],[[13.1593,58.4613],[13.1895,58.4697]],[[51.5682,53.4752],[51.5616,53.4578]],[[78.4545,17.4529],[78.4837,17.4534]],[[-110.9571,32.1188],[-110.9431,32.1308]],[[7.0971,49.2142],[7.1223,49.2149]],[[31.5595,2.2071],[31.5489,2.1983]],[[31.4904,2.3227],[31.5042,2.33]],[[106.8789,-6.2722],[106.9034,-6.261]],[[106.6389,-6.121],[106.6691,-6.109]],[[106.6437,-6.1425],[106.6744,-6.1303]],[[-4.9958,33.9274],[-4.9606,33.9273]],[[65.8616,31.5141],[65.834,31.4976]],[[-73.1881,7.1353],[-73.1812,7.117]],[[-76.6176,2.4516],[-76.6005,2.4577]],[[28.6693,45.6302],[28.6752,45.6498]],[[30.0123,46.6804],[30.0098,46.6576]],[[4.0153,48.3295],[4.0178,48.3148]],[[31.5855,-24.9546],[31.5918,-24.9673]],[[-120.9147,44.2933],[-120.8957,44.2857]],[[-118.9642,43.597],[-118.9505,43.5872]],[[-118.9345,44.0289],[-118.9276,44.0159]],[[-97.3215,33.0054],[-97.3154,32.9756]],[[-97.3235,33.0051],[-97.3173,32.975]],[[-76.384,3.5298],[-76.3794,3.5565]],[[-113.1078,37.6906],[-113.091,37.7102]],[[-69.9454,-4.2004],[-69.9385,-4.1821]],[[28.197,47.8589],[28.2286,47.8663]],[[-72.5198,7.9409],[-72.5086,7.9225]],[[-72.5146,7.9178],[-72.5094,7.9343]],[[-118.9643,44.3966],[-118.9629,44.4108]],[[-119.9785,43.0778],[-119.9722,43.0941]],[[-117.0168,44.0263],[-117.0096,44.013]],[[-119.1087,34.1307],[-119.1368,34.1065]],[[-119.1264,34.1214],[-119.1056,34.1168]],[[38.1278,55.5639],[38.1823,55.5365]],[[-75.9568,4.7486],[-75.9551,4.7681]],[[-110.9479,32.1234],[-110.9228,32.102]],[[2.1317,49.4462],[2.1044,49.4581]],[[18.439,47.3577],[18.4214,47.3437]],[[16.6733,43.2791],[16.6844,43.2905]],[[-67.4855,6.1891],[-67.4996,6.1811]],[[104.6363,17.393],[104.6497,17.3747]],[[103.2619,15.2414],[103.2464,15.22]],[[99.9547,12.6269],[99.9478,12.6452]],[[102.7768,16.4562],[102.7908,16.4771]],[[66.6989,63.6784],[66.7007,63.6976]],[[-63.1273,46.2798],[-63.1231,46.2986]],[[-63.1288,46.2939],[-63.1019,46.2976]],[[41.8282,37.9749],[41.8493,37.9817]],[[108.9416,11.6241],[108.962,11.6429]],[[30.911,3.0571],[30.9127,3.0416]],[[16.9828,52.3267],[16.9504,52.3372]],[[-98.4524,29.541],[-98.4699,29.5232]],[[-98.4815,29.5396],[-98.4656,29.5272]],[[-64.8162,17.7001],[-64.7877,17.7029]],[[-82.2379,39.2081],[-82.2206,39.2157]],[[-75.5169,38.334],[-75.5065,38.3449]],[[65.2615,34.523],[65.2814,34.5301]],[[69.9417,33.329],[69.9628,33.3387]],[[98.9975,8.0853],[98.98,8.1066]],[[17.6851,64.9699],[17.7081,64.9519]],[[31.9262,-13.2602],[31.9467,-13.2577]],[[120.5299,18.1637],[120.5323,18.1886]],[[65.8995,36.7462],[65.9259,36.7557]],[[128.7765,50.758],[128.7765,50.7803]],[[46.6721,41.5527],[46.6623,41.5713]],[[-70.8326,43.0894],[-70.8124,43.0647]],[[63.1247,34.9926],[63.1108,34.979]],[[-110.2395,36.7125],[-110.2174,36.7204]],[[114.3035,30.0829],[114.3249,30.0919]],[[45.201,54.1147],[45.2243,54.1358]],[[31.247,47.5198],[31.2708,47.5036]],[[-66.1666,-17.4302],[-66.1904,-17.4096]],[[-54.8547,-25.4671],[-54.8326,-25.4439]],[[-115.2026,36.2146],[-115.1906,36.2051]],[[-115.2033,36.2133],[-115.1865,36.2136]],[[-55.6993,-22.5412],[-55.706,-22.5581]],[[-149.8443,61.2486],[-149.7883,61.2534]],[[49.1211,11.2749],[49.1504,11.2754]],[[45.5501,9.522],[45.5691,9.5433]],[[47.4442,6.7723],[47.465,6.7897]],[[48.577,8.4642],[48.5592,8.4527]],[[147.2041,-41.5371],[147.2169,-41.5521]],[[51.5634,33.8995],[51.5907,33.891]],[[-122.821,38.5032],[-122.8121,38.5156]],[[-122.8138,38.5175],[-122.8057,38.5024]],[[-103.5116,25.5338],[-103.5233,25.5197]],[[1.7432,46.876],[1.7181,46.8496]],[[146.2664,-20.0475],[146.281,-20.0401]],[[156.9064,52.9097],[156.8559,52.9111]],[[62.2607,33.3831],[62.2615,33.4031]],[[62.2301,34.2212],[62.2258,34.1943]],[[17.9731,47.0695],[17.9638,47.0862]],[[28.6541,-12.9976],[28.6772,-12.9977]],[[70.5204,37.1328],[70.52,37.1148]],[[-130.0438,58.4172],[-130.0195,58.4273]],[[-90.1651,38.574],[-90.1444,38.5638]],[[-90.1581,38.5737],[-90.1425,38.566]],[[-76.8777,0.0861],[-76.861,0.0986]],[[-76.7663,-6.9663],[-76.7706,-6.9519]],[[-79.6272,0.9664],[-79.6262,0.9894]],[[-80.6905,-0.9541],[-80.666,-0.9373]],[[-74.6031,40.0274],[-74.5999,40.0081]],[[2.6633,48.6065],[2.6882,48.6025]],[[121.0051,14.5226],[121.0166,14.5115]],[[50.7992,34.9863],[50.8214,34.9789]],[[-89.8619,38.5518],[-89.8427,38.5359]],[[-89.8334,38.5562],[-89.8095,38.5363]],[[11.9758,36.8178],[11.9568,36.8141]],[[-74.3608,40.04],[-74.3485,40.0286]],[[-74.3423,40.0406],[-74.3573,40.0311]],[[-48.2483,-7.2302],[-48.2327,-7.2255]],[[-110.3608,24.0845],[-110.3642,24.061]],[[81.7482,25.433],[81.7244,25.4448]],[[92.8144,9.1399],[92.8241,9.1662]],[[-111.64,33.2993],[-111.6613,33.3176]],[[-111.6659,33.3176],[-111.6426,33.2976]],[[-111.6491,33.2973],[-111.6729,33.3177]],[[141.3347,24.7886],[141.3107,24.7797]],[[43.142,9.9496],[43.1571,9.943]],[[-119.2377,39.5531],[-119.2436,39.5681]],[[-114.884,35.3129],[-114.8808,35.2991]],[[-114.9083,35.4337],[-114.91,35.4515]],[[19.4213,-33.6682],[19.4078,-33.6602]],[[106.7652,-6.3276],[106.764,-6.3467]],[[124.9259,1.5368],[124.9267,1.5618]],[[98.682,3.5676],[98.6619,3.5486]],[[106.7512,47.8503],[106.766,47.8354]],[[27.9056,41.1295],[27.9325,41.1471]],[[92.0755,49.9621],[92.0854,49.978]],[[-132.7584,60.1752],[-132.7299,60.1708]],[[88.6388,49.9451],[88.6119,49.9496]],[[-132.4054,61.9676],[-132.4379,61.9732]],[[7.3305,10.7045],[7.3098,10.6872]],[[-112.6859,33.4301],[-112.6865,33.415]],[[-121.2295,61.7524],[-121.2439,61.7675]],[[120.6953,-27.8427],[120.7131,-27.8456]],[[91.9662,21.4431],[91.9613,21.4674]],[[91.8027,22.2408],[91.8239,22.2585]],[[-94.7201,32.3925],[-94.6968,32.3735]],[[-94.7167,32.394],[-94.7163,32.3772]],[[-82.5327,27.8374],[-82.5097,27.8613]],[[-120.7542,56.2453],[-120.7296,56.2315]],[[-120.7501,56.2321],[-120.7265,56.2452]],[[-60.1014,-12.7057],[-60.0953,-12.6831]],[[-57.6287,-16.0519],[-57.6312,-16.0352]],[[-54.7249,-16.5943],[-54.7247,-16.5777]],[[-112.3668,33.4325],[-112.384,33.4141]],[[-128.5904,54.4784],[-128.5856,54.4587]],[[-81.6742,26.0018],[-81.6709,25.9883]],[[-74.8834,5.2207],[-74.884,5.2046]],[[149.8967,-36.9128],[149.9066,-36.901]],[[-65.5666,-22.173],[-65.5776,-22.1509]],[[15.6392,38.0752],[15.6575,38.0692]],[[15.6462,38.0794],[15.655,38.0659]],[[-90.6683,38.6641],[-90.6512,38.667]],[[31.1485,52.3086],[31.1832,52.3019]],[[-105.9819,32.8471],[-106.0043,32.8286]],[[-106.6207,35.0435],[-106.6052,35.0332]],[[36.983,15.7134],[36.9738,15.6864]],[[-106.6182,35.0443],[-106.5755,35.0441]],[[-106.7913,35.1528],[-106.8092,35.1387]],[[-106.7888,35.1356],[-106.7889,35.152]],[[-105.2906,36.41],[-105.2893,36.4344]],[[-108.6881,34.0019],[-108.6717,34.0066]],[[53.4539,56.825],[53.4712,56.8453]],[[-79.8267,-6.7763],[-79.8295,-6.7987]],[[-51.0801,0.0455],[-51.0642,0.0557]],[[-81.3786,48.563],[-81.3701,48.5783]],[[-42.8227,-5.0699],[-42.8248,-5.0502]],[[24.0532,53.6134],[24.0544,53.5905]],[[-70.3068,43.6533],[-70.3012,43.6398]],[[-70.299,43.644],[-70.3261,43.6459]],[[121.1927,22.8076],[121.1712,22.7782]],[[-40.5546,-9.3675],[-40.5836,-9.3575]],[[39.9762,15.7463],[39.9645,15.7704]],[[34.5634,8.1172],[34.5633,8.14]],[[-78.6171,-0.9244],[-78.6145,-0.8902]],[[30.4314,19.1403],[30.4288,19.1673]],[[29.6694,9.4703],[29.662,9.4828]],[[89.1563,23.1939],[89.1654,23.1738]],[[90.3,22.8094],[90.3019,22.793]],[[-8.704,7.8207],[-8.7014,7.8061]],[[26.6715,58.3072],[26.7021,58.3076]],[[-3.3422,57.7072],[-3.313,57.7054]],[[-9.4282,30.323],[-9.3949,30.3222]],[[-75.8324,8.8307],[-75.8186,8.8156]],[[-74.7976,4.2693],[-74.7945,4.2834]],[[-61.1682,4.4939],[-61.1535,4.4876]],[[34.5719,10.0252],[34.5923,10.0158]],[[-117.6831,34.5666],[-117.6581,34.5667]],[[-82.5577,27.3899],[-82.5481,27.4009]],[[-82.5661,27.405],[-82.5443,27.386]],[[-87.4826,15.7716],[-87.4702,15.7793]],[[17.6307,8.953],[17.6415,8.9658]],[[-86.8659,15.7372],[-86.8381,15.7486]],[[43.7278,16.9532],[43.7294,16.9811]],[[-87.2194,14.0547],[-87.2144,14.0689]],[[58.3534,53.9401],[58.3288,53.937]],[[-112.3002,33.5181],[-112.29,33.5358]],[[120.6111,16.3749],[120.6268,16.3753]],[[15.5279,58.4056],[15.516,58.3867]],[[-147.6515,-14.957],[-147.6702,-14.9516]],[[104.8593,15.2428],[104.8811,15.2597]],[[5.6094,50.957],[5.5753,50.9415]],[[-73.4199,40.7334],[-73.4035,40.722]],[[117.216,36.8411],[117.216,36.8735]],[[176.3211,-38.0992],[176.3109,-38.1165]],[[104.854,11.556],[104.8342,11.5371]],[[29.316,-3.308],[29.321,-3.34]],[[-9.5838,15.2366],[-9.5694,15.241]],[[145.4173,-17.0679],[145.4306,-17.0724]],[[31.8351,30.0353],[31.8469,30.0636]],[[31.8337,30.0356],[31.8424,30.0637]],[[-2.6294,51.0095],[-2.6615,51.007]],[[-45.4369,61.1544],[-45.4148,61.1669]],[[82.0403,63.9781],[82.06,63.9971]],[[-1.5926,6.7058],[-1.5891,6.7234]],[[102.4567,71.973],[102.5301,71.9838]],[[117.6417,62.1785],[117.6296,62.1917]],[[126.1106,-16.4059],[126.1208,-16.396]],[[139.8964,-22.9057],[139.9052,-22.9196]],[[-2.9517,50.9624],[-2.9263,50.9638]],[[-63.1443,-17.6315],[-63.1264,-17.6581]],[[-13.0503,20.495],[-13.036,20.5185]],[[9.7699,37.2403],[9.8032,37.2441]],[[-84.2983,33.8814],[-84.304,33.8686]],[[53.7975,63.5555],[53.8116,63.5784]],[[127.5118,36.7229],[127.4875,36.7079]],[[-84.5006,33.9114],[-84.5322,33.9191]],[[32.2709,48.5465],[32.2916,48.5376]],[[12.8568,-7.2673],[12.8683,-7.2508]],[[13.562,-14.9251],[13.5912,-14.9242]],[[14.3156,-16.2357],[14.3389,-16.2376]],[[14.9612,-16.7648],[14.9689,-16.7459]],[[14.3922,-17.4206],[14.3722,-17.4207]],[[35.9788,31.7142],[36.0202,31.7201]],[[35.9673,31.7264],[36.0091,31.7325]],[[-111.9199,33.6147],[-111.9011,33.631]],[[39.2991,-15.1103],[39.2864,-15.1035]],[[36.9587,-16.861],[36.9689,-16.8492]],[[46.7049,61.2324],[46.6861,61.2429]],[[31.3207,29.8327],[31.3417,29.8139]],[[31.3415,29.812],[31.3197,29.8315]],[[30.7249,28.114],[30.7369,28.0893]],[[152.889,-25.3242],[152.8715,-25.3156]],[[-112.0271,33.4289],[-112.0015,33.4288]],[[-112.0271,33.4311],[-111.9934,33.431]],[[-111.9922,33.4408],[-112.0269,33.4409]],[[34.3766,49.5706],[34.4117,49.5681]],[[-7.5825,33.3518],[-7.5881,33.3681]],[[16.7005,53.161],[16.7207,53.1784]],[[-111.1664,45.788],[-111.142,45.7705]],[[31.4366,30.3261],[31.4564,30.3423]],[[31.438,30.3251],[31.4537,30.3379]],[[59.0399,43.76],[59.0185,43.7465]],[[6.1246,51.6028],[6.1597,51.6021]],[[-123.0072,44.9169],[-122.9961,44.9031]],[[-123.0036,44.902],[-123.0033,44.9161]],[[-122.7713,45.2403],[-122.7689,45.254]],[[-64.6925,10.0923],[-64.6864,10.1196]],[[-64.7006,10.122],[-64.6839,10.1005]],[[-57.4296,-23.4498],[-57.4246,-23.4339]],[[-67.6118,5.6103],[-67.6004,5.6298]],[[-0.8202,35.7295],[-0.7904,35.741]],[[36.7337,33.6035],[36.7641,33.6157]],[[-0.5495,35.5388],[-0.5177,35.5454]],[[-58.7937,-34.5502],[-58.784,-34.5728]],[[126.6453,45.595],[126.6709,45.603]],[[-93.4009,37.2557],[-93.3835,37.238]],[[-93.3892,37.2356],[-93.3803,37.2535]],[[48.2139,54.2593],[48.2392,54.2829]],[[40.0007,53.6863],[40.0046,53.7041]],[[35.2553,-13.2777],[35.2773,-13.2702]],[[4.7808,50.7633],[4.7601,50.747]],[[4.7533,50.7469],[4.7807,50.7685]],[[32.0817,30.5804],[32.1106,30.5704]],[[-94.3935,36.8041],[-94.39,36.8175]],[[86.6009,67.4453],[86.6427,67.4295]],[[86.1447,69.3686],[86.165,69.3801]],[[64.2853,67.4516],[64.3289,67.4776]],[[-111.5844,57.0604],[-111.5636,57.0506]],[[31.4342,30.33],[31.4613,30.3297]],[[-27.1055,38.776],[-27.0814,38.7529]],[[104.7547,16.5509],[104.7644,16.5623]],[[-71.1291,42.7107],[-71.1177,42.7214]],[[101.4441,0.4471],[101.4448,0.4709]],[[133.3772,-16.2575],[133.3897,-16.2722]],[[-78.8019,35.8745],[-78.778,35.8938]],[[61.5405,31.1103],[61.5477,31.084]],[[54.384,36.9228],[54.4106,36.9023]],[[-3.931,5.2487],[-3.9207,5.2738]],[[-79.8677,9.3485],[-79.8669,9.3726]],[[-84.5867,34.0134],[-84.6039,34.013]],[[49.5569,40.6023],[49.5569,40.5803]],[[-122.5794,47.2611],[-122.5769,47.2747]],[[-89.7718,43.5156],[-89.7689,43.5291]],[[12.9176,41.538],[12.8996,41.5473]],[[129.5584,62.1035],[129.5809,62.1215]],[[123.3696,66.7874],[123.3562,66.8032]],[[13.5781,60.0268],[13.5797,60.0133]],[[125.1837,43.8994],[125.2113,43.9141]],[[123.9805,42.517],[123.9893,42.5357]],[[36.3613,54.5564],[36.3812,54.5406]],[[53.2891,22.7042],[53.2731,22.7158]],[[0.528,51.973],[0.4873,51.9751]],[[51.4442,24.221],[51.4547,24.209]],[[53.9523,22.5143],[53.976,22.5154]],[[-48.9753,-16.2408],[-48.9517,-16.2128]],[[37.7595,51.324],[37.7791,51.3345]],[[31.0016,29.2114],[31.0266,29.2264]],[[50.3169,53.2084],[50.3459,53.2354]],[[105.7736,15.1438],[105.7862,15.1249]],[[-85.2127,40.9627],[-85.1824,40.9862]],[[-85.1831,40.9781],[-85.2037,40.9935]],[[-42.873,-5.0876],[-42.8744,-5.0722]],[[-67.3119,-8.8419],[-67.3131,-8.8275]],[[-57.7834,-6.2365],[-57.7705,-6.23]],[[125.1949,39.9337],[125.2207,39.9213]],[[55.4148,-21.3134],[55.4299,-21.3248]],[[123.442,41.882],[123.4369,41.8583]],[[123.2922,41.8136],[123.3032,41.8333]],[[-134.8838,-23.0862],[-134.8972,-23.0731]],[[110.4307,29.1001],[110.4566,29.1059]],[[-98.0437,29.7095],[-98.0439,29.695]],[[-98.05,29.7151],[-98.0349,29.7016]],[[-88.7517,32.3422],[-88.7559,32.3204]],[[123.0745,41.2688],[123.083,41.2872]],[[122.85,41.0948],[122.8575,41.1174]],[[121.7487,39.2936],[121.7757,39.2855]],[[121.7624,39.2874],[121.7608,39.3035]],[[-79.5996,8.9031],[-79.5996,8.9265]],[[-63.1397,-4.1341],[-63.1253,-4.1341]],[[-133.5052,68.3032],[-133.461,68.3044]],[[-133.042,69.4373],[-133.009,69.4287]],[[74.0117,38.1865],[74.038,38.1944]],[[121.786,31.1612],[121.7989,31.1269]],[[-117.2186,32.6888],[-117.2117,32.71]],[[-117.2213,32.7023],[-117.2006,32.6914]],[[17.0783,39.0046],[17.0824,38.9884]],[[127.895,38.8596],[127.9167,38.8744]],[[9.405,41.9362],[9.4057,41.9126]],[[34.8165,-2.452],[34.8312,-2.4663]],[[36.0589,54.4659],[36.0886,54.4696]],[[48.4337,38.3127],[48.4148,38.3384]],[[55.8862,26.7423],[55.9185,26.767]],[[-72.2903,42.5612],[-72.2901,42.575]],[[57.6878,28.7146],[57.6639,28.7315]],[[44.9798,38.4159],[44.9673,38.439]],[[53.1744,27.3787],[53.2026,27.3675]],[[49.5903,37.3263],[49.6177,37.3249]],[[46.1134,37.3468],[46.1445,37.3476]],[[50.8331,32.3081],[50.8505,32.2855]],[[51.5551,30.6926],[51.5373,30.7067]],[[-97.4041,35.4246],[-97.3792,35.407]],[[-97.3821,35.3986],[-97.3821,35.4289]],[[109.1086,34.3682],[109.1323,34.3856]],[[108.7399,34.4381],[108.7645,34.4559]],[[-83.4382,41.9336],[-83.4312,41.9462]],[[40.1185,29.7823],[40.0851,29.7874]],[[6.0486,48.324],[6.0844,48.326]],[[-71.7676,6.4464],[-71.7523,6.4557]],[[-122.5376,48.8018],[-122.5376,48.7836]],[[39.9164,54.4908],[39.9457,54.4961]],[[55.5347,-20.8921],[55.5058,-20.8862]],[[92.56,56.1742],[92.5334,56.1805]],[[55.5241,-20.8935],[55.5052,-20.8847]],[[94.3742,49.6807],[94.3713,49.6652]],[[-72.1133,-45.5991],[-72.0992,-45.5894]],[[41.6874,27.4547],[41.6862,27.4382]],[[39.7033,24.5763],[39.7114,24.5381]],[[39.7039,24.5634],[39.7026,24.5448]],[[94.7595,36.3998],[94.813,36.4003]],[[103.6196,36.532],[103.622,36.4949]],[[-122.7714,47.4833],[-122.7583,47.4972]],[[-85.9692,37.9],[-85.9703,37.9142]],[[-111.1106,44.6986],[-111.1247,44.6782]],[[-80.9756,-2.2178],[-80.9928,-2.2036]],[[149.1384,-33.3863],[149.1191,-33.3747]],[[106.3607,29.5064],[106.3574,29.4853]],[[120.3632,40.2871],[120.3594,40.3118]],[[-84.4276,34.3071],[-84.4167,34.3173]],[[49.3286,25.1623],[49.3287,25.1412]],[[49.4813,25.2987],[49.4892,25.2721]],[[43.4765,29.6317],[43.5049,29.621]],[[120.6857,40.574],[120.7142,40.5861]],[[43.7673,26.3148],[43.781,26.2907]],[[48.6057,28.0951],[48.6164,28.0641]],[[46.7396,27.9623],[46.745,27.9465]],[[48.7634,27.8783],[48.7748,27.8574]],[[49.4096,27.0215],[49.4006,27.0566]],[[36.6637,57.7173],[36.6354,57.7339]],[[-80.2132,36.1239],[-80.2262,36.1388]],[[24.1661,-17.636],[24.1873,-17.6325]],[[12.4562,41.6465],[12.4342,41.6602]],[[45.5117,27.9132],[45.5447,27.8886]],[[37.2642,31.416],[37.2949,31.4082]],[[-0.9211,50.8107],[-0.9192,50.8253]],[[-0.911,50.8227],[-0.9277,50.8134]],[[-9.5313,30.3797],[-9.5612,30.3831]],[[13.3278,59.4345],[13.347,59.4549]],[[-13.314,15.5875],[-13.3302,15.5991]],[[30.3309,55.1206],[30.3684,55.132]],[[13.2466,-8.8469],[13.2256,-8.8555]],[[45.3107,26.5975],[45.3275,26.6201]],[[49.2858,-12.3455],[49.298,-12.3535]],[[-109.4985,31.3481],[-109.5106,31.3362]],[[-96.9341,28.8637],[-96.9129,28.8467]],[[-96.9098,28.8589],[-96.9097,28.8454]],[[-97.9797,26.1852],[-97.9684,26.1722]],[[-98.1267,26.4472],[-98.1178,26.4362]],[[-98.7424,27.3544],[-98.7314,27.3448]],[[-99.4624,27.5564],[-99.4636,27.5329]],[[-99.4668,27.5495],[-99.4569,27.5358]],[[-98.1201,27.1981],[-98.1201,27.2146]],[[-98.0369,27.5572],[-98.025,27.5445]],[[-97.8167,27.5126],[-97.7991,27.4972]],[[-97.8152,27.5139],[-97.7976,27.4986]],[[-97.8106,27.5144],[-97.8103,27.4924]],[[-97.8085,27.5144],[-97.8082,27.4925]],[[-98.0425,27.9061],[-98.0487,27.8848]],[[-98.0502,27.9058],[-98.0327,27.8904]],[[-97.516,27.7794],[-97.4968,27.7618]],[[-97.496,27.7624],[-97.4964,27.7818]],[[-97.3014,27.7006],[-97.2843,27.6853]],[[-97.2921,27.6952],[-97.2813,27.6856]],[[-97.2885,27.6992],[-97.2885,27.6856]],[[-114.8029,32.4508],[-114.7928,32.4404]],[[-75.5926,6.2089],[-75.5884,6.2311]],[[57.7914,25.6498],[57.812,25.6597]],[[28.2613,45.8513],[28.266,45.8364]],[[25.2501,39.9284],[25.2223,39.9055]],[[26.6059,39.0487],[26.5917,39.0664]],[[25.3517,37.4271],[25.3446,37.4433]],[[24.4889,38.9516],[24.4862,38.9836]],[[24.4869,38.9549],[24.4845,38.9835]],[[-97.6573,30.1791],[-97.6579,30.2038]],[[-99.8292,28.527],[-99.818,28.5175]],[[-99.7644,30.5176],[-99.7645,30.504]],[[-98.1771,19.5272],[-98.1699,19.5488]],[[-110.3522,31.5876],[-110.3285,31.5876]],[[-110.3294,31.5841],[-110.3433,31.5929]],[[20.374,54.7673],[20.4198,54.7659]],[[30.1806,50.6178],[30.2019,50.5894]],[[22.4463,39.6457],[22.4822,39.6511]],[[125.0944,6.0726],[125.098,6.0437]],[[5.4532,51.1596],[5.4871,51.1775]],[[5.4851,51.1739],[5.4588,51.1601]],[[2.2833,43.5616],[2.2963,43.5498]],[[-118.4913,34.2189],[-118.4892,34.197]],[[-119.7692,39.5138],[-119.7693,39.4836]],[[-119.7668,39.4892],[-119.7667,39.5138]],[[-91.7759,38.1304],[-91.7627,38.1194]],[[-91.7767,38.1248],[-91.7628,38.1352]],[[-119.7788,39.4963],[-119.7574,39.4962]],[[-92.6941,37.9789],[-92.6868,37.9666]],[[-75.8875,23.5672],[-75.8676,23.5577]],[[27.0802,-26.6775],[27.0843,-26.6617]],[[100.2871,5.3084],[100.2667,5.2859]],[[-92.1638,38.5957],[-92.1462,38.5869]],[[-0.3247,47.5589],[-0.301,47.5614]],[[-13.6233,9.5673],[-13.6005,9.5866]],[[42.5929,16.8892],[42.5787,16.913]],[[24.0194,-30.6999],[24.0217,-30.6846]],[[-111.1793,32.1401],[-111.1626,32.1452]],[[-75.7741,23.4642],[-75.7889,23.4687]],[[73.0166,55.0947],[72.9757,55.0815]],[[2.3931,6.3637],[2.3758,6.3507]],[[23.5467,38.3446],[23.5788,38.3388]],[[23.4112,-27.4658],[23.4124,-27.4505]],[[-94.301,37.8584],[-94.3087,37.8462]],[[-76.5048,3.4545],[-76.4898,3.4626]],[[-123.7609,39.2663],[-123.7466,39.2577]],[[34.3895,56.2559],[34.4274,56.264]],[[70.5063,34.3942],[70.4902,34.4061]],[[64.7672,35.9238],[64.7548,35.9374]],[[71.7325,29.3507],[71.7038,29.3457]],[[66.9511,24.8985],[66.9297,24.879]],[[66.9564,24.8985],[66.9231,24.8985]],[[120.6196,24.2815],[120.6218,24.2486]],[[120.2612,22.768],[120.2618,22.7954]],[[119.6228,23.5534],[119.6337,23.584]],[[125.289,24.7758],[125.3012,24.7899]],[[-176.6275,51.8888],[-176.6552,51.8792]],[[22.7779,39.481],[22.7619,39.4739]],[[-88.2468,41.9142],[-88.2536,41.894]],[[-88.2442,41.9105],[-88.2499,41.8934]],[[38.0375,55.8889],[38.0816,55.8677]],[[105.6902,-10.4408],[105.6918,-10.4597]],[[20.9528,44.7812],[20.9718,44.7675]],[[23.127,52.0009],[23.1591,52.0097]],[[23.1172,51.9966],[23.1479,52.005]],[[126.1066,38.2397],[126.1347,38.2363]],[[126.6165,38.6956],[126.5922,38.6838]],[[127.4488,38.6017],[127.455,38.6253]],[[128.1362,40.6895],[128.1636,40.6741]],[[21.6741,52.1955],[21.6378,52.1956]],[[125.8991,39.403],[125.8824,39.4212]],[[-72.6396,40.8471],[-72.6264,40.8379]],[[-72.6378,40.8485],[-72.637,40.8346]],[[-72.639,40.8363],[-72.6172,40.8543]],[[142.8607,49.727],[142.8579,49.7493]],[[-84.5694,42.778],[-84.6014,42.7782]],[[-84.5862,42.7814],[-84.6009,42.7733]],[[-25.0471,16.839],[-25.0621,16.8283]],[[-66.3547,-33.26],[-66.3583,-33.2863]],[[-118.23,34.738],[-118.2072,34.7441]],[[-95.9061,41.3138],[-95.886,41.2927]],[[-95.8824,41.2946],[-95.9004,41.3135]],[[-95.8945,41.313],[-95.8946,41.291]],[[8.5337,50.0458],[8.4971,50.037]],[[102.1467,51.6783],[102.172,51.6778]],[[-111.3175,32.5032],[-111.3332,32.5165]],[[-111.2262,32.4177],[-111.2105,32.4041]],[[-70.2677,41.6742],[-70.283,41.6645]],[[-70.2795,41.6638],[-70.2919,41.6748]],[[24.9736,44.373],[24.9983,44.3732]],[[-83.3554,42.1991],[-83.3304,42.1995]],[[-83.3518,42.1956],[-83.337,42.2157]],[[-83.331,42.2175],[-83.3634,42.217]],[[-83.35,42.2312],[-83.3704,42.2036]],[[-83.384,42.2022],[-83.3663,42.2263]],[[-83.3372,42.2268],[-83.3512,42.2078]],[[12.9031,50.2063],[12.929,50.1993]],[[175.3362,-37.8557],[175.3294,-37.8746]],[[147.4601,-35.1671],[147.4773,-35.1596]],[[-51.1191,-23.3373],[-51.1384,-23.3308]],[[-94.9184,39.3759],[-94.911,39.3607]],[[-74.2613,41.5208],[-74.2682,41.5081]],[[146.9492,-36.068],[146.9696,-36.0655]],[[-83.5196,42.2448],[-83.5399,42.2306]],[[-94.9069,39.785],[-94.9069,39.7622]],[[-84.1471,22.0959],[-84.1744,22.0925]],[[-84.1481,22.1128],[-84.1521,22.0953]],[[17.9217,46.3823],[17.9131,46.4042]],[[-70.5301,41.6501],[-70.5142,41.6649]],[[-72.2696,42.9043],[-72.2709,42.8873]],[[-72.5239,42.2038],[-72.5501,42.1752]],[[-72.5235,42.1927],[-72.5421,42.2064]],[[-68.1516,-22.9279],[-68.1656,-22.9153]],[[-83.3381,33.9489],[-83.3181,33.9494]],[[-83.005,42.4068],[-83.0162,42.418]],[[120.6899,30.7154],[120.6703,30.6962]],[[28.1223,36.3852],[28.0961,36.3813]],[[69.8102,38.0012],[69.8007,37.9747]],[[69.6532,37.6356],[69.6376,37.646]],[[71.5174,37.4957],[71.5096,37.5109]],[[-74.8493,44.9301],[-74.8383,44.9431]],[[-75.7308,4.8155],[-75.7482,4.8099]],[[1.7455,47.9839],[1.7677,47.9895]],[[121.005,6.0536],[121.0213,6.054]],[[39.7884,47.1087],[39.8054,47.1224]],[[40.0889,45.8804],[40.1211,45.8801]],[[-93.6745,41.5456],[-93.6502,41.529]],[[-93.6774,41.5232],[-93.6506,41.5379]],[[38.2236,46.0607],[38.2555,46.0587]],[[-79.9705,37.3154],[-79.9811,37.3289]],[[-79.984,37.3223],[-79.9662,37.3343]],[[77.0413,11.0287],[77.0544,11.0412]],[[-110.8396,31.4245],[-110.8562,31.4109]],[[-76.984,-0.4687],[-76.9939,-0.4486]],[[-78.9776,-2.8841],[-78.9911,-2.8947]],[[-117.8976,34.8405],[-117.8211,34.8475]],[[-117.8853,34.8389],[-117.8542,34.8289]],[[-117.8476,34.9947],[-117.873,34.9348]],[[24.6935,42.2881],[24.734,42.2933]],[[118.7711,9.7416],[118.7469,9.7426]],[[-99.6747,32.3887],[-99.6748,32.4085]],[[-99.6849,32.4281],[-99.6848,32.4083]],[[-106.5531,41.1498],[-106.5602,41.1644]],[[-100.3503,33.635],[-100.3442,33.6504]],[[8.0907,50.7038],[8.0727,50.7128]],[[-95.9221,41.1277],[-95.8951,41.1111]],[[118.4119,35.0382],[118.4119,35.0671]],[[-62.856,6.2416],[-62.8538,6.2226]],[[-83.4344,42.6661],[-83.4134,42.6668]],[[-72.5677,44.2066],[-72.5588,44.1945]],[[-72.2304,44.894],[-72.2232,44.8804]],[[-112.015,41.2009],[-112.0149,41.1866]],[[-70.965,41.6713],[-70.9527,41.6829]],[[-70.9639,41.6803],[-70.9496,41.6718]],[[-78.3867,35.5478],[-78.394,35.534]],[[-99.2678,32.7283],[-99.2674,32.7145]],[[-98.0207,27.7338],[-98.0338,27.7453]],[[-103.6794,30.3906],[-103.6867,30.3754]],[[-103.6912,30.3824],[-103.6772,30.3889]],[[121.5541,38.9645],[121.5219,38.967]],[[-101.8264,35.1641],[-101.8265,35.1781]],[[-102.5339,32.3401],[-102.5288,32.3243]],[[-123.1383,47.2361],[-123.1568,47.231]],[[-95.4621,29.1182],[-95.4621,29.099]],[[17.3891,49.4214],[17.4205,49.4305]],[[41.369,52.7128],[41.3777,52.691]],[[-123.1305,45.1998],[-123.1482,45.1918]],[[-123.2911,44.5034],[-123.2939,44.4869]],[[103.8715,1.4228],[103.8619,1.4082]],[[-96.382,42.4115],[-96.3823,42.3939]],[[-96.3744,42.3915],[-96.3977,42.4092]],[[-83.7598,42.969],[-83.733,42.9696]],[[-83.743,42.9512],[-83.7435,42.9722]],[[120.302,16.5827],[120.3037,16.6012]],[[35.4551,23.9888],[35.4693,23.9659]],[[35.4705,23.9622],[35.4482,23.9802]],[[33.4921,25.005],[33.5097,24.9836]],[[-83.6736,33.9886],[-83.6594,33.9792]],[[144.9131,13.5793],[144.9444,13.593]],[[144.914,13.5743],[144.9453,13.588]],[[144.8475,13.6202],[144.8684,13.6304]],[[145.6073,14.997],[145.6313,15.0015]],[[-76.3028,40.1203],[-76.2812,40.127]],[[38.9108,58.0971],[38.9451,58.1103]],[[-6.3327,58.2244],[-6.3292,58.2057]],[[112.8009,-7.3821],[112.7726,-7.3775]],[[-83.6973,33.7764],[-83.6884,33.7886]],[[77.6861,13.2072],[77.723,13.2069]],[[-123.5115,48.121],[-123.4918,48.1176]],[[39.0008,8.7296],[39.0108,8.7035]],[[-5.3751,6.893],[-5.3571,6.9132]],[[25.7543,-9.4639],[25.7638,-9.4737]],[[-90.6358,38.6617],[-90.6598,38.6577]],[[-111.4382,40.4758],[-111.4194,40.4879]],[[-81.8959,39.9391],[-81.8859,39.9505]],[[-81.8892,39.9381],[-81.8974,39.9502]],[[29.4784,0.5169],[29.473,0.5023]],[[-67.8162,-49.3084],[-67.7893,-49.3051]],[[-97.3943,42.9242],[-97.3797,42.9116]],[[20.6125,-26.4549],[20.6005,-26.4417]],[[-98.3519,28.7839],[-98.3381,28.7738]],[[-122.2885,38.2077],[-122.2715,38.2109]],[[-122.278,38.2232],[-122.2853,38.208]],[[-110.9421,42.7184],[-110.9422,42.6992]],[[-111.0452,43.1881],[-111.033,43.1766]],[[-110.1179,42.593],[-110.1044,42.5772]],[[-106.7297,44.3874],[-106.714,44.3748]],[[-109.0125,44.5264],[-109.0343,44.5145]],[[-149.499,68.486],[-149.4813,68.4735]],[[-122.8638,45.7779],[-122.8599,45.7642]],[[-139.665,59.5114],[-139.6353,59.4965]],[[-139.6849,59.4963],[-139.6601,59.509]],[[-179.3935,68.8777],[-179.357,68.8596]],[[-173.2332,64.3892],[-173.2515,64.369]],[[-160.8061,63.898],[-160.7961,63.8825]],[[-155.6622,20.0057],[-155.6741,19.997]],[[-158.498,59.0525],[-158.5131,59.0368]],[[-157.3877,58.1925],[-157.365,58.1784]],[[-155.6046,62.943],[-155.6053,62.9592]],[[-151.2576,60.5637],[-151.2359,60.5815]],[[-152.09,65.1745],[-152.1225,65.1743]],[[-151.5384,66.9081],[-151.5196,66.9198]],[[-146.2267,61.1355],[-146.2629,61.1328]],[[-145.4567,62.1617],[-145.4522,62.1482]],[[-132.3564,56.4797],[-132.3834,56.4889]],[[103.7093,1.3999],[103.7072,1.3753]],[[5.0964,47.2551],[5.0936,47.2766]],[[5.0821,47.2642],[5.0884,47.2802]],[[-131.7239,55.3614],[-131.6987,55.3467]],[[-124.5212,42.8645],[-124.5144,42.8515]],[[-124.0594,44.5868],[-124.0584,44.5721]],[[-124.2606,43.4148],[-124.2403,43.423]],[[-124.2474,43.4212],[-124.2379,43.4093]],[[-120.6496,35.2422],[-120.6328,35.2327]],[[14.2249,52.6119],[14.2602,52.614]],[[-120.1192,36.994],[-120.1058,36.9832]],[[-123.8189,45.4242],[-123.811,45.4118]],[[-121.2401,40.2756],[-121.2427,40.2919]],[[-122.2502,40.1431],[-122.2543,40.158]],[[-121.7405,42.1692],[-121.7264,42.143]],[[-121.7233,42.1562],[-121.7426,42.1563]],[[-121.4559,43.8691],[-121.4502,43.8835]],[[-117.8226,35.663],[-117.8333,35.6484]],[[-117.8285,35.6482],[-117.8345,35.6675]],[[-121.2002,44.1016],[-121.2002,44.0875]],[[-119.4461,33.2305],[-119.4702,33.2491]],[[-52.3197,-28.2411],[-52.3371,-28.2472]],[[-122.4118,45.5492],[-122.3921,45.5495]],[[-118.3733,37.3801],[-118.3553,37.3655]],[[-118.3618,37.3654],[-118.3616,37.3807]],[[-118.3551,37.3735],[-118.3741,37.3736]],[[-122.5836,47.0874],[-122.5781,47.0711]],[[-117.1467,38.7037],[-117.1469,38.6859]],[[-120.5595,46.5726],[-120.5311,46.5654]],[[-118.5729,40.0619],[-118.5629,40.075]],[[-118.5532,40.0642],[-118.571,40.0643]],[[-118.7574,39.4938],[-118.7408,39.5051]],[[-119.7519,38.9912],[-119.752,39.0115]],[[-122.6365,48.1951],[-122.6277,48.1818]],[[-119.2635,39.3994],[-119.24,39.4063]],[[-114.3927,32.8756],[-114.3965,32.8591]],[[-114.3818,32.8638],[-114.4008,32.8598]],[[-119.1515,39.0124],[-119.1616,38.9985]],[[-119.8674,39.6613],[-119.8816,39.6834]],[[-119.8653,39.6622],[-119.8922,39.6643]],[[-115.6222,35.7897],[-115.6364,35.8008]],[[-86.4135,43.9593],[-86.3956,43.9638]],[[-111.6208,25.0586],[-111.6089,25.049]],[[-117.8776,42.5836],[-117.896,42.57]],[[-115.9352,34.1344],[-115.9534,34.1344]],[[-85.5909,44.7412],[-85.5639,44.7399]],[[148.1712,-23.5722],[148.1886,-23.5665]],[[-114.432,34.5357],[-114.432,34.5221]],[[-116.8592,33.9226],[-116.8428,33.9225]],[[-117.7266,42.0184],[-117.7277,42.0023]],[[-112.1069,25.1949],[-112.1211,25.1993]],[[-117.8012,44.8313],[-117.8147,44.8435]],[[-112.1977,25.998],[-112.1871,25.9885]],[[-116.1564,33.6396],[-116.1564,33.6154]],[[-116.1594,33.6205],[-116.1709,33.6301]],[[-117.2516,45.3527],[-117.2561,45.3665]],[[-0.4333,43.3877],[-0.4083,43.3745]],[[-114.4479,36.5746],[-114.4388,36.5617]],[[-118.2917,46.0853],[-118.2765,46.0997]],[[-119.5069,47.317],[-119.5219,47.3059]],[[-119.3329,47.1967],[-119.3003,47.2128]],[[-119.3265,47.2256],[-119.3099,47.1904]],[[-121.1534,44.6601],[-121.1534,44.6741]],[[-118.8367,45.6894],[-118.8538,45.6988]],[[-118.8287,45.6955],[-118.8534,45.6954]],[[-112.1026,27.0994],[-112.0943,27.086]],[[-117.0275,46.3738],[-117.0021,46.371]],[[-114.6544,41.9669],[-114.6616,41.9848]],[[-116.0012,39.6136],[-116.0061,39.5939]],[[-116.8849,40.5939],[-116.8651,40.6069]],[[-116.8651,40.5902],[-116.8822,40.6053]],[[-114.9126,41.1145],[-114.9321,41.1173]],[[-114.043,40.7262],[-114.0226,40.7106]],[[-114.0433,40.719],[-114.0075,40.719]],[[-109.9497,22.9543],[-109.9295,22.9437]],[[-111.7742,32.9513],[-111.7595,32.9585]],[[-116.102,44.8971],[-116.1015,44.8804]],[[-111.3854,36.0995],[-111.3804,36.083]],[[-84.3872,39.5364],[-84.4034,39.5256]],[[-56.0895,-15.8429],[-56.0864,-15.8586]],[[-100.8774,20.5453],[-100.8955,20.5467]],[[-103.5837,41.8661],[-103.6049,41.8822]],[[-103.6106,41.8698],[-103.5834,41.878]],[[79.707,13.0807],[79.6747,13.0615]],[[22.2497,48.6366],[22.2766,48.6324]],[[-80.6188,-5.2167],[-80.614,-5.1949]],[[-90.3446,34.6737],[-90.351,34.6964]],[[40.5703,43.1158],[40.588,43.0924]],[[-89.862,35.3652],[-89.8788,35.3481]],[[72.7339,21.1063],[72.7489,21.1214]],[[-122.3181,47.4406],[-122.3179,47.4638]],[[-64.2803,-31.4526],[-64.2628,-31.4459]],[[-64.2554,-31.4485],[-64.2619,-31.4343]],[[28.7881,36.7002],[28.7969,36.7261]],[[26.1248,50.6134],[26.1574,50.6023]],[[-93.5658,41.6826],[-93.5658,41.6976]],[[83.5248,53.3595],[83.5593,53.3681]],[[-176.2089,-13.2384],[-176.1896,-13.2383]],[[-131.5862,55.0511],[-131.5693,55.0336]],[[-131.553,55.0483],[-131.5727,55.0371]],[[-122.4133,43.2187],[-122.4299,43.2289]],[[-173.9549,-18.5864],[-173.9708,-18.5847]],[[-158.0302,21.4843],[-158.044,21.4792]],[[-87.9004,42.1106],[-87.9071,42.1233]],[[-120.6259,35.6806],[-120.6356,35.6661]],[[-122.4764,47.1238],[-122.4765,47.1515]],[[-123.2025,44.1162],[-123.2027,44.1332]],[[-123.2188,44.1132],[-123.2192,44.1357]],[[-114.2761,27.1759],[-114.2779,27.1903]],[[-114.6192,34.7604],[-114.6336,34.767]],[[-117.1917,37.4829],[-117.1855,37.5]],[[-117.0927,38.0675],[-117.0863,38.0486]],[[-117.0749,38.0578],[-117.091,38.0667]],[[-117.3665,34.6006],[-117.3877,34.5827]],[[-117.3864,34.5803],[-117.3867,34.6162]],[[-117.2483,33.865],[-117.2706,33.8964]],[[43.7244,-23.3916],[43.7323,-23.3749]],[[79.554,13.6341],[79.5332,13.6311]],[[-112.0621,41.5422],[-112.0624,41.5665]],[[-112.6049,42.8991],[-112.6049,42.9187]],[[1.1684,49.3795],[1.184,49.391]],[[-114.2874,43.4953],[-114.3001,43.5084]],[[-114.5032,42.4813],[-114.471,42.4807]],[[-113.88,45.1308],[-113.8829,45.1158]],[[-117.6299,47.6226],[-117.6817,47.6075]],[[-115.8754,50.3382],[-115.872,50.3243]],[[-110.657,33.3513],[-110.6777,33.355]],[[-106.0962,35.6084],[-106.08,35.6271]],[[-106.0916,35.6244],[-106.0867,35.6075]],[[-106.1014,35.6206],[-106.0817,35.6142]],[[-107.7637,37.1412],[-107.7442,37.1616]],[[-109.6421,32.8587],[-109.6284,32.847]],[[-108.6362,37.2956],[-108.6199,37.3104]],[[-111.6789,35.1312],[-111.6635,35.1457]],[[-108.7775,35.5138],[-108.8011,35.5083]],[[-107.8926,38.5024],[-107.8928,38.5299]],[[-104.7614,39.715],[-104.7425,39.6885]],[[-104.8515,39.5841],[-104.8502,39.5567]],[[-108.7056,36.6916],[-108.6964,36.7038]],[[-106.3649,31.8629],[-106.3952,31.8361]],[[-106.1326,32.8468],[-106.1071,32.8663]],[[-106.1077,32.8666],[-106.0994,32.834]],[[-106.1314,32.8452],[-106.0833,32.8527]],[[-104.5369,33.2861],[-104.5068,33.3113]],[[-104.5392,33.3151],[-104.5393,33.2876]],[[-107.8975,37.9514],[-107.92,37.9562]],[[-106.9318,39.641],[-106.9037,39.6441]],[[-108.1433,32.6324],[-108.1652,32.6324]],[[-106.2588,35.8779],[-106.2785,35.8814]],[[-109.7634,38.7469],[-109.7475,38.7619]],[[-104.2533,32.3423],[-104.27,32.3423]],[[-104.2617,32.3268],[-104.2709,32.3428]],[[-104.2566,32.3381],[-104.2742,32.3227]],[[-110.7073,35.0195],[-110.7285,35.0294]],[[-110.7165,35.025],[-110.7378,35.0143]],[[-106.9486,38.5316],[-106.913,38.5399]],[[-119.7292,35.4727],[-119.7152,35.4634]],[[-108.199,35.7253],[-108.2042,35.71]],[[-110.7338,43.6155],[-110.7417,43.5992]],[[-105.6874,41.3027],[-105.6653,41.319]],[[-105.6651,41.3076],[-105.6813,41.3197]],[[-105.8768,46.424],[-105.8926,46.4348]],[[-107.2341,40.4867],[-107.2013,40.4757]],[[-105.5841,48.098],[-105.566,48.091]],[[-106.9696,44.7761],[-106.9875,44.7709]],[[-70.9219,42.592],[-70.9102,42.5814]],[[-82.223,29.1583],[-82.2231,29.1788]],[[-106.6078,48.2073],[-106.6225,48.2168]],[[-106.6042,48.2128],[-106.6247,48.2128]],[[-108.4726,43.0696],[-108.4446,43.0603]],[[-104.2011,47.6976],[-104.1918,47.7119]],[[-111.3728,47.4954],[-111.3728,47.4789]],[[-111.3538,47.4897],[-111.3838,47.4693]],[[-117.5533,47.617],[-117.52,47.6168]],[[151.7466,-27.4149],[151.7368,-27.4024]],[[-109.7728,48.5441],[-109.7513,48.544]],[[-71.7663,42.5583],[-71.7521,42.5494]],[[-84.246,39.8951],[-84.2141,39.9121]],[[-84.2019,39.9019],[-84.2232,39.8906]],[[-84.2113,39.894],[-84.2121,39.9173]],[[-100.2434,25.8566],[-100.2324,25.8724]],[[-100.235,25.8643],[-100.2477,25.8716]],[[-101.6912,39.3642],[-101.7051,39.3747]],[[-102.6932,38.0578],[-102.6894,38.0755]],[[-102.6762,38.074],[-102.6935,38.0739]],[[-99.972,37.7731],[-99.9624,37.7576]],[[-97.0726,31.628],[-97.0738,31.6516]],[[-97.6492,35.5296],[-97.6492,35.5433]],[[-97.6455,35.5246],[-97.6455,35.5443]],[[-96.1893,38.3388],[-96.193,38.3255]],[[-98.9894,34.3439],[-98.9893,34.3606]],[[43.707,47.9735],[43.7387,47.967]],[[40.3665,46.8416],[40.3952,46.8305]],[[41.5019,46.4155],[41.5272,46.4151]],[[-101.3745,37.1556],[-101.3674,37.168]],[[-97.8225,31.054],[-97.8353,31.0804]],[[-97.473,35.2422],[-97.4731,35.2564]],[[-96.3629,30.5966],[-96.3586,30.5778]],[[-96.3573,30.5869],[-96.3728,30.5915]],[[-99.8313,39.387],[-99.8317,39.3733]],[[80.4293,26.4046],[80.4036,26.4041]],[[151.8411,-26.5866],[151.8381,-26.5725]],[[-96.6802,39.1315],[-96.6635,39.1471]],[[-96.6657,39.1391],[-96.6765,39.1499]],[[-97.0237,34.2941],[-97.0235,34.3088]],[[-97.0083,34.2971],[-97.0292,34.3147]],[[-97.7911,36.3868],[-97.7911,36.3632]],[[-97.4915,32.9695],[-97.4931,32.9858]],[[-99.8504,32.4025],[-99.8588,32.439]],[[-99.2763,38.8528],[-99.2713,38.8355]],[[-98.4156,34.555],[-98.4172,34.5785]],[[-100.5008,31.3468],[-100.4975,31.3693]],[[-101.0483,39.4353],[-101.0484,39.4212]],[[-97.9147,36.3303],[-97.9146,36.3555]],[[-97.9232,36.3239],[-97.9232,36.3492]],[[-97.911,36.3331],[-97.911,36.3469]],[[-103.1577,36.4392],[-103.1471,36.4538]],[[0.1442,49.3687],[0.1648,49.3618]],[[126.2373,45.6124],[126.2633,45.6345]],[[-92.2203,46.8425],[-92.178,46.8413]],[[-92.1883,46.8358],[-92.1763,46.8491]],[[-82.1534,28.2161],[-82.1533,28.2331]],[[-82.1533,28.2342],[-82.1637,28.2242]],[[-81.0444,24.7288],[-81.0583,24.7235]],[[-68.2765,-54.8426],[-68.3147,-54.844]],[[-77.6201,40.6819],[-77.6336,40.6729]],[[-77.838,40.8556],[-77.8572,40.8445]],[[-78.8275,40.3081],[-78.8422,40.3237]],[[-75.0045,40.0739],[-75.0158,40.0845]],[[-75.0015,40.0902],[-75.0203,40.0775]],[[-77.9997,42.1095],[-77.9802,42.1096]],[[-75.1389,40.191],[-75.1574,40.2088]],[[-75.9725,42.202],[-75.9865,42.2189]],[[-79.3999,40.2809],[-79.4208,40.2653]],[[-67.9148,10.1491],[-67.9421,10.1504]],[[-71.4183,41.7186],[-71.4322,41.7317]],[[-71.421,41.7305],[-71.4379,41.7103]],[[-70.6978,43.3937],[-70.7143,43.4003]],[[-70.6993,43.3959],[-70.7197,43.3867]],[[-69.795,44.3154],[-69.8037,44.3277]],[[-60.6788,2.8522],[-60.6953,2.8437]],[[-58.2243,-26.2055],[-58.2319,-26.2201]],[[63.1266,61.2801],[63.1521,61.2561]],[[34.0887,57.6436],[34.1096,57.6678]],[[123.8366,8.1712],[123.846,8.1856]],[[72.6391,61.1196],[72.6606,61.0977]],[[-74.57,-8.366],[-74.5787,-8.3898]],[[81.7495,21.1865],[81.7317,21.1765]],[[143.4139,44.2975],[143.3942,44.3103]],[[142.0619,-37.654],[142.0619,-37.6386]],[[33.3977,57.0821],[33.3814,57.0714]],[[20.6227,54.5652],[20.5831,54.5594]],[[30.0181,59.3491],[30.0523,59.3633]],[[135.3574,33.6697],[135.3717,33.6549]],[[-109.4214,26.985],[-109.4106,26.997]],[[39.5322,52.7125],[39.5441,52.6927]],[[99.1256,9.1224],[99.1455,9.1427]],[[73.3762,61.3438],[73.4281,61.344]],[[17.3003,44.9305],[17.2946,44.9524]],[[-48.8037,-26.2198],[-48.791,-26.2291]],[[41.0269,57.7912],[41.0116,57.8037]],[[95.0109,27.4778],[95.0243,27.4898]],[[-77.0758,26.5104],[-77.0944,26.5099]],[[35.2163,32.5974],[35.241,32.597]],[[20.1752,54.8578],[20.1936,54.8721]],[[80.8208,16.5356],[80.7901,16.5292]],[[124.547,12.0647],[124.5435,12.0792]],[[-100.9335,29.3808],[-100.9209,29.3676]],[[6.9427,5.0027],[6.9564,5.0282]],[[12.2983,53.9166],[12.2602,53.9196]],[[70.0947,23.108],[70.1061,23.1168]],[[43.4712,56.5319],[43.4898,56.512]],[[34.3694,54.2133],[34.3687,54.2402]],[[128.8279,32.6577],[128.8377,32.6749]],[[64.8213,60.0968],[64.8302,60.1174]],[[-91.7023,44.0758],[-91.721,44.0834]],[[42.6216,19.9705],[42.6246,19.9979]],[[167.7405,8.7229],[167.7228,8.7174]],[[65.4045,55.4647],[65.4257,55.4854]],[[81.1721,8.5337],[81.1907,8.5447]],[[123.842,-17.5852],[123.8151,-17.5756]],[[88.6181,24.4293],[88.615,24.4455]],[[46.1951,51.4689],[46.2316,51.4904]],[[-75.7258,44.0455],[-75.7153,44.0718]],[[-79.9178,40.3543],[-79.9411,40.3543]],[[-78.8899,41.1817],[-78.9075,41.1748]],[[-75.3888,43.221],[-75.4255,43.2469]],[[-97.1981,33.1928],[-97.1977,33.2117]],[[-99.5211,36.4293],[-99.5209,36.4441]],[[-101.8288,33.6508],[-101.829,33.6824]],[[-102.1918,31.9385],[-102.2164,31.9476]],[[-102.2029,31.9334],[-102.2055,31.9594]],[[-100.723,37.9192],[-100.7228,37.9392]],[[-100.7333,37.9309],[-100.7194,37.9198]],[[-97.6459,38.8104],[-97.6459,38.7766]],[[-98.6705,46.9357],[-98.6867,46.9245]],[[-98.6687,46.9231],[-98.6871,46.9356]],[[-96.1933,48.0709],[-96.1746,48.0585]],[[-96.1928,48.0617],[-96.18,48.0722]],[[-101.2647,48.258],[-101.2908,48.258]],[[-101.2678,48.2495],[-101.2888,48.2653]],[[-103.065,44.0538],[-103.0494,44.0328]],[[-98.9024,48.1111],[-98.9197,48.1241]],[[-97.1678,47.9524],[-97.1951,47.9524]],[[-97.4008,47.9444],[-97.4008,47.9782]],[[-101.5856,47.296],[-101.5764,47.2839]],[[-98.4273,45.4372],[-98.4274,45.4521]],[[-98.409,45.4418],[-98.4281,45.4552]],[[-103.1207,44.1589],[-103.0864,44.1313]],[[-98.2419,44.3927],[-98.2192,44.3799]],[[-98.2257,44.3904],[-98.2255,44.3768]],[[-102.7986,46.7938],[-102.8129,46.8111]],[[-102.7949,42.0421],[-102.7951,42.0594]],[[-102.7974,42.0589],[-102.8201,42.0587]],[[-102.7943,42.0423],[-102.8186,42.06]],[[-99.9813,42.577],[-99.9958,42.5875]],[[-99.9964,42.5675],[-99.9967,42.5868]],[[-97.036,50.62],[-97.0506,50.6361]],[[-96.8022,46.927],[-96.8273,46.9271]],[[-91.5092,14.8609],[-91.4949,14.8714]],[[-90.8395,13.9444],[-90.8322,13.9278]],[[-91.141,30.5395],[-91.1574,30.5245]],[[-91.1448,30.5275],[-91.1609,30.5407]],[[-91.9356,34.1663],[-91.9357,34.1828]],[[-92.5592,31.3379],[-92.5416,31.3171]],[[-81.256,-4.5658],[-81.2522,-4.5874]],[[-81.2238,-4.538],[-81.2245,-4.5624]],[[-92.4639,36.3732],[-92.4772,36.3646]],[[-89.3371,31.4766],[-89.3371,31.4582]],[[-91.9821,30.2026],[-91.9981,30.2077]],[[-91.9779,30.2131],[-91.9942,30.1954]],[[-93.5437,38.747],[-93.552,38.7136]],[[-94.7407,31.2381],[-94.7575,31.2343]],[[-92.5885,32.5214],[-92.5884,32.505]],[[-88.5913,33.4593],[-88.5916,33.4373]],[[-90.9821,33.4745],[-90.9821,33.4969]],[[-90.9872,33.4948],[-90.9872,33.4745]],[[73.1385,-0.6906],[73.1648,-0.6947]],[[110.3685,1.4935],[110.3369,1.481]],[[115.853,-31.4666],[115.873,-31.462]],[[15.0314,59.2076],[15.043,59.2363]],[[83.218,17.7151],[83.2307,17.7262]],[[96.3678,61.6803],[96.3398,61.6751]],[[59.533,50.8044],[59.4979,50.8065]],[[67.7136,26.4818],[67.718,26.4644]],[[107.5602,56.2738],[107.5747,56.2856]],[[-86.1188,42.7413],[-86.0968,42.7443]],[[53.1511,67.6418],[53.0913,67.6387]],[[73.7775,32.0687],[73.8041,32.0878]],[[69.1755,28.6373],[69.1775,28.6536]],[[146.4192,-41.1697],[146.4404,-41.1657]],[[33.9682,45.0359],[33.9792,45.0682]],[[-84.0652,39.8149],[-84.0313,39.8376]],[[-84.0329,39.8318],[-84.0517,39.8192]],[[-100.7623,46.7844],[-100.7376,46.7657]],[[-100.7489,46.7622],[-100.7313,46.7771]],[[23.2102,56.951],[23.2373,56.934]],[[49.1114,55.8741],[49.1539,55.8582]],[[-61.3518,10.5953],[-61.3227,10.5954]],[[44.3033,46.3766],[44.3445,46.3727]],[[24.4714,55.7223],[24.4497,55.7356]],[[99.5049,18.2623],[99.5034,18.28]],[[118.2809,56.9205],[118.2596,56.9085]],[[85.3138,23.3212],[85.3319,23.3066]],[[140.1726,49.2412],[140.2156,49.2298]],[[57.2783,63.8172],[57.2806,63.8311]],[[91.8788,24.9586],[91.8512,24.9692]],[[100.4068,6.1989],[100.3901,6.1807]],[[24.9708,70.0804],[24.9762,70.0572]],[[44.331,48.7882],[44.3603,48.777]],[[75.0941,15.3626],[75.0701,15.3597]],[[-93.2367,44.8662],[-93.2423,44.8878]],[[82.0437,19.078],[82.0294,19.0708]],[[81.6711,7.7018],[81.6834,7.7085]],[[85.8436,51.9785],[85.8293,51.9599]],[[-98.9549,31.7865],[-98.9551,31.8019]],[[53.3911,54.4469],[53.3843,54.4321]],[[-108.5283,25.6516],[-108.5479,25.6523]],[[41.773,48.3125],[41.8072,48.3116]],[[-73.0661,-40.6023],[-73.0565,-40.6182]],[[108.0471,61.2798],[108.0172,61.2717]],[[9.3023,61.0039],[9.2849,61.0181]],[[148.315,45.2378],[148.3078,45.2648]],[[-80.9445,8.0775],[-80.9458,8.091]],[[6.2959,35.7441],[6.3228,35.7596]],[[108.1065,12.6686],[108.134,12.6681]],[[40.6907,64.3817],[40.7544,64.381]],[[72.1763,21.7486],[72.1951,21.7557]],[[-64.3042,-27.7559],[-64.3157,-27.7753]],[[134.0022,34.2106],[134.0293,34.2175]],[[61.9686,56.4443],[62.0048,56.431]],[[71.5539,32.5545],[71.5878,32.5703]],[[124.8863,56.9081],[124.9413,56.9196]],[[-114.8035,30.925],[-114.8136,30.9354]],[[140.4274,37.2156],[140.4285,37.2392]],[[142.7653,50.6635],[142.7553,50.6761]],[[140.0124,35.7889],[140.012,35.8091]],[[-95.7249,38.295],[-95.725,38.31]],[[-94.1681,35.9971],[-94.1714,36.0104]],[[-92.5563,38.0889],[-92.5427,38.1031]],[[-89.6676,39.838],[-89.6887,39.8501]],[[-89.6675,39.8533],[-89.6864,39.8369]],[[-89.5603,37.2225],[-89.5818,37.2274]],[[-93.1356,30.1968],[-93.1505,30.2238]],[[-95.5061,37.324],[-95.5062,37.3377]],[[-95.3942,32.3599],[-95.4132,32.3438]],[[-90.2267,32.3428],[-90.2204,32.3291]],[[-95.7765,37.1647],[-95.7766,37.1496]],[[-93.2191,30.1125],[-93.2279,30.1287]],[[-93.2297,30.1286],[-93.2169,30.1373]],[[-94.1181,36.1836],[-94.1203,36.1692]],[[-89.0074,37.7687],[-89.0183,37.7479]],[[-90.0741,32.2942],[-90.0844,32.3158]],[[-90.0674,32.3065],[-90.0777,32.3282]],[[-94.3016,36.2705],[-94.312,36.2932]],[[-94.3815,35.3336],[-94.3506,35.3375]],[[-94.3693,35.3323],[-94.3633,35.3451]],[[166.2265,-22.0221],[166.1996,-22.007]],[[35.7377,56.8218],[35.7771,56.8276]],[[43.3048,54.9451],[43.3164,54.9667]],[[-77.7384,39.707],[-77.7138,39.7101]],[[5.2235,59.3377],[5.1983,59.3503]],[[95.9741,21.72],[95.9808,21.6821]],[[116.0137,-31.6625],[116.0167,-31.6846]],[[116.0088,-31.6722],[116.0211,-31.6616]],[[162.6894,56.2456],[162.687,56.2307]],[[29.7066,30.9059],[29.6851,30.9303]],[[-3.4453,51.4029],[-3.421,51.4076]],[[175.6036,-40.3199],[175.6256,-40.3199]],[[71.989,34.0786],[71.9534,34.0806]],[[38.004,59.2677],[38.0335,59.2844]],[[77.3327,62.1704],[77.3241,62.1462]],[[132.9364,34.436],[132.9025,34.436]],[[93.0038,60.3676],[93.0197,60.3788]],[[52.48,71.6279],[52.4762,71.6061]],[[6.6451,58.0909],[6.6069,58.1085]],[[0.7928,52.3447],[0.7532,52.341]],[[12.136,-15.2659],[12.1573,-15.2569]],[[-122.6728,48.3513],[-122.64,48.3525]],[[-122.6625,48.3617],[-122.6484,48.3419]],[[54.3673,27.6745],[54.3994,27.6749]],[[-0.4946,52.6096],[-0.4572,52.6165]],[[124.7677,55.2793],[124.7904,55.2907]],[[-122.4309,48.4778],[-122.4128,48.4689]],[[24.8567,56.7915],[24.8511,56.7666]],[[38.8242,56.1457],[38.8328,56.1606]],[[-109.8385,24.0208],[-109.837,24.0346]],[[50.0923,53.1006],[50.1052,53.117]],[[63.6582,56.0368],[63.6987,56.0381]],[[47.8926,56.7164],[47.8976,56.6941]],[[-76.0208,36.3938],[-76.0101,36.4061]],[[32.4024,62.2877],[32.4315,62.2721]],[[159.2354,61.9311],[159.2236,61.9134]],[[85.3225,52.4828],[85.3606,52.4751]],[[17.7659,63.0575],[17.7718,63.0397]],[[6.3644,47.783],[6.3346,47.7916]],[[170.6043,69.7724],[170.5896,69.7942]],[[101.7192,17.4296],[101.7253,17.4487]],[[35.3086,47.8568],[35.3215,47.8775]],[[74.5292,62.1787],[74.5382,62.2025]],[[145.0749,-40.8386],[145.0927,-40.8334]],[[27.257,49.7525],[27.2895,49.7438]],[[39.5916,54.6466],[39.5474,54.6383]],[[133.8413,34.75],[133.8694,34.7638]],[[116.8842,-1.2727],[116.9049,-1.264]],[[150.7509,59.9102],[150.6903,59.9118]],[[-95.3542,48.946],[-95.3394,48.9349]],[[-92.4045,42.5497],[-92.4015,42.5658]],[[-92.4119,42.566],[-92.3875,42.552]],[[40.135,57.5546],[40.1798,57.5667]],[[149.8276,-30.3143],[149.8235,-30.3295]],[[47.9955,46.2825],[48.0141,46.2747]],[[47.9902,46.2846],[48.0314,46.2812]],[[-81.0971,33.6009],[-81.0707,33.6172]],[[69.1655,54.77],[69.2068,54.7809]],[[88.9122,25.7513],[88.9059,25.7668]],[[149.2561,-31.3271],[149.2693,-31.3345]],[[144.1875,43.0515],[144.1985,43.0305]],[[39.0488,54.9007],[39.0052,54.9097]],[[146.9568,-38.0897],[146.9769,-38.0923]],[[136.9512,37.2895],[136.9731,37.297]],[[118.3499,24.4238],[118.3721,24.434]],[[71.4474,33.5613],[71.4335,33.5795]],[[72.838,20.4237],[72.8454,20.4384]],[[129.9246,32.9065],[129.9023,32.9274]],[[36.6175,28.3619],[36.606,28.3711]],[[36.6544,28.3829],[36.6173,28.3676]],[[-94.9468,47.5184],[-94.9265,47.5052]],[[-94.9214,47.5116],[-94.9434,47.5073]],[[88.4209,66.8407],[88.3843,66.8399]],[[17.9368,40.6523],[17.9535,40.6621]],[[132.88,35.4088],[132.9,35.4185]],[[136.4198,36.4008],[136.3951,36.387]],[[-105.5439,44.357],[-105.5388,44.3368]],[[-105.53,44.3577],[-105.5437,44.3453]],[[22.1466,65.5327],[22.0974,65.5548]],[[72.6019,33.982],[72.6193,33.988]],[[130.7273,31.7917],[130.7115,31.8151]],[[57.3561,66.0154],[57.3783,65.9945]],[[141.7883,45.4007],[141.8159,45.4082]],[[127.6466,26.1811],[127.6454,26.2062]],[[19.9049,60.13],[19.8914,60.1144]],[[20.8321,67.1288],[20.7972,67.136]],[[-80.0456,32.8848],[-80.0362,32.9023]],[[25.3783,64.924],[25.3306,64.9362]],[[37.4945,36.9446],[37.4635,36.9513]],[[36.5801,41.2452],[36.5541,41.2638]],[[77.1153,28.5699],[77.0881,28.5706]],[[-120.5434,47.0314],[-120.521,47.0319]],[[-156.6301,58.6678],[-156.6647,58.6839]],[[-142.0563,62.079],[-142.0441,62.0665]],[[-141.9132,62.9628],[-141.943,62.9595]],[[-132.9613,56.7986],[-132.9312,56.8044]],[[-75.4835,-11.7756],[-75.4627,-11.7916]],[[-76.1935,-9.8742],[-76.2126,-9.882]],[[-76.3753,-6.4972],[-76.371,-6.521]],[[-73.2994,-3.7786],[-73.3182,-3.791]],[[-76.458,-2.8009],[-76.4746,-2.7916]],[[-73.657,20.9741],[-73.6769,20.9759]],[[-73.0054,22.3847],[-73.0231,22.3736]],[[2.8241,36.5073],[2.8048,36.5005]],[[5.0566,36.7104],[5.0832,36.7135]],[[2.6709,51.0865],[2.6345,51.094]],[[2.6554,51.0862],[2.6612,51.1036]],[[1.3655,51.3397],[1.3269,51.3445]],[[136.1543,57.6343],[136.1689,57.6504]],[[4.9423,51.5728],[4.9335,51.5559]],[[4.9512,51.5652],[4.9121,51.5696]],[[5.8371,51.5107],[5.8743,51.5239]],[[0.9684,52.1343],[0.9423,52.1198]],[[8.7576,-0.7039],[8.7488,-0.7255]],[[8.3523,4.9859],[8.3423,4.9662]],[[8.521,12.0379],[8.538,12.0549]],[[7.2538,8.9934],[7.2726,9.0202]],[[15.9412,-17.8833],[15.9655,-17.8727]],[[15.785,4.2282],[15.7878,4.2149]],[[15.6399,5.9504],[15.6356,5.9675]],[[36.7164,56.3625],[36.754,56.368]],[[40.9964,57.0539],[40.9627,57.063]],[[40.9499,56.9365],[40.9147,56.9482]],[[38.4407,63.9132],[38.3802,63.9342]],[[44.13,13.6918],[44.1444,13.6875]],[[44.141,13.6995],[44.1369,13.6727]],[[42.6688,18.2309],[42.6442,18.2499]],[[47.7834,28.9463],[47.7982,28.9224]],[[47.5334,29.339],[47.5068,29.3526]],[[47.9986,29.2127],[47.9834,29.2412]],[[47.5347,29.3409],[47.508,29.3545]],[[47.9763,29.2128],[47.9615,29.2405]],[[42.4767,33.7904],[42.433,33.7894]],[[42.4449,33.7724],[42.4116,33.7718]],[[42.45,33.7817],[42.4117,33.7809]],[[43.6158,33.331],[43.581,33.3474]],[[43.614,33.3282],[43.5767,33.3459]],[[47.8675,39.6078],[47.8957,39.5995]],[[46.2401,38.1308],[46.2195,38.144]],[[44.5887,43.2078],[44.6248,43.2025]],[[45.1956,50.1926],[45.2178,50.2098]],[[42.0968,45.1064],[42.1288,45.1122]],[[42.1681,51.3726],[42.1989,51.361]],[[42.1888,51.0845],[42.159,51.0966]],[[68.154,27.3375],[68.132,27.3328]],[[68.3853,26.2078],[68.3949,26.231]],[[66.6348,27.7965],[66.6513,27.7888]],[[66.9256,30.2641],[66.9517,30.2402]],[[68.6408,33.3294],[68.6323,33.3125]],[[69.4733,31.3568],[69.4545,31.3598]],[[70.6502,40.1192],[70.6834,40.1238]],[[66.9697,50.3186],[66.9357,50.3188]],[[69.061,61.0253],[69.1111,61.0317]],[[77.6161,13.1358],[77.5935,13.136]],[[77.781,14.1491],[77.8015,14.1482]],[[75.409,19.8632],[75.382,19.8629]],[[74.6266,15.8607],[74.6055,15.8568]],[[100.9666,78.5922],[101.0327,78.574]],[[26.3441,42.6454],[26.3741,42.6453]],[[127.0143,37.0893],[127.045,37.0919]],[[116.0847,-8.5605],[116.1044,-8.5606]],[[129.4933,50.2028],[129.5145,50.1798]],[[128.7284,51.2545],[128.7117,51.2742]],[[128.432,51.1838],[128.4558,51.1564]],[[128.897,71.6839],[128.909,71.7114]],[[136.8098,-12.2628],[136.8253,-12.2756]],[[136.8139,-31.1347],[136.8113,-31.1569]],[[136.8289,-31.1452],[136.813,-31.1355]],[[136.9329,35.2422],[136.9159,35.2687]],[[135.2381,34.6338],[135.2097,34.6316]],[[137.1902,36.6577],[137.1846,36.6391]],[[133.8712,44.072],[133.8664,44.0942]],[[137.0813,50.6168],[137.0813,50.5947]],[[136.9326,50.4204],[136.9381,50.3984]],[[136.2786,50.0222],[136.3148,50.0406]],[[142.0761,-12.6158],[142.0999,-12.6302]],[[143.8966,-5.6401],[143.8876,-5.6298]],[[141.2974,-2.688],[141.3109,-2.6994]],[[139.4144,35.8337],[139.4068,35.8506]],[[140.2338,39.6143],[140.2036,39.6169]],[[140.8399,41.7658],[140.8042,41.7745]],[[142.4546,43.6601],[142.4405,43.6813]],[[142.9292,49.2804],[142.9286,49.2626]],[[143.2498,66.4582],[143.2724,66.4444]],[[145.724,-40.9968],[145.7433,-40.9992]],[[147.9828,-40.0829],[147.9948,-40.0953]],[[147.1386,-38.106],[147.161,-38.0932]],[[147.128,-38.0957],[147.1537,-38.0988]],[[146.3071,-36.4225],[146.3097,-36.4084]],[[148.3136,-8.7986],[148.3044,-8.8104]],[[145.3921,-6.0924],[145.3906,-6.0753]],[[144.3077,-5.8333],[144.2905,-5.8227]],[[147.6112,44.927],[147.6325,44.9119]],[[145.7945,-5.2069],[145.781,-5.2105]],[[28.7592,60.4527],[28.7328,60.4651]],[[150.4009,-5.4579],[150.4135,-5.4695]],[[154.6779,-5.4175],[154.6675,-5.427]],[[150.3266,-10.3089],[150.3441,-10.3123]],[[31.3185,-26.5217],[31.2966,-26.5363]],[[150.802,-2.5751],[150.8143,-2.5838]],[[25.9238,5.3338],[25.9381,5.3323]],[[25.8215,50.4477],[25.8562,50.4422]],[[32.3156,50.5868],[32.316,50.5598]],[[33.5522,60.7033],[33.5876,60.7172]],[[40.5923,50.7971],[40.6234,50.7863]],[[39.4261,52.6619],[39.4413,52.6366]],[[41.547,51.8443],[41.5632,51.8242]],[[43.7726,56.3154],[43.8186,56.3223]],[[46.2545,60.7836],[46.2711,60.7974]],[[60.2138,57.9896],[60.2553,57.987]],[[47.7572,51.8679],[47.7337,51.8497]],[[56.67,65.0676],[56.6776,65.0407]],[[-47.904,-21.8823],[-47.9038,-21.8668]],[[38.7165,31.6983],[38.7475,31.691]],[[90.0123,61.5972],[89.9778,61.5823]],[[106.1246,50.6704],[106.154,50.6828]],[[106.1228,50.6722],[106.1521,50.6845]],[[113.3143,23.409],[113.3054,23.3757]],[[113.292,23.4085],[113.2835,23.3769]],[[110.0409,25.2343],[110.0381,25.2055]],[[113.8235,34.5253],[113.8588,34.5133]],[[113.422,52.0825],[113.4438,52.0646]],[[108.0459,57.7724],[108.072,57.7733]],[[110.0876,55.8182],[110.1071,55.8322]],[[118.1413,24.5539],[118.1144,24.5347]],[[-97.0998,36.7424],[-97.0997,36.7215]],[[-98.4994,34.0036],[-98.4836,33.9705]],[[-98.486,33.9959],[-98.4932,34.0111]],[[-93.6177,43.2262],[-93.627,43.2406]],[[-93.3439,43.1598],[-93.327,43.1512]],[[-93.3277,43.1508],[-93.3277,43.1686]],[[-87.6232,14.3933],[-87.6192,14.3716]],[[-84.0852,37.0821],[-84.0686,37.0923]],[[-82.6775,27.9125],[-82.6891,27.9]],[[-78.7217,34.2678],[-78.7082,34.278]],[[-79.9372,36.0871],[-79.9524,36.0995]],[[-79.9203,36.1101],[-79.9447,36.0911]],[[-79.4815,36.0444],[-79.4646,36.0551]],[[-78.3246,36.0293],[-78.336,36.0173]],[[-81.4948,41.5597],[-81.4797,41.5694]],[[-82.8615,41.518],[-82.8815,41.5161]],[[-75.445,24.3158],[-75.4599,24.3148]],[[-75.6628,24.6255],[-75.6841,24.633]],[[-74.5376,24.0642],[-74.5111,24.0621]],[[10.4036,43.6928],[10.3844,43.6741]],[[20.6339,8.4335],[20.6364,8.4201]],[[20.5957,43.8104],[20.577,43.8254]],[[21.0211,43.6167],[21.0396,43.6119]],[[27.8099,43.2333],[27.8406,43.2306]],[[34.9187,-19.7993],[34.8968,-19.7937]],[[31.9064,47.0508],[31.9324,47.0654]],[[57.1314,65.1293],[57.1305,65.1133]],[[63.0212,25.9854],[63.0392,25.9874]],[[87.4256,25.7602],[87.3933,25.7601]],[[105.6693,18.7483],[105.6722,18.7269]],[[116.6911,51.5583],[116.7167,51.564]],[[115.4517,51.0234],[115.4105,51.0168]],[[157.2525,-8.329],[157.271,-8.3255]],[[158.5389,54.6767],[158.5609,54.6858]],[[158.1368,54.2814],[158.1663,54.3076]],[[160.8176,56.3045],[160.7916,56.3151]],[[-122.465,41.7932],[-122.4715,41.7687]],[[-117.9704,38.9252],[-117.9481,38.922]],[[-119.7454,38.9953],[-119.7585,39.0054]],[[-90.4905,41.4486],[-90.5271,41.4492]],[[-93.4519,44.8264],[-93.4706,44.829]],[[-86.4666,30.3946],[-86.4763,30.4055]],[[-84.3588,30.3932],[-84.359,30.4124]],[[-84.3312,30.3915],[-84.3565,30.3913]],[[-86.5112,30.4998],[-86.5179,30.4729]],[[-86.5191,30.4724],[-86.5522,30.4888]],[[-87.1742,30.4753],[-87.1959,30.4713]],[[-87.1857,30.4642],[-87.1907,30.4829]],[[-84.9791,32.3221],[-84.9965,32.343]],[[-84.9453,32.5112],[-84.927,32.5225]],[[-84.3237,33.3943],[-84.3384,33.3855]],[[-86.6148,39.1406],[-86.6181,39.1581]],[[-85.9019,39.2674],[-85.8894,39.2577]],[[-85.9049,39.2552],[-85.8864,39.2696]],[[-85.0641,41.9296],[-85.0465,41.936]],[[-85.548,42.2238],[-85.5517,42.2414]],[[-84.7211,44.6887],[-84.7349,44.6792]],[[-84.7231,44.6718],[-84.7364,44.6817]],[[-80.0891,26.6783],[-80.104,26.6918]],[[-80.0778,26.6819],[-80.1084,26.6832]],[[-81.343,27.4482],[-81.3431,27.4626]],[[-81.3362,27.4526],[-81.3472,27.4622]],[[-80.8445,27.2718],[-80.8553,27.2621]],[[-80.795,28.5153],[-80.8107,28.5151]],[[-80.7965,28.5041],[-80.7969,28.525]],[[-81.2156,28.77],[-81.2348,28.7699]],[[-81.2216,28.7818],[-81.256,28.7817]],[[-81.2348,28.7668],[-81.2348,28.7833]],[[-79.7633,34.8955],[-79.7499,34.8874]],[[-78.3721,34.9706],[-78.3592,34.9793]],[[-79.199,37.3283],[-79.208,37.3147]],[[-77.3837,26.739],[-77.3988,26.7517]],[[-77.9103,34.2619],[-77.8905,34.2765]],[[-77.91,34.283],[-77.9009,34.2632]],[[-76.8692,39.9106],[-76.8768,39.9233]],[[-55.0899,-34.8541],[-55.1121,-34.8599]],[[-55.0943,-34.8502],[-55.0936,-34.864]],[[-93.0531,44.9256],[-93.0689,44.9423]],[[-82.337,28.0226],[-82.348,28.0118]],[[-83.9836,35.8168],[-84.004,35.8001]],[[-82.5353,42.9047],[-82.5241,42.9159]],[[-77.3244,37.5165],[-77.3297,37.4989]],[[-77.3069,37.4958],[-77.3236,37.5166]],[[44.2197,15.4909],[44.2199,15.4616]],[[-15.649,11.9085],[-15.6584,11.8812]],[[-16.6396,13.3273],[-16.6649,13.3485]],[[60.7722,56.702],[60.8024,56.702]],[[-75.423,6.1492],[-75.4232,6.1804]],[[-65.7542,-28.6057],[-65.7482,-28.5807]],[[17.6038,59.8994],[17.57,59.8948]],[[17.6019,59.9074],[17.5833,59.8931]],[[25.18,-17.827],[25.1532,-17.8359]],[[30.5009,39.8105],[30.5359,39.8092]],[[33.1433,51.2346],[33.1529,51.2515]],[[-71.4049,41.5898],[-71.4217,41.6077]],[[80.4342,8.307],[80.4234,8.2968]],[[78.1016,9.8352],[78.0808,9.8337]],[[101.747,6.5282],[101.738,6.5075]],[[12.8551,18.9542],[12.8736,18.9741]],[[105.7214,10.0905],[105.6976,10.0769]],[[102.8106,46.2436],[102.7915,46.2587]],[[102.8283,47.255],[102.8241,47.2383]],[[117.3542,39.1114],[117.3382,39.1374]],[[114.6305,48.1399],[114.6627,48.1311]],[[124.2191,7.1627],[124.2015,7.1669]],[[160.5334,61.8306],[160.5648,61.8406]],[[161.3221,68.7453],[161.3566,68.7378]],[[167.227,-15.5103],[167.2126,-15.4989]],[[-91.1996,39.9362],[-91.1832,39.951]],[[-91.2005,39.9458],[-91.187,39.9353]],[[-92.4946,43.9128],[-92.5068,43.8952]],[[-92.4868,43.9036],[-92.5119,43.92]],[[-93.9139,44.2169],[-93.9246,44.2331]],[[-91.2589,43.8931],[-91.2586,43.8694]],[[-91.2596,43.8702],[-91.248,43.8816]],[[-91.2479,43.8735],[-91.2642,43.885]],[[-85.0227,29.7222],[-85.0347,29.7328]],[[-85.0236,29.7292],[-85.0374,29.7224]],[[-86.173,41.0638],[-86.1904,41.0673]],[[-84.0177,40.7069],[-84.0387,40.7069]],[[107.096,10.3835],[107.0963,10.3672]],[[-112.4451,41.7073],[-112.4481,41.7209]],[[-3.0118,34.9921],[-3.0439,34.9865]],[[-4.3869,31.9399],[-4.4145,31.9564]],[[-1.5282,54.2831],[-1.5426,54.3019]],[[-3.0805,58.4539],[-3.105,58.4635]],[[-80.101,26.3847],[-80.1144,26.3723]],[[-81.5534,31.8838],[-81.5635,31.8943]],[[-81.5587,31.893],[-81.575,31.8816]],[[-81.1644,32.0106],[-81.1276,32.0094]],[[-83.5805,32.6268],[-83.6034,32.6535]],[[-83.6606,32.686],[-83.6451,32.6979]],[[-83.6383,32.6896],[-83.6506,32.6983]],[[-81.1092,33.9379],[-81.139,33.9444]],[[-81.1055,33.9441],[-81.1244,33.9282]],[[-79.7243,34.1925],[-79.7248,34.1762]],[[-79.7339,34.1854],[-79.7126,34.1874]],[[-76.3242,25.276],[-76.338,25.2937]],[[-76.6729,25.4787],[-76.6898,25.4726]],[[-122.9067,46.9616],[-122.9025,46.9763]],[[26.1101,35.2221],[26.0924,35.2102]],[[81.6304,7.3399],[81.6174,7.3337]],[[33.6085,67.4558],[33.5626,67.4697]],[[101.558,3.1159],[101.5408,3.1453]],[[122.4892,10.8219],[122.4975,10.8441]],[[166.0295,60.3917],[166.0212,60.3778]],[[63.5901,61.3333],[63.6186,61.3156]],[[-84.9153,38.1784],[-84.8982,38.1851]],[[-88.0838,41.6087],[-88.1044,41.608]],[[-88.0953,41.6165],[-88.1011,41.5987]],[[-84.5776,41.9209],[-84.5959,41.9217]],[[-77.3762,35.6384],[-77.3915,35.633]],[[-77.3826,35.6453],[-77.3858,35.626]],[[-77.1748,35.8685],[-77.1816,35.8559]],[[-75.856,39.9774],[-75.8749,39.9805]],[[-0.1466,53.097],[-0.1856,53.0893]],[[48.7471,31.346],[48.7767,31.3288]],[[104.7102,-2.9026],[104.6854,-2.8922]],[[110.7686,-7.5135],[110.7457,-7.5186]],[[-96.0652,33.0789],[-96.0655,33.0568]],[[141.0675,-17.6808],[141.0762,-17.6935]],[[-81.3974,41.6804],[-81.3846,41.6902]],[[-121.4404,41.0113],[-121.4296,41.0234]],[[1.2691,52.6758],[1.2963,52.676]],[[-150.634,66.82],[-150.6535,66.8079]],[[-150.2152,67.2451],[-150.1961,67.257]],[[-120.6549,43.2362],[-120.6744,43.2363]],[[-147.1178,64.6841],[-147.0852,64.6473]],[[-99.172,29.3673],[-99.172,29.3511]],[[118.3954,31.3879],[118.4277,31.3945]],[[139.4503,35.4436],[139.4499,35.4656]],[[-114.7277,33.6166],[-114.7063,33.6165]],[[-114.7168,33.6141],[-114.7167,33.63]],[[-117.4346,33.9505],[-117.452,33.9539]],[[-66.8025,-29.3916],[-66.7889,-29.3693]],[[141.3743,43.1226],[141.3883,43.1123]],[[-103.0842,34.4221],[-103.0672,34.4359]],[[-103.0711,34.4215],[-103.0855,34.4316]],[[-105.9635,28.7134],[-105.9681,28.692]],[[-96.1622,46.2892],[-96.1461,46.2787]],[[-96.7619,40.8276],[-96.7617,40.863]],[[-96.7697,40.8673],[-96.7518,40.8478]],[[-96.7509,40.8455],[-96.7508,40.8614]],[[-95.4542,33.6283],[-95.4545,33.6448]],[[-95.6225,33.1531],[-95.6198,33.1666]],[[-53.6879,-29.7055],[-53.6887,-29.7218]],[[-84.6916,45.0145],[-84.717,45.0145]],[[-89.6226,44.9227],[-89.6392,44.9306]],[[-79.257,25.6999],[-79.2762,25.6999]],[[-82.5608,37.5611],[-82.5793,37.5603]],[[-81.1155,37.7811],[-81.1325,37.7829]],[[-81.1227,37.8004],[-81.1257,37.7822]],[[-91.7151,41.8911],[-91.6993,41.8789]],[[-91.7015,41.8843],[-91.7292,41.8847]],[[-90.7121,42.4096],[-90.712,42.3923]],[[-90.6986,42.3968],[-90.7155,42.4093]],[[-94.1838,42.5552],[-94.2057,42.5476]],[[-95.817,44.4459],[-95.838,44.4585]],[[-94.1463,46.3946],[-94.1256,46.4052]],[[-39.0409,-14.8161],[-39.0255,-14.8157]],[[-81.8709,41.397],[-81.8565,41.4062]],[[-81.8542,41.417],[-81.8324,41.4161]],[[-81.8746,41.3992],[-81.8484,41.4157]],[[-90.1444,46.5275],[-90.1185,46.5275]],[[-90.9173,46.5539],[-90.9247,46.5406]],[[-92.827,47.3789],[-92.8483,47.392]],[[-93.5075,47.1994],[-93.5132,47.2147]],[[-93.3908,48.5579],[-93.4132,48.5732]],[[-86.0816,33.9749],[-86.1011,33.9658]],[[-84.8493,34.1149],[-84.8481,34.1313]],[[-84.6845,35.9276],[-84.6951,35.9171]],[[-86.5212,36.0006],[-86.5198,36.0158]],[[-86.511,36.0011],[-86.5287,36.0178]],[[-86.2416,35.3851],[-86.2557,35.3778]],[[-87.1677,37.7488],[-87.1666,37.7271]],[[-89.7139,40.6737],[-89.6846,40.6572]],[[-87.5892,40.2081],[-87.5996,40.1938]],[[-85.241,42.3159],[-85.266,42.2957]],[[-87.859,42.4268],[-87.8756,42.4159]],[[117.1678,29.3307],[117.1838,29.3473]],[[-109.5116,40.4457],[-109.5112,40.4265]],[[-87.9198,42.601],[-87.9416,42.593]],[[-86.2398,43.1769],[-86.222,43.1627]],[[-86.2509,43.1616],[-86.2303,43.1716]],[[-84.0727,43.5247],[-84.0896,43.5372]],[[-84.0677,43.5422],[-84.0893,43.5268]],[[-84.696,43.323],[-84.6773,43.323]],[[-86.2548,44.2728],[-86.234,44.2724]],[[-85.4309,44.2729],[-85.4118,44.2789]],[[45.0448,53.1038],[45.0074,53.1148]],[[-80.792,46.6334],[-80.8049,46.6177]],[[-80.8073,46.6292],[-80.7883,46.6256]],[[-121.3487,38.9012],[-121.354,38.9171]],[[38.1318,54.8858],[38.1626,54.8931]],[[-89.4868,45.6303],[-89.46,45.6309]],[[-89.4634,45.6374],[-89.4524,45.6253]],[[-88.1151,45.8106],[-88.1117,45.8282]],[[148.2306,-33.1373],[148.2453,-33.1285]],[[-83.6663,41.0011],[-83.6662,41.0188]],[[-83.661,41.0174],[-83.6812,41.0114]],[[105.7926,21.2253],[105.822,21.2168]],[[-56.031,-34.8217],[-56.0307,-34.842]],[[-89.9875,35.0506],[-89.9869,35.0239]],[[-89.9755,35.023],[-89.9762,35.0557]],[[-89.987,35.0587],[-89.9545,35.0578]],[[136.839,62.7864],[136.8716,62.7921]],[[-43.3761,-22.8707],[-43.3933,-22.8793]],[[24.7638,53.6074],[24.7626,53.5896]],[[87.5115,43.4669],[87.551,43.4663]],[[-96.1506,29.2483],[-96.1582,29.2602]],[[-84.2733,32.9591],[-84.2549,32.9509]],[[-119.9987,38.8825],[-119.992,38.9053]],[[63.2272,45.6295],[63.1941,45.6144]],[[102.1849,27.9727],[102.1837,28.0052]],[[-87.3915,46.3704],[-87.3992,46.3369]],[[-88.4988,47.1643],[-88.4796,47.1698]],[[-88.4791,47.1636],[-88.4989,47.1753]],[[-78.5248,-9.1578],[-78.5224,-9.1417]],[[-80.388,-3.5434],[-80.374,-3.5611]],[[-16.7545,12.4018],[-16.7415,12.3889]],[[-82.7927,21.8272],[-82.7748,21.8422]],[[-82.7781,21.8272],[-82.7803,21.8419]],[[-81.692,41.5141],[-81.6716,41.5238]],[[-81.6916,41.5128],[-81.6757,41.5202]],[[112.4822,68.5038],[112.4784,68.5262]],[[-73.7123,42.2841],[-73.7083,42.2985]],[[-76.9955,-12.1503],[-77.002,-12.1699]],[[143.1602,63.2446],[143.1901,63.2412]],[[-111.0468,41.2709],[-111.0224,41.2787]],[[-6.4736,9.5474],[-6.4657,9.5334]],[[-6.6427,7.968],[-6.6458,7.952]],[[-76.4232,38.2942],[-76.3959,38.2786]],[[-76.4216,38.2769],[-76.3906,38.2981]],[[140.2132,49.0357],[140.2432,49.026]],[[134.6819,67.6387],[134.706,67.6563]],[[-76.7713,37.5209],[-76.7542,37.5218]],[[-16.3577,28.488],[-16.3253,28.4773]],[[129.4356,42.8812],[129.467,42.8845]],[[-83.9839,39.6942],[-84.0007,39.6876]],[[83.3283,46.6789],[83.3587,46.6649]],[[74.4028,31.5339],[74.4024,31.5092]],[[74.4043,31.5065],[74.4049,31.5366]],[[-111.2419,56.6532],[-111.205,56.6532]],[[-96.5303,32.7552],[-96.5306,32.7388]],[[87.168,42.185],[87.2048,42.1764]],[[140.4219,36.1953],[140.4092,36.1671]],[[-2.0827,48.598],[-2.0776,48.5788]],[[17.9316,-29.6914],[17.9476,-29.6873]],[[-159.7648,-18.8297],[-159.7572,-18.8444]],[[-73.137,41.4866],[-73.1334,41.47]],[[-89.546,34.3844],[-89.5275,34.3842]],[[-78.5371,36.3564],[-78.5226,36.3659]],[[-106.5549,48.4317],[-106.5001,48.4104]],[[-85.9624,37.0295],[-85.9452,37.0341]],[[43.5717,5.9265],[43.5849,5.9431]],[[25.3603,-24.2152],[25.3364,-24.2258]],[[-93.0885,34.4836],[-93.1063,34.473]],[[3.4016,46.1599],[3.4056,46.1795]],[[-112.3509,40.6209],[-112.3506,40.6045]],[[-111.6568,40.1374],[-111.6763,40.151]],[[23.4073,55.8797],[23.3775,55.9046]],[[39.7122,6.4085],[39.7346,6.4077]],[[104.109,17.1859],[104.1273,17.2034]],[[99.37,10.716],[99.3534,10.7065]],[[-85.4363,32.6058],[-85.436,32.6201]],[[-95.2201,39.0187],[-95.2111,39.0047]],[[-86.9338,33.3073],[-86.9188,33.3179]],[[-14.5376,10.6552],[-14.5247,10.6614]],[[-14.2822,10.959],[-14.2801,10.9728]],[[113.4664,54.3642],[113.4902,54.3738]],[[30.1806,53.5288],[30.2108,53.509]],[[-9.2923,9.2406],[-9.3063,9.2443]],[[0.0775,49.5265],[0.0993,49.5416]],[[-12.3021,11.3288],[-12.281,11.3456]],[[83.3871,53.1312],[83.3651,53.1192]],[[38.2498,53.125],[38.2405,53.1034]],[[-76.2459,-10.8574],[-76.2477,-10.8409]],[[-67.9592,-11.7512],[-67.9584,-11.7691]],[[-77.7576,-4.0386],[-77.7599,-4.0249]],[[-112.019,40.3526],[-112.0173,40.3664]],[[-92.2229,38.8272],[-92.2095,38.8165]],[[-92.2237,38.8053],[-92.2143,38.8241]],[[129.5619,44.5142],[129.5762,44.5352]],[[-91.9478,42.4644],[-91.9476,42.4493]],[[-92.3002,31.4017],[-92.29,31.3893]],[[-92.3059,31.3944],[-92.2868,31.3942]],[[-96.7108,32.5707],[-96.7241,32.5844]],[[-78.7435,1.8186],[-78.7551,1.8102]],[[108.2494,34.2759],[108.2823,34.276]],[[109.2261,34.6335],[109.2576,34.6512]],[[-84.3756,46.4844],[-84.3612,46.4741]],[[-92.4314,39.4665],[-92.4179,39.4578]],[[145.3,-23.5728],[145.3047,-23.558]],[[133.1828,43.0745],[133.1982,43.0968]],[[-94.4924,37.1446],[-94.5073,37.1578]],[[79.1667,50.536],[79.2228,50.5378]],[[79.1663,50.5401],[79.2225,50.5418]],[[-89.6767,40.6712],[-89.6947,40.654]],[[-87.6802,30.2903],[-87.6582,30.2903]],[[-120.3002,36.1677],[-120.2875,36.1588]],[[-91.1715,35.6398],[-91.1831,35.63]],[[-91.1756,35.6338],[-91.1753,35.6474]],[[-78.3231,40.2888],[-78.3178,40.303]],[[-86.6877,30.4157],[-86.69,30.4434]],[[17.434,49.0213],[17.4457,49.0375]],[[27.4383,45.1686],[27.4238,45.1487]],[[55.1177,45.3383],[55.1307,45.3256]],[[-69.6806,44.5266],[-69.6705,44.5398]],[[-82.0891,42.3012],[-82.0744,42.3113]],[[7.3563,18.793],[7.3747,18.789]],[[3.2176,13.0459],[3.229,13.0536]],[[3.4216,11.8859],[3.4331,11.8935]],[[119.955,26.1534],[119.962,26.1661]],[[-6.015,37.3599],[-6.0145,37.3437]],[[113.0684,23.0712],[113.074,23.0959]],[[104.3809,43.6066],[104.3543,43.6112]],[[-56.1856,46.7584],[-56.1656,46.7668]],[[-81.5586,21.6222],[-81.5326,21.6103]],[[-43.7136,-22.9212],[-43.7246,-22.9438]],[[6.4508,9.641],[6.474,9.6637]],[[10.2398,11.5821],[10.2252,11.5932]],[[-82.4618,29.3655],[-82.4766,29.3525]],[[-81.4779,31.2545],[-81.4547,31.2636]],[[-83.2851,30.778],[-83.2751,30.7899]],[[-83.2711,30.7688],[-83.2752,30.7904]],[[20.3203,67.8127],[20.3532,67.8313]],[[-79.0513,34.6061],[-79.065,34.614]],[[-79.0543,34.615],[-79.0673,34.6043]],[[-80.8631,34.7186],[-80.8461,34.7272]],[[-79.3581,34.7751],[-79.3731,34.7876]],[[-79.3582,34.7781],[-79.358,34.7951]],[[-79.372,34.7904],[-79.3564,34.8028]],[[-106.8732,39.2322],[-106.8646,39.2142]],[[-79.4903,35.0292],[-79.5061,35.0337]],[[-79.5063,35.0344],[-79.4967,35.0454]],[[-79.495,35.045],[-79.4902,35.032]],[[-78.887,34.9844],[-78.8736,35.0027]],[[-80.6305,35.0109],[-80.6135,35.024]],[[-79.025,35.1612],[-79.0042,35.1804]],[[-78.7269,35.3854],[-78.7376,35.375]],[[-79.3954,35.2324],[-79.3822,35.2428]],[[-80.7114,35.3778],[-80.7069,35.3978]],[[-81.168,35.4782],[-81.1545,35.4885]],[[-80.1564,35.4093],[-80.1453,35.4213]],[[-80.5229,35.6386],[-80.5178,35.6531]],[[-79.1052,35.5742],[-79.0974,35.5907]],[[-72.3852,48.779],[-72.3647,48.7781]],[[-81.0988,36.2321],[-81.0984,36.2151]],[[-82.5379,36.9833],[-82.5225,36.9915]],[[-78.9926,36.2796],[-78.9766,36.2897]],[[-82.4007,36.4815],[-82.4191,36.4653]],[[-78.4568,38.131],[-78.4479,38.1483]],[[-80.3925,37.8661],[-80.4064,37.8505]],[[-81.6023,38.3692],[-81.5844,38.3822]],[[-82.8477,38.8473],[-82.847,38.8336]],[[-80.2319,39.2895],[-80.2222,39.3075]],[[-79.3446,39.5795],[-79.3273,39.5821]],[[-78.7535,39.6218],[-78.7647,39.6111]],[[-81.4439,39.3369],[-81.4343,39.3554]],[[-80.6692,41.2554],[-80.6923,41.2729]],[[-80.6825,41.2497],[-80.6696,41.2594]],[[-80.1592,42.0901],[-80.1844,42.0767]],[[-83.6463,41.7363],[-83.6645,41.7355]],[[-83.9896,42.6336],[-83.9748,42.6253]],[[96.4012,19.0148],[96.4013,19.0477]],[[2.042,49.0975],[2.0275,49.0878]],[[100.6577,14.8695],[100.6682,14.879]],[[100.6669,14.8651],[100.66,14.8839]],[[100.6344,14.9445],[100.6506,14.9542]],[[-83.5615,45.0924],[-83.5613,45.0624]],[[-83.5499,45.083],[-83.5667,45.076]],[[-82.9876,43.785],[-82.9825,43.7718]],[[-83.4134,44.443],[-83.375,44.4601]],[[-72.6463,-38.7699],[-72.628,-38.7639]],[[-73.0866,-39.6404],[-73.086,-39.6592]],[[115.4027,-20.8689],[115.4108,-20.8536]],[[131.6253,-30.1739],[131.6252,-30.1519]],[[32.5648,40.0779],[32.5774,40.0929]],[[32.5627,40.0789],[32.574,40.0924]],[[128.2869,-25.0362],[128.2982,-25.0462]],[[129.1363,-26.1872],[129.1286,-26.1718]],[[129.3869,-26.6526],[129.3722,-26.6603]],[[128.921,-26.0578],[128.9359,-26.0633]],[[128.273,-25.9813],[128.2884,-25.9851]],[[125.6085,-26.5302],[125.627,-26.5346]],[[-118.062,33.7853],[-118.0462,33.7946]],[[-110.0852,53.3092],[-110.0599,53.3092]],[[-57.5838,-37.9289],[-57.5628,-37.9395]],[[-76.4052,39.319],[-76.4251,39.3345]],[[-80.1665,26.077],[-80.1391,26.0768]],[[-80.1583,26.0659],[-80.134,26.0657]],[[-80.2644,25.9138],[-80.2887,25.9126]],[[-80.2867,25.9094],[-80.2719,25.9011]],[[-4.0882,14.505],[-4.0709,14.5205]],[[4.4826,8.4303],[4.5053,8.4499]],[[4.4754,9.8834],[4.4931,9.9074]],[[0.9861,11.0406],[1.0004,11.0529]],[[45.4458,39.1994],[45.4693,39.1794]],[[1.0868,9.7569],[1.0957,9.7777]],[[-11.9692,8.7422],[-11.9742,8.7554]],[[-13.3693,12.5779],[-13.3557,12.5719]],[[14.4048,62.0473],[14.4373,62.0481]],[[110.4223,-7.7885],[110.442,-7.7878]],[[135.2292,34.4173],[135.2588,34.4372]],[[-94.8544,29.7615],[-94.8386,29.7618]],[[-80.9129,25.8618],[-80.881,25.8618]],[[-65.4896,-24.8581],[-65.4708,-24.8448]],[[-65.4899,-24.8728],[-65.4841,-24.8464]],[[8.6265,7.7137],[8.6012,7.6941]],[[-65.1073,-26.8538],[-65.1013,-26.8227]],[[12.4326,9.2446],[12.4281,9.2716]],[[-109.4696,47.053],[-109.4451,47.053]],[[-109.481,47.0404],[-109.4672,47.0525]],[[-74.0726,4.8143],[-74.0576,4.8108]],[[-108.5584,45.8077],[-108.537,45.8093]],[[23.6086,-3.4629],[23.6224,-3.4626]],[[5.2112,49.8851],[5.2445,49.8984]],[[-3.4,50.7365],[-3.428,50.7321]],[[-67.5748,10.1807],[-67.5401,10.1857]],[[131.9265,59.1573],[131.9155,59.1771]],[[-65.1062,-28.6347],[-65.1177,-28.6255]],[[-119.3845,36.3119],[-119.4007,36.3249]],[[-87.0198,41.4524],[-86.9945,41.4524]],[[33.5902,45.0817],[33.6194,45.1019]],[[-49.721,-3.7953],[-49.7197,-3.7773]],[[94.792,40.1603],[94.833,40.1636]],[[-28.7251,38.5199],[-28.7068,38.5199]],[[-66.9933,-0.1569],[-66.9776,-0.1396]],[[-82.7283,38.5534],[-82.7476,38.5556]],[[143.23,-6.3625],[143.2465,-6.3637]],[[-105.368,38.0053],[-105.3807,38.0214]],[[-75.4852,1.4702],[-75.4883,1.4869]],[[-97.4338,37.6616],[-97.446,37.635]],[[-97.4401,37.6575],[-97.4292,37.6426]],[[-97.4177,37.6616],[-97.4263,37.6428]],[[-97.2199,37.7558],[-97.2224,37.7393]],[[-97.2764,38.0648],[-97.2764,38.0457]],[[-69.8759,-6.6492],[-69.8835,-6.6299]],[[-111.5759,45.8728],[-111.563,45.8835]],[[127.0166,37.2298],[126.9987,37.2498]],[[12.2368,41.8006],[12.2695,41.8096]],[[-81.2122,29.4607],[-81.1995,29.4686]],[[-75.296,2.9424],[-75.2919,2.9587]],[[28.1751,43.4346],[28.1864,43.4139]],[[102.3042,14.9449],[102.3213,14.9541]],[[4.2552,39.8691],[4.2481,39.8537]],[[-80.0875,-26.2985],[-80.1046,-26.2892]],[[106.9704,23.7137],[106.9502,23.7264]],[[103.6338,24.9778],[103.6518,24.9986]],[[-86.3294,41.7043],[-86.2986,41.7048]],[[104.0144,30.59],[104.0139,30.6133]],[[-111.9977,46.6084],[-111.9628,46.603]],[[126.9973,37.249],[127.0152,37.2289]],[[98.6217,12.4526],[98.6205,12.4276]],[[-86.3194,41.7188],[-86.3188,41.6993]],[[-111.6498,45.2861],[-111.6481,45.2654]],[[117.1004,39.3619],[117.0851,39.387]],[[113.7157,34.8663],[113.7443,34.8597]],[[119.5625,-5.069],[119.5454,-5.0543]],[[-75.5749,45.5196],[-75.5523,45.5238]],[[-97.8711,38.0742],[-97.8549,38.0599]],[[26.9298,49.369],[26.9371,49.3498]],[[-104.3619,29.6413],[-104.361,29.6271]],[[116.7062,39.8214],[116.7083,39.8017]],[[20.4283,42.4264],[20.4273,42.4426]],[[-68.8439,44.8184],[-68.8124,44.7966]],[[-77.4744,38.9707],[-77.4748,38.9449]],[[-71.8887,-16.7734],[-71.8847,-16.8093]],[[-70.3354,-18.3393],[-70.3421,-18.3578]],[[-72.7942,40.924],[-72.7666,40.9056]],[[-72.8009,40.9236],[-72.8158,40.9076]],[[2.8914,51.2024],[2.8568,51.1972]],[[-71.5847,-16.3398],[-71.561,-16.3411]],[[79.0954,10.7179],[79.1244,10.7304]],[[119.7578,31.9259],[119.7927,31.9151]],[[-7.2913,62.0671],[-7.2609,62.0595]],[[125.5306,3.6789],[125.5239,3.6909]],[[-103.945,29.471],[-103.9262,29.4711]],[[-91.4151,17.4639],[-91.3983,17.4632]],[[43.7804,56.2151],[43.79,56.2415]],[[43.7867,56.2419],[43.7777,56.2172]],[[-109.9896,37.1143],[-109.9779,37.1242]],[[-95.678,38.9655],[-95.6474,38.9399]],[[-95.6574,38.9552],[-95.6731,38.9404]],[[31.1076,-29.6252],[31.131,-29.5984]],[[2.9192,33.7797],[2.936,33.7468]],[[1.1898,45.8709],[1.1726,45.8525]],[[62.5597,35.6735],[62.5499,35.6524]],[[114.7512,-3.4402],[114.7737,-3.4444]],[[120.4014,31.2518],[120.4002,31.2745]],[[106.005,38.4633],[106.012,38.4934]],[[15.5755,51.5599],[15.6055,51.5632]],[[33.64,-16.116],[33.6406,-16.0935]],[[-86.7828,34.6182],[-86.7821,34.6528]],[[-86.766,34.6256],[-86.7655,34.6531]],[[-64.9633,18.3377],[-64.9834,18.3369]],[[22.9188,-11.9007],[22.9135,-11.8851]],[[-6.0648,36.735],[-6.0554,36.7543]],[[-6.37,36.6472],[-6.329,36.6432]],[[-103.517,31.3915],[-103.506,31.3774]],[[-103.5006,31.3787],[-103.5192,31.3818]],[[-80.3707,25.4986],[-80.3965,25.4785]],[[-106.0467,36.0328],[-106.0441,36.0194]],[[129.4647,36.7692],[129.4587,36.7847]],[[76.7755,30.6786],[76.8018,30.6684]],[[91.5798,26.0948],[91.5917,26.1206]],[[83.4646,26.7354],[83.4345,26.7468]],[[-85.5976,39.0495],[-85.6104,39.0404]],[[-85.6228,40.1119],[-85.6056,40.1057]],[[-85.0735,41.3071],[-85.0553,41.3073]],[[-85.2584,39.3349],[-85.2584,39.3513]],[[94.1654,26.7213],[94.1855,26.7396]],[[114.6864,38.2941],[114.7081,38.2674]],[[93.7816,25.8791],[93.7615,25.8888]],[[-105.8599,37.4454],[-105.8756,37.4252]],[[-110.4107,36.4802],[-110.425,36.4633]],[[-55.1213,-27.5257],[-55.1271,-27.5105]],[[-106.9182,37.8232],[-106.9418,37.8209]],[[93.8895,24.7495],[93.9049,24.7698]],[[-106.3458,37.7217],[-106.3592,37.708]],[[-106.0433,37.5344],[-106.053,37.5202]],[[-77.512,37.1793],[-77.5003,37.1893]],[[78.3959,17.6274],[78.4152,17.6243]],[[78.3908,17.6324],[78.4142,17.6287]],[[28.3953,-26.2555],[28.3997,-26.2414]],[[-76.543,38.3141],[-76.5612,38.3173]],[[14.9514,51.3564],[14.9505,51.3752]],[[-87.023,30.703],[-87.01,30.6909]],[[-87.0193,30.6947],[-87.0053,30.7059]],[[-87.033,30.7152],[-87.019,30.7264]],[[-87.0283,30.7302],[-87.0153,30.7181]],[[-87.329,30.3508],[-87.3056,30.3589]],[[-87.3282,30.349],[-87.3047,30.3571]],[[-87.3216,30.3421],[-87.3191,30.3615]],[[-81.6644,30.2317],[-81.6898,30.2316]],[[-105.5975,36.8097],[-105.5975,36.7909]],[[119.3013,26.0013],[119.3245,26.0065]],[[-81.4331,30.3834],[-81.4159,30.3994]],[[-4.381,53.2538],[-4.3664,53.2652]],[[-110.5597,37.4422],[-110.5688,37.4284]],[[-97.0516,28.0927],[-97.0417,28.0799]],[[-86.9515,40.414],[-86.9272,40.4111]],[[38.9287,45.0834],[38.9604,45.0849]],[[54.5493,25.9029],[54.5293,25.9162]],[[68.3617,25.3095],[68.3708,25.3268]],[[55.4529,21.1736],[55.4719,21.1814]],[[55.4524,20.7392],[55.4375,20.7464]],[[50.7006,53.1378],[50.7286,53.1525]],[[-81.8738,30.2008],[-81.8741,30.235]],[[-81.8763,30.235],[-81.8761,30.213]],[[-81.8917,30.2157],[-81.8663,30.2158]],[[-79.9902,21.7933],[-80.0046,21.7833]],[[45.2617,2.1159],[45.2761,2.1283]],[[-77.432,37.7026],[-77.4413,37.7153]],[[52.8066,54.6496],[52.7943,54.6333]],[[-110.4551,45.6933],[-110.4369,45.7024]],[[40.3635,52.9272],[40.368,52.9078]],[[-81.1191,42.7723],[-81.1007,42.7736]],[[-99.0918,29.9784],[-99.0776,29.9678]],[[-80.9399,43.4109],[-80.9272,43.4209]],[[-82.3157,43.0047],[-82.3029,42.9946]],[[-81.7185,43.7722],[-81.7034,43.7637]],[[-107.9049,38.5092],[-107.8878,38.4936]],[[-97.689,38.3588],[-97.6908,38.3437]],[[-76.4782,37.1367],[-76.5014,37.125]],[[-76.4994,37.1244],[-76.4944,37.1419]],[[-85.1979,35.0327],[-85.2083,35.0453]],[[-48.6155,-17.7289],[-48.5973,-17.7213]],[[-66.154,-25.0989],[-66.1605,-25.1115]],[[-0.2606,33.5246],[-0.2291,33.5435]],[[-0.2314,33.5106],[-0.2422,33.5356]],[[29.3729,45.9355],[29.3811,45.9573]],[[176.868,-39.462],[176.8663,-39.4777]],[[97.295,25.3695],[97.2953,25.3392]],[[97.3597,25.3916],[97.3473,25.3761]],[[-83.1421,39.8948],[-83.1317,39.9075]],[[12.0557,42.43],[12.067,42.4406]],[[44.3436,35.4789],[44.3599,35.4596]],[[44.3344,35.479],[44.3584,35.4605]],[[-116.5,33.8242],[-116.5097,33.8352]],[[40.0239,44.6724],[40.0483,44.6867]],[[20.11,51.5807],[20.0842,51.5884]],[[-81.6629,29.9664],[-81.6516,29.9764]],[[43.279,37.1004],[43.2565,37.0974]],[[45.7395,32.4857],[45.7764,32.4752]],[[45.7405,32.4882],[45.7718,32.4793]],[[-80.1809,26.1976],[-80.1627,26.1994]],[[127.613,34.8511],[127.6216,34.8335]],[[-68.0823,10.4814],[-68.0632,10.4794]],[[-84.6951,39.0464],[-84.6529,39.0463]],[[-84.6838,39.0489],[-84.6837,39.0709]],[[-80.4401,25.6526],[-80.4249,25.6533]],[[-80.4411,25.6429],[-80.4229,25.6437]],[[-76.2784,36.9375],[-76.3026,36.9375]],[[-96.6726,33.7263],[-96.6735,33.7016]],[[116.3102,40.1564],[116.3364,40.1425]],[[116.1309,39.7654],[116.119,39.7501]],[[-76.0386,36.8332],[-76.0189,36.818]],[[-76.0499,36.8055],[-76.0224,36.83]],[[44.389,31.9932],[44.4197,31.9866]],[[-81.4501,30.2498],[-81.4498,30.232]],[[54.5485,24.2477],[54.5333,24.2583]],[[14.9348,37.4001],[14.9097,37.4031]],[[-90.333,41.8263],[-90.3237,41.8386]],[[-82.528,22.8796],[-82.5093,22.8716]],[[57.2911,37.4881],[57.3151,37.4949]],[[22.4723,2.1862],[22.4865,2.1806]],[[-63.7628,-35.6858],[-63.7539,-35.7059]],[[-72.1915,19.7365],[-72.2075,19.718]],[[-92.0882,46.7003],[-92.1002,46.6892]],[[39.7751,40.9996],[39.8042,40.9906]],[[-76.0425,36.8149],[-76.0241,36.8313]],[[-105.0342,40.5838],[-105.0492,40.5929]],[[25.3139,13.6067],[25.3356,13.6232]],[[84.8783,47.4875],[84.8985,47.4875]],[[80.9718,8.0458],[80.9911,8.0539]],[[116.0555,5.9475],[116.0431,5.9182]],[[18.6355,3.6331],[18.6414,3.6203]],[[19.7626,3.2373],[19.7799,3.2334]],[[118.5828,24.7871],[118.5958,24.8073]],[[105.4573,19.9116],[105.481,19.8936]],[[-75.7109,44.0523],[-75.7246,44.0618]],[[41.0923,44.9726],[41.1222,44.9651]],[[18.0378,1.588],[18.0559,1.591]],[[18.1083,-26.5498],[18.1147,-26.5297]],[[109.5401,36.6289],[109.5661,36.6444]],[[46.9501,52.1345],[46.9837,52.1433]],[[-98.4022,34.643],[-98.4022,34.6566]],[[-88.7699,34.2592],[-88.77,34.2788]],[[-60.4059,53.3213],[-60.4475,53.3041]],[[-60.4359,53.3341],[-60.4038,53.3161]],[[-47.94,-15.8807],[-47.9106,-15.8788]],[[38.0177,44.5955],[38.0082,44.5685]],[[1.2629,6.1768],[1.2454,6.1548]],[[121.4068,31.3377],[121.4124,31.3094]],[[107.1153,22.1182],[107.1355,22.1229]],[[-57.8711,-38.2183],[-57.8708,-38.2333]],[[113.363,23.1705],[113.3754,23.159]],[[39.5433,39.7062],[39.5106,39.7158]],[[50.3134,29.2681],[50.3306,29.2533]],[[110.3201,25.1825],[110.3205,25.2052]],[[58.181,68.8449],[58.2211,68.8519]],[[-13.6601,13.7309],[-13.6461,13.7427]],[[109.6991,27.4367],[109.7149,27.4554]],[[-72.7361,45.2963],[-72.7478,45.2855]],[[-72.6897,46.341],[-72.6712,46.3621]],[[-74.3004,39.9223],[-74.2843,39.9327]],[[152.3173,-24.8973],[152.3278,-24.9126]],[[-76.1128,43.1212],[-76.0926,43.107]],[[-76.0925,43.1093],[-76.1262,43.1082]],[[106.6367,29.7052],[106.6463,29.7328]],[[105.8454,34.5626],[105.8753,34.5576]],[[16.7078,59.3595],[16.709,59.3426]],[[21.4289,-18.0202],[21.4451,-18.0214]],[[-77.8626,-6.196],[-77.8495,-6.208]],[[138.7424,-35.4856],[138.7471,-35.4722]],[[114.7907,25.8588],[114.7676,25.8481]],[[-96.1126,30.3603],[-96.1133,30.374]],[[114.6088,25.5431],[114.6282,25.5524]],[[104.3388,30.9426],[104.3203,30.9543]],[[-91.5791,34.5878],[-91.5785,34.6042]],[[-122.9832,46.6839],[-122.9824,46.6702]],[[112.8841,26.5759],[112.9016,26.5976]],[[-81.7,30.4962],[-81.67,30.5054]],[[-81.7008,30.4922],[-81.6823,30.4784]],[[106.7983,26.5234],[106.8047,26.5561]],[[111.4875,36.0318],[111.4969,36.0523]],[[-75.5952,39.6823],[-75.6212,39.678]],[[-75.6038,39.6694],[-75.6016,39.6885]],[[-114.444,62.4731],[-114.4409,62.4528]],[[-126.7812,65.2775],[-126.8163,65.2852]],[[-49.8151,-29.4205],[-49.8053,-29.4097]],[[17.2024,52.5369],[17.235,52.5317]],[[54.3525,56.1177],[54.3442,56.1021]],[[-91.8866,33.1741],[-91.8735,33.1828]],[[-108.7519,40.0959],[-108.7752,40.0919]],[[-107.8933,40.042],[-107.8786,40.0557]],[[94.2971,18.4539],[94.3051,18.4745]],[[148.7133,-22.804],[148.6985,-22.7978]],[[117.9954,27.6909],[118.0052,27.7108]],[[73.8963,20.1179],[73.9305,20.1212]],[[121.5845,24.0149],[121.5964,24.0371]],[[-59.0511,-27.4382],[-59.0611,-27.4615]],[[-81.0491,29.1757],[-81.0563,29.1909]],[[7.3569,48.1026],[7.361,48.1168]],[[-93.0716,34.0948],[-93.0606,34.1049]],[[-102.1089,32.0373],[-102.0932,32.0409]],[[39.45,52.6354],[39.4856,52.6304]],[[151.0759,-8.5004],[151.0861,-8.5122]],[[-92.5478,31.3177],[-92.5443,31.3366]],[[-93.6569,33.7277],[-93.653,33.7129]],[[126.4417,37.4434],[126.4156,37.4728]],[[128.4457,54.6569],[128.4655,54.6495]],[[-40.2913,-20.2649],[-40.2819,-20.2505]],[[-51.1946,-29.1909],[-51.1803,-29.2038]],[[98.2757,48.7413],[98.313,48.7365]],[[-98.8574,38.3578],[-98.8572,38.3363]],[[117.6417,24.5617],[117.672,24.5616]],[[-69.8789,54.8382],[-69.9057,54.8377]],[[-68.4371,58.085],[-68.4166,58.0971]],[[119.454,25.5648],[119.4695,25.5812]],[[5.4392,47.0448],[5.4153,47.0331]],[[111.4949,30.5444],[111.4698,30.5648]],[[-120.1414,35.3522],[-120.1387,35.366]],[[-94.0278,29.9553],[-94.0095,29.9458]],[[-94.0254,29.958],[-94.0215,29.9445]],[[49.8067,26.4791],[49.8145,26.4538]],[[49.7814,26.4886],[49.7921,26.4538]],[[118.887,28.9588],[118.9116,28.9742]],[[-40.2785,-20.2661],[-40.2812,-20.2477]],[[104.565,12.2653],[104.5641,12.2437]],[[-106.1254,38.8249],[-106.1158,38.8034]],[[-60.9298,-34.5529],[-60.9313,-34.5389]],[[-74.806,40.2811],[-74.8216,40.2698]],[[-74.818,40.2837],[-74.8077,40.2723]],[[116.7541,23.418],[116.7698,23.4359]],[[-100.5005,31.3492],[-100.4869,31.3616]],[[-97.2389,31.6171],[-97.2305,31.6051]],[[-97.2243,31.6225],[-97.23,31.6035]],[[-103.5007,38.0465],[-103.5148,38.0578]],[[-103.5233,38.0482],[-103.4995,38.0482]],[[-72.7883,47.4025],[-72.7898,47.4161]],[[109.0501,13.9434],[109.0346,13.9664]],[[12.6533,-4.1997],[12.6664,-4.2126]],[[18.0457,-9.1221],[18.0529,-9.1098]],[[17.9805,-8.7896],[18.0007,-8.7775]],[[19.2782,-10.107],[19.2954,-10.113]],[[20.4436,-9.6988],[20.4199,-9.679]],[[20.7333,-8.4523],[20.7323,-8.431]],[[20.5824,-7.8974],[20.5647,-7.8925]],[[20.8094,-7.4112],[20.8242,-7.3942]],[[21.3477,-7.7191],[21.3679,-7.7138]],[[18.5038,54.5877],[18.5305,54.5715]],[[-67.7869,46.129],[-67.7976,46.1167]],[[16.9365,-12.4088],[16.9595,-12.4002]],[[16.7094,-11.4853],[16.7125,-11.4579]],[[17.4509,-15.711],[17.4543,-15.6972]],[[17.7055,-14.65],[17.7339,-14.665]],[[-95.4204,30.3626],[-95.407,30.3457]],[[-95.4148,30.3588],[-95.4195,30.3456]],[[-95.6576,29.6332],[-95.6555,29.6113]],[[-103.2078,31.783],[-103.1976,31.7725]],[[-97.075,31.6265],[-97.0758,31.6437]],[[-97.3184,31.4938],[-97.318,31.4787]],[[-99.2789,34.2317],[-99.2878,34.2198]],[[-104.7915,31.0546],[-104.7745,31.0561]],[[-104.7913,31.0542],[-104.7778,31.0659]],[[-99.747,29.2178],[-99.74,29.2047]],[[-96.2671,32.7153],[-96.2671,32.7016]],[[-97.4122,31.1603],[-97.4055,31.1417]],[[-100.4709,32.461],[-100.4583,32.4723]],[[-100.4694,32.476],[-100.4673,32.4601]],[[-101.1903,36.227],[-101.1987,36.2149]],[[-100.9489,32.688],[-100.9488,32.7034]],[[-102.6651,32.6785],[-102.6479,32.6786]],[[-102.6485,32.6786],[-102.6484,32.665]],[[-96.6858,28.6596],[-96.6768,28.6484]],[[-101.7106,34.1728],[-101.7259,34.1624]],[[-100.7497,36.4071],[-100.7497,36.4228]],[[-100.9938,35.6185],[-100.9938,35.6024]],[[-95.7064,31.775],[-95.7063,31.7887]],[[-96.2467,28.7332],[-96.2467,28.7194]],[[-96.2464,28.721],[-96.2573,28.7307]],[[15.2924,-7.7644],[15.283,-7.7443]],[[15.0268,-7.6138],[15.0285,-7.5925]],[[23.0099,-17.3843],[22.9941,-17.377]],[[22.5808,-12.6405],[22.5984,-12.6371]],[[21.3679,-14.8105],[21.3821,-14.8082]],[[21.4414,-14.1039],[21.4595,-14.1062]],[[19.8653,-13.7175],[19.8553,-13.701]],[[19.8786,-11.7636],[19.9083,-11.7708]],[[28.1409,-12.898],[28.1588,-12.9029]],[[24.1918,-11.1725],[24.2051,-11.1766]],[[24.4215,-11.6533],[24.437,-11.653]],[[18.4794,-14.6073],[18.4962,-14.6138]],[[19.1451,-15.1554],[19.1696,-15.1656]],[[18.9154,-8.37],[18.9322,-8.3763]],[[14.9735,-9.2828],[14.991,-9.2778]],[[15.4624,-9.7777],[15.4507,-9.7638]],[[-101.2001,30.7271],[-101.2042,30.7433]],[[-93.8078,30.0626],[-93.7963,30.0737]],[[-98.8202,33.3579],[-98.8203,33.3439]],[[-98.8245,33.3483],[-98.8127,33.3581]],[[-98.8245,33.3535],[-98.8127,33.3435]],[[-102.3908,31.928],[-102.3866,31.9147]],[[-102.3927,31.9141],[-102.3836,31.9277]],[[-94.7108,31.5709],[-94.7095,31.5846]],[[-102.6493,34.1836],[-102.6329,34.1866]],[[-94.9631,33.1051],[-94.9604,33.0887]],[[-96.9132,32.4494],[-96.9118,32.4672]],[[-100.531,34.7344],[-100.5309,34.7482]],[[-94.311,32.5259],[-94.3045,32.5133]],[[-104.0255,30.3781],[-104.0117,30.366]],[[-104.0205,30.3657],[-104.0085,30.376]],[[-102.373,33.5414],[-102.3725,33.5582]],[[-94.0351,30.8782],[-94.0348,30.8933]],[[-95.2226,31.8746],[-95.2123,31.8641]],[[-98.1474,31.6727],[-98.1499,31.6592]],[[-98.5596,33.1057],[-98.5492,33.1163]],[[17.52,48.4613],[17.5435,48.4427]],[[-93.22,45.1448],[-93.2007,45.1446]],[[-97.1998,33.6448],[-97.1995,33.6613]],[[-98.9135,30.249],[-98.9049,30.2375]],[[-102.9162,30.9153],[-102.9006,30.9172]],[[-102.9267,30.9201],[-102.9075,30.9078]],[[-100.5228,28.8653],[-100.5073,28.8517]],[[-77.0029,39.6024],[-77.0124,39.6142]],[[-102.0176,35.8488],[-102.0097,35.8639]],[[-102.3241,34.5598],[-102.3189,34.5742]],[[-99.2106,28.45],[-99.2239,28.4615]],[[-96.4026,32.0331],[-96.3934,32.0219]],[[-95.0105,30.363],[-95.0056,30.3499]],[[-97.4368,32.3606],[-97.4305,32.3464]],[[-94.1549,31.8242],[-94.1578,31.839]],[[-100.4103,35.8902],[-100.3986,35.8999]],[[-102.1969,33.1658],[-102.1895,33.1786]],[[-96.3729,30.2115],[-96.3758,30.2278]],[[-98.8909,32.7119],[-98.891,32.7257]],[[-101.3937,35.71],[-101.3931,35.6927]],[[-101.5209,32.2268],[-101.5218,32.2026]],[[-97.6164,28.5962],[-97.6207,28.6179]],[[-95.8692,28.9781],[-95.8576,28.9684]],[[-74.6566,5.4994],[-74.6581,5.4672]],[[76.4928,66.0735],[76.5464,66.0665]],[[75.9402,17.6205],[75.9289,17.636]],[[-77.7692,55.275],[-77.7614,55.2891]],[[-86.5227,30.6612],[-86.523,30.6395]],[[-86.7428,30.6265],[-86.7426,30.6406]],[[121.4476,29.835],[121.4763,29.8185]],[[-86.4538,30.5893],[-86.454,30.5664]],[[-86.4507,30.5892],[-86.4508,30.5664]],[[-86.3276,30.5457],[-86.3278,30.532]],[[-86.9598,30.5182],[-86.9597,30.4965]],[[-87.0612,31.0564],[-87.0758,31.05]],[[-87.073,31.0516],[-87.0591,31.0447]],[[-87.0478,31.4065],[-87.0462,31.4201]],[[-87.0474,31.4177],[-87.0318,31.4155]],[[77.0259,43.3477],[77.071,43.3701]],[[103.8311,35.2939],[103.8404,35.3195]],[[116.097,40.4963],[116.1182,40.5092]],[[-60.1789,7.4893],[-60.1921,7.486]],[[74.2825,16.6625],[74.2982,16.6681]],[[73.3233,17.008],[73.3349,17.02]],[[-74.569,62.1159],[-74.5413,62.1093]],[[-117.1589,58.6155],[-117.1704,58.6277]],[[-72.497,11.2326],[-72.4815,11.2326]],[[-73.811,7.0175],[-73.8026,7.0314]],[[-60.4966,-26.7632],[-60.4899,-26.7481]],[[118.8985,-32.4276],[118.9142,-32.4246]],[[76.6292,15.1796],[76.6395,15.1698]],[[118.8351,42.1494],[118.8466,42.17]],[[-176.4575,-43.8101],[-176.4794,-43.8153]],[[-91.6611,35.7231],[-91.6413,35.726]],[[106.6695,10.8237],[106.6368,10.8114]],[[114.5888,23.0481],[114.6119,23.049]],[[-117.658,56.9509],[-117.6302,56.9509]],[[89.1797,55.4618],[89.169,55.4497]],[[76.6446,12.2313],[76.6605,12.2319]],[[115.7634,24.1396],[115.751,24.1598]],[[116.09,24.2553],[116.106,24.2719]],[[-77.8608,21.4154],[-77.8339,21.4253]],[[36.2761,36.3524],[36.2988,36.3723]],[[70.8316,40.0495],[70.8437,40.0366]],[[56.4515,36.9631],[56.4795,36.9636]],[[-69.4165,-1.4087],[-69.4279,-1.401]],[[-170.7229,-14.3391],[-170.7027,-14.3279]],[[-73.6087,43.3358],[-73.6092,43.3493]],[[-63.903,-8.698],[-63.9017,-8.7201]],[[-114.2539,48.312],[-114.2676,48.2988]],[[65.8739,32.5995],[65.8548,32.6105]],[[-83.0175,9.9512],[-83.0266,9.9647]],[[89.3523,26.7022],[89.3861,26.6934]],[[16.1573,-24.4609],[16.168,-24.4476]],[[-75.8458,19.9697],[-75.8193,19.97]],[[-76.3258,20.7761],[-76.3039,20.7957]],[[103.7099,1.2054],[103.7286,1.2054]],[[-123.9465,46.97],[-123.9267,46.9724]],[[139.9127,35.4062],[139.9073,35.3903]],[[-77.6215,35.3195],[-77.5962,35.3433]],[[78.4128,17.2286],[78.4529,17.2291]],[[78.4152,17.2306],[78.4501,17.2311]],[[100.3552,-0.8842],[100.3488,-0.8661]],[[77.4892,17.9178],[77.4791,17.8886]],[[77.4898,17.9088],[77.4589,17.9027]],[[-74.9296,20.6505],[-74.9141,20.6579]],[[-74.9141,20.6579],[-74.9295,20.6505]],[[72.397,-7.3046],[72.4251,-7.3219]],[[144.9547,-35.5646],[144.9428,-35.5526]],[[121.3837,12.0703],[121.398,12.0843]],[[-48.4054,-21.7513],[-48.4046,-21.7964]],[[3.7149,48.0869],[3.7112,48.072]],[[78.04,8.7204],[78.0122,8.7258]],[[121.5854,29.9188],[121.5625,29.929]],[[19.7694,28.9627],[19.7775,28.9477]],[[123.0143,10.7684],[123.0239,10.7849]],[[81.8251,17.1144],[81.8013,17.0973]],[[-86.6826,34.6688],[-86.687,34.6885]],[[117.2255,-31.6157],[117.2115,-31.6272]],[[117.2103,-31.6174],[117.2213,-31.6272]],[[-3.2435,10.9515],[-3.2566,10.9446]],[[39.6398,52.0328],[39.6625,52.0299]],[[116.7418,25.6664],[116.7508,25.6861]],[[-105.1217,69.1037],[-105.1531,69.1123]],[[95.3329,28.0741],[95.3404,28.0568]],[[3.1972,50.8148],[3.2206,50.8227]],[[-73.9118,61.815],[-73.9466,61.8115]],[[94.1049,27.3032],[94.0901,27.2888]],[[42.2994,55.4303],[42.3209,55.4513]],[[-104.2503,46.3406],[-104.266,46.3526]],[[47.4946,32.9289],[47.4726,32.9398]],[[55.4597,37.3816],[55.4399,37.3858]],[[103.6374,-1.6323],[103.6554,-1.6472]],[[95.3311,5.8759],[95.3476,5.8736]],[[-119.602,49.4708],[-119.6026,49.4552]],[[77.3916,34.6485],[77.3598,34.6565]],[[75.6372,32.2458],[75.6321,32.2215]],[[78.7288,10.7671],[78.7081,10.7655]],[[77.1692,11.0216],[77.1468,11.0022]],[[78.0693,11.7892],[78.0599,11.7756]],[[119.7181,30.9644],[119.7414,30.9725]],[[119.8901,-8.4924],[119.8869,-8.4687]],[[-171.7191,-2.7663],[-171.6979,-2.7708]],[[-3.4985,12.4536],[-3.4874,12.4617]],[[82.4576,65.7266],[82.4524,65.7075]],[[77.3147,19.1827],[77.3365,19.1801]],[[-98.3148,40.9772],[-98.3149,40.9579]],[[-98.3118,40.9784],[-98.295,40.9655]],[[67.1293,24.8765],[67.1059,24.8723]],[[117.5557,3.3199],[117.5728,3.3305]],[[-85.2075,35.0228],[-85.2004,35.042]],[[-76.7556,35.818],[-76.7611,35.8036]],[[-98.4239,40.6013],[-98.4336,40.6144]],[[-0.1827,51.151],[-0.2081,51.1475]],[[54.6705,37.7413],[54.6893,37.7566]],[[-91.117,43.012],[-91.129,43.0225]],[[69.6075,53.3416],[69.584,53.3189]],[[-64.2086,-31.2951],[-64.2081,-31.3257]],[[-67.1415,18.2573],[-67.1553,18.2541]],[[-85.316,37.3538],[-85.3029,37.3627]],[[-84.7604,37.5727],[-84.775,37.5798]],[[14.9703,-22.4636],[14.9886,-22.46]],[[15.8834,-21.8576],[15.9055,-21.8473]],[[42.0623,47.6831],[42.0916,47.6829]],[[-91.7397,35.2026],[-91.7352,35.2191]],[[84.0615,21.9183],[84.041,21.9085]],[[80.8442,24.5652],[80.8613,24.5601]],[[84.9397,24.7466],[84.9608,24.7419]],[[78.4255,24.7159],[78.4078,24.7186]],[[72.8388,24.9007],[72.8526,24.8905]],[[92.6216,23.8295],[92.6179,23.8518]],[[91.2417,23.8975],[91.2401,23.8769]],[[-90.2344,35.1433],[-90.2345,35.1268]],[[96.14,27.9477],[96.1295,27.9365]],[[95.5766,27.5599],[95.5649,27.5451]],[[95.1042,27.452],[95.1304,27.4719]],[[91.9839,25.7104],[91.9724,25.6976]],[[-66.5536,18.0054],[-66.5755,18.0122]],[[77.4388,29.9944],[77.4104,29.9943]],[[77.6704,28.9074],[77.6853,28.9024]],[[73.715,27.2112],[73.7039,27.2019]],[[77.9313,35.4055],[77.9255,35.3786]],[[76.152,34.5167],[76.1594,34.532]],[[72.3975,27.109],[72.3824,27.1157]],[[73.8909,29.3781],[73.9175,29.3974]],[[79.2043,32.9455],[79.2233,32.9284]],[[74.8714,24.4273],[74.8607,24.4389]],[[74.7665,30.2622],[74.7449,30.2783]],[[74.6124,25.1345],[74.6106,25.1482]],[[81.6574,28.1023],[81.6746,28.1047]],[[79.4371,28.4272],[79.463,28.4178]],[[85.097,25.5942],[85.0779,25.5873]],[[75.6196,20.9631],[75.6358,20.9621]],[[74.3244,23.5876],[74.3064,23.5905]],[[77.7787,12.6625],[77.762,12.6619]],[[76.2283,15.3586],[76.2118,15.3603]],[[85.8776,20.5404],[85.8953,20.5587]],[[111.6981,32.3756],[111.6901,32.4035]],[[44.1945,46.458],[44.2263,46.455]],[[124.8955,-9.0759],[124.9099,-9.0739]],[[-3.9925,38.8604],[-3.9588,38.8545]],[[14.2412,-13.0187],[14.2604,-13.0148]],[[12.5173,43.1077],[12.5106,43.0885]],[[-78.5633,-3.4308],[-78.5709,-3.4149]],[[-101.7601,19.8523],[-101.744,19.8506]],[[3.4982,47.8577],[3.4962,47.8441]],[[85.9062,26.1946],[85.9309,26.1915]],[[124.2224,40.5315],[124.2346,40.5465]],[[166.1746,67.8482],[166.0995,67.8463]],[[106.6371,10.815],[106.6632,10.8249]],[[-92.5442,40.1007],[-92.5444,40.0842]],[[-4.5126,36.6845],[-4.4858,36.6654]],[[-117.8467,34.9945],[-117.872,34.9346]],[[115.8955,28.8503],[115.9098,28.8795]],[[-85.8012,30.3711],[-85.79,30.3454]],[[72.9749,40.9372],[72.9801,40.9524]],[[-98.4958,33.9823],[-98.496,33.9632]],[[107.4261,31.1218],[107.4326,31.1387]],[[109.4833,30.3098],[109.4875,30.333]],[[52.7219,27.3908],[52.7534,27.3683]],[[41.4897,52.7981],[41.4758,52.8148]],[[120.9795,32.0896],[120.9806,32.0588]],[[122.2241,37.1753],[122.2336,37.1981]],[[122.0148,39.44],[122.0217,39.4613]],[[112.6234,35.1221],[112.5938,35.1179]],[[101.884,25.7256],[101.879,25.7503]],[[121.8117,31.159],[121.824,31.1264]],[[135.24,34.4513],[135.2062,34.4285]],[[124.6137,8.4264],[124.6085,8.4039]],[[-83.9535,33.9818],[-83.9712,33.9744]],[[112.6075,32.9734],[112.6274,32.992]],[[-0.8028,37.7822],[-0.8216,37.7676]],[[-0.5753,38.2846],[-0.5413,38.2798]],[[98.8695,39.5596],[98.8988,39.5488]],[[102.5656,37.994],[102.5773,37.9707]],[[107.3577,47.745],[107.3909,47.7336]],[[20.0741,54.1224],[20.1021,54.131]],[[136.2828,44.8187],[136.3002,44.8114]],[[-112.5012,45.9669],[-112.4932,45.9429]],[[-112.5057,45.959],[-112.4902,45.9502]],[[-80.7565,42.9224],[-80.7377,42.9285]],[[-120.4578,34.9049],[-120.4679,34.8934]],[[53.3406,26.8154],[53.366,26.8068]],[[52.363,27.8161],[52.3413,27.825]],[[88.3622,22.7907],[88.3558,22.7714]],[[92.7719,26.6984],[92.7968,26.7212]],[[87.215,22.3366],[87.2124,22.355]],[[83.8736,26.7818],[83.9104,26.7694]],[[-94.3109,39.325],[-94.3084,39.34]],[[86.1548,23.6387],[86.1429,23.6481]],[[-60.816,-31.7205],[-60.8067,-31.7016]],[[-109.4833,37.5911],[-109.4833,37.5755]],[[82.5615,26.4493],[82.5789,26.4442]],[[81.3719,26.2486],[81.3891,26.2486]],[[83.0284,24.1243],[83.047,24.1259]],[[-0.9681,53.9283],[-1.0124,53.9192]],[[-79.8914,19.6862],[-79.8741,19.6877]],[[12.1355,51.9972],[12.1568,52.0033]],[[-67.4409,-29.2149],[-67.4382,-29.2336]],[[-109.6477,30.4917],[-109.6402,30.4701]],[[43.0702,47.6489],[43.0958,47.6349]],[[43.095,47.6342],[43.1207,47.6202]],[[112.6468,37.736],[112.6142,37.7555]],[[-85.7379,38.3761],[-85.7379,38.357]],[[69.5585,39.8267],[69.5778,39.8232]],[[-102.9046,48.3844],[-102.8895,48.375]],[[110.0815,37.8652],[110.061,37.8816]],[[111.8449,40.8545],[111.8041,40.8449]],[[104.9855,36.6223],[105.0177,36.6338]],[[20.1714,18.5277],[20.206,18.5277]],[[0.3157,46.5978],[0.3001,46.5796]],[[109.3862,24.2181],[109.3967,24.1974]],[[12.0403,26.0275],[12.0506,26.0461]],[[-100.6354,18.3323],[-100.6275,18.3197]],[[125.9132,-16.7349],[125.902,-16.7446]],[[142.0763,49.1969],[142.0895,49.1845]],[[-94.4892,36.1986],[-94.4908,36.1851]],[[97.2144,19.6846],[97.2159,19.7045]],[[2.4274,44.8845],[2.4167,44.8977]],[[61.8635,30.9802],[61.8685,30.9633]],[[-76.6465,5.6942],[-76.6333,5.6858]],[[-55.7719,-27.9088],[-55.7592,-27.8977]],[[138.9475,-4.0879],[138.9567,-4.1055]],[[-103.493,19.7151],[-103.4882,19.7022]],[[125.7515,11.0394],[125.7342,11.0318]],[[92.5932,26.814],[92.6053,26.8221]],[[-76.4495,42.485],[-76.4684,42.4978]],[[67.8104,34.807],[67.8288,34.8125]],[[-73.5498,4.0749],[-73.5757,4.0773]],[[124.5651,11.0499],[124.5663,11.0682]],[[122.2303,-8.6459],[122.246,-8.6331]],[[121.0516,-8.7055],[121.0653,-8.7102]],[[-70.7143,-9.7707],[-70.6988,-9.7656]],[[65.6126,62.0989],[65.6147,62.1223]],[[-72.7803,-7.5995],[-72.7581,-7.6006]],[[123.081,-10.7603],[123.0711,-10.7713]],[[5.3139,36.1778],[5.3459,36.1792]],[[-73.6183,4.1623],[-73.6073,4.1759]],[[72.0406,40.2741],[72.0584,40.2679]],[[-75.9602,40.3708],[-75.9627,40.3848]],[[-88.4862,41.78],[-88.4751,41.7674]],[[-88.4854,41.7702],[-88.4615,41.7704]],[[122.1941,43.5435],[122.2037,43.5668]],[[113.1341,39.7059],[113.1552,39.7292]],[[-108.5514,46.4736],[-108.5316,46.4766]],[[-116.8088,47.7788],[-116.837,47.7719]],[[-116.8209,47.7667],[-116.8091,47.7791]],[[-0.3054,42.0704],[-0.3273,42.081]],[[71.7954,35.8792],[71.8044,35.8932]],[[19.7355,46.9235],[19.7631,46.9114]],[[-60.6223,-22.0293],[-60.621,-22.0607]],[[50.5816,25.9349],[50.5996,25.9018]],[[23.9089,-30.6354],[23.9311,-30.6378]],[[-84.2282,39.5826],[-84.2215,39.5953]],[[71.984,34.0823],[71.9635,34.0834]],[[-69.6947,-2.9471],[-69.6938,-2.9335]],[[31.9858,49.426],[32.004,49.4057]],[[-89.8209,30.3531],[-89.8208,30.3396]],[[18.5223,4.3881],[18.5164,4.4108]],[[-113.3459,43.6005],[-113.3226,43.6066]],[[121.7833,31.1548],[121.7943,31.1256]],[[-90.5234,14.596],[-90.5316,14.5704]],[[54.0223,17.6833],[54.0272,17.6482]],[[113.9476,-2.2381],[113.9392,-2.2163]],[[-77.3167,42.9048],[-77.334,42.9133]],[[-66.2768,50.2293],[-66.2535,50.2242]],[[-66.2786,50.2175],[-66.2525,50.2239]],[[55.5671,51.973],[55.5309,51.9734]],[[-87.6192,33.2102],[-87.6052,33.2236]],[[-79.555,8.98],[-79.5562,8.9665]],[[143.147,51.7911],[143.1366,51.7769]],[[142.8699,53.5204],[142.8918,53.5129]],[[72.9867,31.3549],[73.0044,31.3756]],[[73.0035,31.376],[72.9865,31.3561]],[[-80.6318,28.1027],[-80.6611,28.1013]],[[-80.6413,28.1063],[-80.6597,28.1054]],[[119.6554,25.9204],[119.6716,25.9493]],[[72.4145,33.8624],[72.3864,33.8767]],[[-64.6922,32.3664],[-64.6633,32.3614]],[[-103.2111,40.1709],[-103.2329,40.1803]],[[-102.2886,39.2492],[-102.2823,39.2358]],[[-105.1005,38.4259],[-105.1166,38.4335]],[[-107.5316,40.4943],[-107.5118,40.4961]],[[-108.0702,38.7807],[-108.0572,38.7921]],[[-103.8117,40.3448],[-103.802,40.3311]],[[-103.8008,40.3269],[-103.8008,40.341]],[[-105.9079,40.0886],[-105.9254,40.0915]],[[17.0809,61.2687],[17.1172,61.2542]],[[109.4089,-0.1631],[109.4,-0.1413]],[[41.8506,41.9266],[41.8781,41.9318]],[[5.7406,53.2286],[5.7697,53.2285]],[[9.7238,45.6647],[9.6925,45.6705]],[[-92.2942,34.853],[-92.3046,34.8423]],[[-2.7648,8.0113],[-2.7597,8.0239]],[[45.2323,4.7587],[45.2445,4.7738]],[[123.5765,43.5766],[123.5826,43.6013]],[[-59.6942,-29.2104],[-59.6655,-29.2102]],[[15.7605,44.565],[15.7892,44.5497]],[[-94.1103,36.3646],[-94.1036,36.3802]],[[31.5509,46.6619],[31.554,46.6373]],[[30.165,60.0867],[30.2128,60.0879]],[[-104.5041,38.3041],[-104.5032,38.2814]],[[-104.4735,38.288],[-104.51,38.2871]],[[-93.2692,44.1276],[-93.252,44.1192]],[[44.3284,41.0544],[44.3464,41.0428]],[[131.0759,-12.6482],[131.0781,-12.6619]],[[24.4896,43.4538],[24.5158,43.4495]],[[-71.1675,8.5787],[-71.1549,8.586]],[[-67.0996,-39.0777],[-67.0743,-39.0777]],[[-90.667,29.5711],[-90.6542,29.5632]],[[-90.6602,29.575],[-90.6604,29.5571]],[[72.7628,32.918],[72.7834,32.9002]],[[111.889,32.9587],[111.8805,32.9907]],[[100.7799,18.799],[100.787,18.817]],[[35.7379,56.821],[35.7778,56.827]],[[-73.0141,45.2863],[-72.9946,45.2849]],[[127.1149,37.4315],[127.1161,37.4614]],[[109.2908,21.5254],[109.2968,21.5537]],[[-110.1306,34.9488],[-110.1448,34.9347]],[[42.6765,52.6783],[42.6866,52.6617]],[[81.833,25.3246],[81.8499,25.3239]],[[19.6794,43.9029],[19.6983,43.8988]],[[113.9066,30.9486],[113.9178,30.9593]],[[113.5952,56.1821],[113.619,56.1887]],[[-86.5663,35.0518],[-86.5617,35.0675]],[[-86.5577,34.8505],[-86.5573,34.8684]],[[-86.9455,34.6457],[-86.9452,34.6624]],[[-95.5854,43.6576],[-95.5665,43.6513]],[[103.8287,25.586],[103.8298,25.6]],[[108.1634,22.598],[108.1875,22.619]],[[27.9586,-26.5775],[27.9612,-26.5631]],[[-104.2263,34.4871],[-104.2089,34.4871]],[[-104.2232,34.4828],[-104.2096,34.494]],[[132.032,-26.4876],[132.048,-26.4863]],[[-68.6939,45.6494],[-68.6744,45.6493]],[[-68.6956,45.6523],[-68.6827,45.6419]],[[-95.2406,42.5875],[-95.2422,42.6011]],[[26.3352,42.462],[26.3669,42.4489]],[[15.5683,-0.0245],[15.5829,-0.0187]],[[14.811,-0.8648],[14.7978,-0.8513]],[[-92.9344,43.6705],[-92.9314,43.6548]],[[-70.7784,-27.2713],[-70.7801,-27.2515]],[[73.3143,49.6634],[73.3568,49.6804]],[[-118.7139,39.4355],[-118.6857,39.404]],[[-118.7158,39.4131],[-118.6911,39.4138]],[[-118.705,39.4305],[-118.6828,39.4056]],[[-112.1568,35.943],[-112.1371,35.9617]],[[-81.6849,24.5821],[-81.6959,24.5657]],[[-81.6922,24.579],[-81.6763,24.5664]],[[20.2704,11.0275],[20.2792,11.0429]],[[33.7196,68.8776],[33.7168,68.8562]],[[-68.2164,49.131],[-68.1919,49.134]],[[-78.5841,34.6073],[-78.5744,34.5963]],[[-87.758,41.7802],[-87.7447,41.7907]],[[-85.5878,44.7355],[-85.5877,44.7503]],[[121.0586,41.0899],[121.0647,41.1128]],[[-113.9361,35.2701],[-113.936,35.2516]],[[-113.9315,35.2651],[-113.9486,35.2512]],[[18.9224,-1.5027],[18.9349,-1.4968]],[[-79.2613,42.5001],[-79.278,42.4895]],[[33.4868,35.1638],[33.4926,35.1477]],[[33.5289,35.1463],[33.4868,35.1601]],[[-110.9079,46.5025],[-110.9171,46.487]],[[8.6651,45.5435],[8.673,45.5186]],[[61.3586,54.3866],[61.3477,54.365]],[[-0.3907,46.3145],[-0.4121,46.3083]],[[36.5756,50.6486],[36.607,50.6383]],[[-117.5075,34.7618],[-117.4901,34.7618]],[[38.081,38.4225],[38.099,38.4457]],[[-104.5368,39.7936],[-104.5652,39.794]],[[-105.1284,39.9153],[-105.1019,39.9014]],[[-111.7341,33.4559],[-111.7211,33.4646]],[[47.877,46.3961],[47.9088,46.3996]],[[47.8645,46.3933],[47.9092,46.3981]],[[-77.5308,37.4123],[-77.5189,37.4006]],[[139.8035,35.524],[139.822,35.5405]],[[15.4251,51.6243],[15.3911,51.6313]],[[-73.7845,2.1666],[-73.7879,2.1805]],[[30.6944,46.8845],[30.6997,46.9021]],[[-81.4683,30.6145],[-81.4551,30.6063]],[[-81.468,30.6133],[-81.4524,30.6156]],[[-81.4665,30.6048],[-81.4567,30.6166]],[[-83.9386,17.4044],[-83.9237,17.412]],[[-115.6783,36.5969],[-115.667,36.5835]],[[-86.5201,30.768],[-86.5241,30.7897]],[[27.9292,-25.5463],[27.9486,-25.5502]],[[-116.1499,34.2919],[-116.1743,34.3003]],[[25.6525,42.3877],[25.6578,42.3657]],[[-93.2341,44.8753],[-93.211,44.8917]],[[65.1941,40.1212],[65.1484,40.1134]],[[99.79,11.7852],[99.8079,11.7891]],[[16.12,-20.0678],[16.1278,-20.0795]],[[132.113,44.467],[132.1401,44.4316]],[[-74.2826,4.7237],[-74.2684,4.7323]],[[-0.6408,35.6141],[-0.6103,35.6246]],[[116.3315,35.2906],[116.3623,35.2951]],[[-112.8711,46.1475],[-112.8712,46.1639]],[[-85.5676,30.0599],[-85.5882,30.0774]],[[-85.5844,30.08],[-85.5618,30.0608]],[[-103.2615,40.6082],[-103.267,40.6218]],[[-100.8182,39.1166],[-100.8148,39.1033]],[[-73.251,10.4258],[-73.2479,10.4438]],[[100.2962,15.2909],[100.2956,15.2637]],[[106.136,-2.1513],[106.1413,-2.1708]],[[-65.9314,-26.0637],[-65.9427,-26.0478]],[[-72.3913,5.3119],[-72.377,5.3263]],[[-81.8076,28.1691],[-81.8169,28.1582]],[[-149.6248,70.3288],[-149.5706,70.3326]],[[45.7081,64.9004],[45.7347,64.8918]],[[40.6232,37.2144],[40.6403,37.2323]],[[-111.6254,33.2086],[-111.609,33.2087]],[[-71.1795,44.582],[-71.1724,44.5687]],[[-90.3067,45.1032],[-90.2835,45.1034]],[[99.9437,8.5301],[99.9457,8.5491]],[[101.1599,6.786],[101.1452,6.7849]],[[101.1951,16.6859],[101.1951,16.6662]],[[-37.0597,-10.9844],[-37.0858,-10.9835]],[[100.1639,18.1248],[100.1654,18.1395]],[[99.91,14.0894],[99.9246,14.1145]],[[124.1149,50.3813],[124.1204,50.3609]],[[99.9569,8.4608],[99.9544,8.4814]],[[98.5894,9.7863],[98.5817,9.7689]],[[103.7734,16.1073],[103.7742,16.1263]],[[103.4973,14.8604],[103.4993,14.8752]],[[-76.8636,38.7977],[-76.8637,38.8245]],[[-107.2102,41.8001],[-107.1894,41.8114]],[[-73.7964,-41.8965],[-73.7967,-41.9109]],[[117.0378,30.5764],[117.0629,30.5883]],[[79.0681,26.911],[79.0561,26.9311]],[[43.8517,40.7372],[43.8669,40.7637]],[[-71.7053,-45.914],[-71.6736,-45.9179]],[[-39.0714,-16.436],[-39.09,-16.441]],[[14.066,41.0532],[14.0969,41.0665]],[[15.6993,41.5444],[15.7285,41.5347]],[[-80.9653,35.2006],[-80.9674,35.2253]],[[74.0347,41.413],[74.0553,41.4076]],[[17.4013,40.525],[17.4089,40.4964]],[[18.1265,40.2463],[18.14,40.2313]],[[16.9446,40.7607],[16.9218,40.782]],[[-116.8932,35.3493],[-116.8775,35.3603]],[[-97.1473,44.9115],[-97.1693,44.9222]],[[-97.1512,44.9017],[-97.151,44.9205]],[[-67.1031,-27.7098],[-67.0869,-27.7061]],[[44.4067,17.6046],[44.4321,17.6186]],[[30.0561,58.6844],[30.024,58.679]],[[150.5719,-24.4927],[150.5858,-24.4976]],[[-37.36,-5.1929],[-37.3679,-5.2101]],[[9.9479,49.6456],[9.9809,49.6501]],[[30.4048,-29.6557],[30.3935,-29.643]],[[170.1875,-45.9338],[170.2077,-45.9244]],[[-72.2322,11.3922],[-72.246,11.3877]],[[-69.8966,-19.622],[-69.9242,-19.6262]],[[15.2414,-26.6916],[15.2467,-26.6758]],[[-59.2298,-37.2457],[-59.2273,-37.223]],[[1.325,36.214],[1.3552,36.2196]],[[1.3233,36.2096],[1.34,36.2155]],[[141.1382,39.4403],[141.1326,39.4171]],[[17.8403,43.2929],[17.8514,43.273]],[[-58.7633,-27.455],[-58.7601,-27.4349]],[[-72.9495,43.5243],[-72.95,43.5386]],[[111.6427,28.9304],[111.6366,28.9075]],[[-80.2216,27.1885],[-80.215,27.1761]],[[-80.2145,27.1765],[-80.2313,27.1821]],[[45.1847,20.5071],[45.2133,20.5014]],[[44.1284,24.4365],[44.1141,24.4632]],[[58.5756,51.0695],[58.6158,51.0755]],[[-83.6511,22.3333],[-83.633,22.3389]],[[31.6652,30.6083],[31.664,30.5813]],[[31.665,30.5813],[31.6662,30.6082]],[[105.2043,54.8014],[105.2281,54.7962]],[[43.7097,52.2977],[43.7387,52.2969]],[[114.076,71.9359],[114.0826,71.9199]],[[-82.6716,8.7746],[-82.6574,8.766]],[[-70.2218,8.6201],[-70.2068,8.6104]],[[135.4066,48.4026],[135.4263,48.4207]],[[-66.3345,-27.6259],[-66.3491,-27.6304]],[[-80.0481,32.913],[-80.0323,32.8922]],[[2.4127,-71.9617],[2.4952,-71.9522]],[[168.7577,-45.0165],[168.7357,-45.02]],[[109.4551,18.2838],[109.4702,18.2904]],[[-41.307,-21.7031],[-41.2963,-21.6937]],[[21.6524,-21.6979],[21.6627,-21.6881]],[[46.4654,39.202],[46.4453,39.2025]],[[-97.0909,44.0229],[-97.0825,44.0106]],[[-11.1549,28.459],[-11.1677,28.4374]],[[-76.9105,36.6992],[-76.8938,36.7014]],[[-157.3405,1.9863],[-157.3594,1.9863]],[[17.8254,48.6164],[17.8318,48.6338]],[[-157.2021,1.7644],[-157.1862,1.7612]],[[5.3298,45.9971],[5.3265,45.9793]],[[31.4192,30.9754],[31.4399,30.9552]],[[31.4316,30.9808],[31.4387,30.9582]],[[31.4207,30.9758],[31.4417,30.9553]],[[31.4406,30.9564],[31.4328,30.9811]],[[32.0473,30.8081],[32.0379,30.7823]],[[32.0543,30.8075],[32.0449,30.7818]],[[-68.4144,-34.5849],[-68.3918,-34.5911]],[[129.64,41.4199],[129.6564,41.4385]],[[-69.5827,-35.4841],[-69.5633,-35.4859]],[[33.9855,45.0089],[33.9924,45.0374]],[[-3.6224,42.3505],[-3.605,42.3642]],[[0.9687,20.2352],[0.9858,20.2509]],[[-78.1236,-2.3101],[-78.118,-2.2883]],[[-80.6435,40.1809],[-80.6513,40.1687]],[[14.2263,50.1018],[14.2516,50.1094]],[[-72.4246,-37.3943],[-72.4264,-37.4094]],[[-70.288,44.0422],[-70.2802,44.0547]],[[48.5343,53.2253],[48.5655,53.2258]],[[28.7141,22.57],[28.7193,22.6013]],[[131.4657,32.0813],[131.4377,32.0862]],[[-101.7811,41.1178],[-101.7629,41.1178]],[[-103.6883,41.1902],[-103.6665,41.1859]],[[-104.1444,41.1525],[-104.1251,41.1525]],[[-102.9938,41.1077],[-102.9768,41.0949]],[[173.1381,1.3828],[173.156,1.3805]],[[-10.0341,29.0293],[-10.0526,29.0202]],[[-10.0394,29.036],[-10.0618,29.0169]],[[-98.5756,29.3692],[-98.5867,29.3993]],[[-99.0104,40.7171],[-99.0071,40.7364]],[[83.2475,17.722],[83.2188,17.7243]],[[100.761,13.6917],[100.7519,13.6567]],[[17.8287,52.386],[17.867,52.3786]],[[17.8275,52.3838],[17.8767,52.3744]],[[4.6254,50.2408],[4.6722,50.2464]],[[4.6319,50.2362],[4.6629,50.2399]],[[30.7235,28.1137],[30.7356,28.0888]],[[-0.9972,45.8962],[-0.9725,45.8851]],[[113.574,70.8899],[113.5897,70.8743]],[[-114.8884,48.799],[-114.8772,48.7865]],[[-98.4777,29.5403],[-98.4647,29.5302]],[[-122.311,47.4638],[-122.3112,47.4381]],[[-98.276,29.5428],[-98.2628,29.5229]],[[-98.2932,29.535],[-98.2801,29.515]],[[-97.2122,37.7046],[-97.2177,37.6832]],[[54.3791,39.4768],[54.3518,39.4841]],[[-106.4275,32.8932],[-106.4126,32.9922]],[[-106.3739,32.9626],[-106.4768,32.9209]],[[-106.4585,32.9334],[-106.4182,32.9746]],[[-13.2259,27.1359],[-13.2127,27.155]],[[-68.0529,46.701],[-68.0456,46.6812]],[[-68.0509,46.6843],[-68.0277,46.6884]],[[-7.2324,33.667],[-7.2107,33.6446]],[[6.3526,36.107],[6.3764,36.1104]],[[53.3217,40.0451],[53.3364,40.0313]],[[-69.0906,44.0566],[-69.1098,44.0619]],[[120.9268,24.8063],[120.9522,24.8294]],[[-6.6635,4.7385],[-6.6577,4.7547]],[[60.5771,37.3684],[60.5981,37.3544]],[[4.7536,50.7537],[4.7735,50.7486]],[[-7.5226,6.5399],[-7.5314,6.5292]],[[-95.0306,40.7152],[-95.0232,40.7276]],[[131.7372,33.4936],[131.737,33.4654]],[[-120.4653,50.7055],[-120.4318,50.7005]],[[109.3963,18.3009],[109.4283,18.305]],[[-101.3509,38.4644],[-101.3508,38.4507]],[[-101.7501,38.4446],[-101.7501,38.4583]],[[-101.7898,39.7522],[-101.8004,39.7638]],[[-100.959,37.0484],[-100.9711,37.0387]],[[-101.3737,37.5997],[-101.3738,37.6162]],[[-101.0443,39.8483],[-101.0422,39.8346]],[[-100.9564,37.0539],[-100.9564,37.0344]],[[-100.8848,38.4674],[-100.885,38.4811]],[[-5.067,8.1407],[-5.063,8.125]],[[109.039,-7.6497],[109.029,-7.6404]],[[-98.747,37.695],[-98.747,37.7101]],[[-98.8117,38.8776],[-98.8098,38.8639]],[[-106.5828,33.1926],[-106.5648,33.175]],[[-97.6501,38.7815],[-97.667,38.7936]],[[-97.0361,37.1622],[-97.0361,37.1773]],[[120.0352,29.3523],[120.0265,29.3294]],[[133.4017,44.2533],[133.4217,44.2703]],[[-95.3892,37.8609],[-95.3847,37.8756]],[[-95.5743,37.0871],[-95.5744,37.1032]],[[-94.7289,37.4436],[-94.7326,37.46]],[[31.4191,30.0972],[31.4505,30.1208]],[[-105.9007,46.4196],[-105.8828,46.4292]],[[61.8266,37.6779],[61.8276,37.6509]],[[-65.9139,-47.7383],[-65.8943,-47.7321]],[[41.124,37.9413],[41.1135,37.9238]],[[127.7642,26.3507],[127.7861,26.3667]],[[27.215,31.3222],[27.2421,31.3356]],[[117.3785,39.1155],[117.3626,39.1415]],[[9.4973,54.4547],[9.5338,54.4607]],[[4.8807,48.6413],[4.9178,48.6308]],[[30.8926,29.5665],[30.9012,29.5423]],[[30.8992,29.5441],[30.8877,29.5633]],[[-82.0561,29.8498],[-82.0409,29.8463]],[[-82.0409,29.8463],[-82.0521,29.8366]],[[-162.0711,5.8916],[-162.0852,5.8856]],[[-9.0383,38.6998],[-9.0355,38.7196]],[[-9.0372,38.705],[-9.0104,38.7116]],[[117.3075,32.8419],[117.333,32.8536]],[[20.7807,29.0133],[20.7917,28.9991]],[[25.5779,41.979],[25.6035,41.9739]],[[-122.5685,49.1688],[-122.5458,49.1666]],[[-152.5133,57.7521],[-152.4806,57.7515]],[[-152.4834,57.7523],[-152.4932,57.7397]],[[-166.0744,66.2526],[-166.1045,66.2466]],[[-78.1748,39.6938],[-78.1574,39.6915]],[[120.5806,36.9698],[120.5983,36.956]],[[143.2985,-12.7823],[143.3135,-12.7927]],[[-67.6262,-27.6501],[-67.6232,-27.6341]],[[31.4127,-28.3253],[31.4221,-28.3131]],[[-112.7573,46.3806],[-112.7718,46.3929]],[[126.504,33.5056],[126.4875,33.5154]],[[33.7966,27.1934],[33.8061,27.1611]],[[117.6494,31.9003],[117.6672,31.9196]],[[36.6958,35.1202],[36.7262,35.1163]],[[116.259,31.6334],[116.2906,31.6231]],[[115.7282,32.8686],[115.7389,32.8921]],[[118.2456,29.7409],[118.2667,29.7265]],[[103.8518,30.2533],[103.8512,30.2767]],[[139.163,-16.6605],[139.177,-16.6625]],[[13.5232,52.3584],[13.4684,52.3454]],[[109.9964,18.4847],[109.9798,18.5078]],[[-88.6163,40.928],[-88.6316,40.9209]],[[-66.0256,-26.6816],[-66.0242,-26.6661]],[[26.0379,-25.6068],[26.0468,-25.5909]],[[-63.0021,-40.872],[-62.994,-40.8592]],[[-69.7537,-26.3113],[-69.7768,-26.3114]],[[-78.1799,43.0319],[-78.1595,43.0317]],[[-3.823,48.5976],[-3.8088,48.6089]],[[55.3504,25.2646],[55.3809,25.2477]],[[9.0776,56.2991],[9.126,56.2994]],[[9.0773,56.2972],[9.1246,56.2975]],[[36.4456,33.2786],[36.4725,33.2901]],[[36.4413,33.2827],[36.47,33.2952]],[[36.0166,52.9423],[35.9881,52.9277]],[[110.2105,21.3933],[110.1799,21.4014]],[[-78.9696,43.1096],[-78.9285,43.1095]],[[-78.9307,43.1109],[-78.9469,43.101]],[[-8.6671,70.9385],[-8.6375,70.9498]],[[39.997,21.4481],[39.9919,21.427]],[[36.589,34.5666],[36.5566,34.5715]],[[10.7603,33.875],[10.7939,33.8759]],[[10.4203,36.0758],[10.4569,36.0756]],[[9.9047,33.7276],[9.9338,33.7397]],[[-5.1575,33.4969],[-5.1478,33.514]],[[136.45,-13.971],[136.4673,-13.9738]],[[145.421,-24.435],[145.4362,-24.4292]],[[19.1264,52.0077],[19.1615,52.0023]],[[133.8423,-23.5128],[133.8571,-23.5206]],[[27.7312,11.0199],[27.7385,11.0393]],[[-52.701,-26.2213],[-52.6878,-26.2129]],[[130.6432,-11.4134],[130.6542,-11.4223]],[[121.0384,12.3637],[121.0547,12.3594]],[[120.0302,36.3192],[120.0208,36.3433]],[[-75.2552,-0.1266],[-75.2437,-0.1153]],[[-56.404,-14.3704],[-56.3968,-14.3835]],[[-97.414,35.8449],[-97.4184,35.8581]],[[-74.4192,40.7931],[-74.4065,40.8064]],[[-69.6908,11.413],[-69.6725,11.4165]],[[-89.6847,41.7392],[-89.6623,41.7452]],[[28.9838,-24.2223],[28.9841,-24.2386]],[[-4.5874,55.4884],[-4.5758,55.5034]],[[-4.5744,55.5024],[-4.6115,55.5152]],[[25.3715,53.8873],[25.3845,53.8662]],[[54.6382,24.4651],[54.6702,24.4424]],[[-82.8825,32.0907],[-82.8763,32.1033]],[[107.7538,-2.7328],[107.7553,-2.7553]],[[-54.8034,-2.4241],[-54.7822,-2.4207]],[[-63.0921,-20.0165],[-63.0854,-20.0401]],[[35.9479,35.4074],[35.9493,35.3882]],[[35.9512,35.3914],[35.9496,35.4138]],[[-58.0905,-29.2301],[-58.0857,-29.2144]],[[84.8712,25.5926],[84.8954,25.5896]],[[75.2799,63.1945],[75.2582,63.1734]],[[34.4073,45.6918],[34.4321,45.7063]],[[-68.2003,48.6167],[-68.2156,48.6037]],[[-60.5614,-30.7606],[-60.5714,-30.7715]],[[-57.4423,-14.6686],[-57.4452,-14.6553]],[[65.6056,44.7121],[65.5759,44.7006]],[[8.8911,36.9795],[8.859,36.9809]],[[9.2411,31.7086],[9.2675,31.6994]],[[10.6995,34.7061],[10.6821,34.7291]],[[8.0836,33.9396],[8.1186,33.9396]],[[134.138,6.8995],[134.1517,6.913]],[[125.6695,43.9866],[125.7008,44.0061]],[[126.4073,44.0103],[126.383,43.9953]],[[-112.8229,37.8556],[-112.809,37.8637]],[[121.5209,31.6524],[121.5174,31.6757]],[[34.0874,45.315],[34.1232,45.3305]],[[34.2646,45.5694],[34.2964,45.5881]],[[-86.3731,32.3913],[-86.3595,32.3726]],[[33.1437,30.42],[33.1614,30.3969]],[[33.1425,30.4193],[33.1569,30.4005]],[[125.4846,42.666],[125.5087,42.6653]],[[45.3298,15.4585],[45.3246,15.4804]],[[125.4866,8.9477],[125.4695,8.9561]],[[135.3139,-30.9226],[135.304,-30.9104]],[[132.6475,48.4526],[132.6695,48.4694]],[[26.9293,65.4026],[26.9749,65.402]],[[-6.5946,34.2887],[-6.5881,34.3043]],[[-6.6117,34.2965],[-6.5882,34.3065]],[[-6.0676,34.225],[-6.0328,34.2362]],[[15.9313,-21.4172],[15.9455,-21.4121]],[[143.2632,-26.6976],[143.2613,-26.711]],[[42.9065,9.3225],[42.9175,9.3423]],[[43.3013,51.5407],[43.3021,51.5228]],[[17.0346,-23.305],[17.0467,-23.3183]],[[30.8251,29.8212],[30.8214,29.8024]],[[-85.5564,10.5892],[-85.5327,10.5976]],[[16.6527,-20.4324],[16.6698,-20.4289]],[[120.2037,-21.9183],[120.1939,-21.9058]],[[121.1979,-21.6531],[121.1842,-21.6377]],[[-95.9153,40.941],[-95.9195,40.9557]],[[121.6054,-21.6783],[121.5879,-21.6698]],[[9.6997,52.4669],[9.6527,52.4682]],[[122.2384,-21.7199],[122.222,-21.7105]],[[74.8767,12.9485],[74.8959,12.9602]],[[-58.1371,-14.7401],[-58.1239,-14.7478]],[[-57.9943,-14.252],[-57.9963,-14.2342]],[[120.2269,-26.6395],[120.2169,-26.6259]],[[120.5885,-26.4206],[120.5676,-26.4229]],[[-83.1127,29.6367],[-83.1014,29.6273]],[[-83.1091,29.633],[-83.0971,29.644]],[[113.3935,-26.1653],[113.396,-26.1509]],[[-71.9926,12.2205],[-71.9762,12.2226]],[[36.3926,45.3708],[36.4133,45.3752]],[[98.3504,39.8498],[98.3264,39.8694]],[[-72.9752,5.6701],[-72.9644,5.6829]],[[130.3605,-20.5536],[130.34,-20.5439]],[[130.6509,-18.3363],[130.6368,-18.3337]],[[-80.6044,28.2472],[-80.615,28.2212]],[[135.0926,-32.1458],[135.1097,-32.1381]],[[130.6463,33.8858],[130.6625,33.8793]],[[7.4089,49.2189],[7.3905,49.1981]],[[82.0349,26.2507],[82.0506,26.2445]],[[131.2668,33.9247],[131.2907,33.9351]],[[133.6981,-32.1278],[133.7152,-32.1334]],[[53.1923,39.4157],[53.2068,39.4069]],[[132.875,44.6017],[132.898,44.6237]],[[-70.1009,-38.9773],[-70.1259,-38.9745]],[[-77.7171,0.8031],[-77.6992,0.8158]],[[38.8266,47.2398],[38.8536,47.2529]],[[-6.1364,4.9223],[-6.1292,4.9365]],[[35.0624,42.0132],[35.0818,42.0238]],[[150.8774,65.7557],[150.8986,65.7419]],[[-71.939,46.1057],[-71.9241,46.1164]],[[123.9298,47.2207],[123.9096,47.2538]],[[135.7171,-34.2537],[135.6999,-34.2524]],[[-98.7891,20.068],[-98.7768,20.0853]],[[137.7113,-32.4981],[137.7176,-32.512]],[[33.5176,27.8431],[33.5338,27.8271]],[[-103.6299,43.7332],[-103.6091,43.7341]],[[77.1544,11.0156],[77.1688,11.0138]],[[36.7627,31.8153],[36.7975,31.8205]],[[36.8967,39.7977],[36.9103,39.8303]],[[48.031,56.6702],[48.034,56.6493]],[[25.4571,31.0948],[25.4492,31.1209]],[[25.4548,31.0943],[25.4467,31.1205]],[[-71.518,-32.7872],[-71.5208,-32.809]],[[25.8471,31.0417],[25.857,31.016]],[[25.8448,31.0411],[25.8547,31.0153]],[[25.2909,31.4509],[25.2764,31.4639]],[[50.104,30.7409],[50.1212,30.7246]],[[131.9193,43.8944],[131.9306,43.92]],[[24.342,30.8122],[24.337,30.8444]],[[16.6155,31.0462],[16.5889,31.0685]],[[16.5942,31.0437],[16.5938,31.0759]],[[12.0069,32.9485],[12.0234,32.9567]],[[-0.3459,53.5815],[-0.3571,53.5653]],[[137.5203,-33.0662],[137.5185,-33.0511]],[[33.0409,45.3202],[33.0602,45.3317]],[[-80.3794,27.4973],[-80.3594,27.4971]],[[57.7609,22.9013],[57.7576,22.8857]],[[55.1703,18.1479],[55.1871,18.1312]],[[53.3614,16.9841],[53.3561,16.9967]],[[-116.9934,32.5738],[-116.9678,32.5717]],[[-73.3583,-13.7195],[-73.3447,-13.6984]],[[31.7349,26.3548],[31.7509,26.3306]],[[120.4868,14.9757],[120.4981,14.9974]],[[37.4436,47.0655],[37.4559,47.0873]],[[33.9722,45.1027],[33.9811,45.1298]],[[16.8263,25.3656],[16.794,25.3481]],[[27.8419,-31.3033],[27.8603,-31.3123]],[[132.8877,-12.6575],[132.9015,-12.6586]],[[11.8776,32.474],[11.9176,32.4697]],[[11.8812,32.4762],[11.9149,32.4727]],[[22.7312,32.557],[22.7592,32.5275]],[[30.6699,31.031],[30.6589,31.0559]],[[30.2081,30.8107],[30.172,30.8236]],[[30.177,30.8313],[30.2074,30.8136]],[[42.0648,42.2393],[42.0364,42.241]],[[-62.7687,8.2845],[-62.7521,8.2926]],[[-65.2868,-10.7786],[-65.2829,-10.7943]],[[23.3424,29.8593],[23.352,29.8895]],[[21.204,31.9858],[21.1851,32.0138]],[[21.1823,32.0125],[21.2011,31.9845]],[[18.5271,30.5115],[18.5273,30.4947]],[[20.0662,30.8645],[20.0818,30.8736]],[[20.077,30.8647],[20.0731,30.8811]],[[36.8553,33.9093],[36.8775,33.9288]],[[17.9225,29.4757],[17.9398,29.4643]],[[17.2849,28.5942],[17.3031,28.5855]],[[17.5882,28.9705],[17.5881,28.9534]],[[16.1691,29.1357],[16.1503,29.1428]],[[28.4009,-23.258],[28.4166,-23.2576]],[[-64.926,-14.811],[-64.9092,-14.8273]],[[-70.7642,7.2058],[-70.7489,7.2162]],[[30.5601,30.526],[30.5455,30.5502]],[[-8.9078,52.71],[-8.9435,52.6932]],[[-57.9904,-31.444],[-57.9801,-31.433]],[[-9.5099,52.1838],[-9.5376,52.178]],[[-71.883,5.8818],[-71.8904,5.8705]],[[121.6473,42.0766],[121.6726,42.0811]],[[-70.1645,11.7797],[-70.139,11.782]],[[114.2592,-27.6994],[114.2592,-27.685]],[[-73.4507,9.5784],[-73.4531,9.5918]],[[14.5278,24.1899],[14.5598,24.1653]],[[14.5214,24.1798],[14.5364,24.1878]],[[117.3111,49.5705],[117.3481,49.563]],[[32.2847,36.2974],[32.3105,36.3005]],[[135.4406,-33.0345],[135.45,-33.0455]],[[26.7199,-26.8778],[26.7162,-26.8647]],[[14.8007,28.4836],[14.82,28.475]],[[25.8729,31.4793],[25.8835,31.4561]],[[20.2403,47.1311],[20.2308,47.1145]],[[20.7965,47.3964],[20.7696,47.3837]],[[-3.4827,48.7566],[-3.4617,48.7522]],[[-83.7859,39.4432],[-83.8114,39.4172]],[[-77.6204,34.8222],[-77.6039,34.8361]],[[-116.2093,43.5587],[-116.2426,43.57]],[[-116.2369,43.5702],[-116.2028,43.5586]],[[-77.0489,35.0646],[-77.0378,35.08]],[[-85.5401,42.8888],[-85.5218,42.8909]],[[-56.5046,-33.3694],[-56.495,-33.3506]],[[-81.4309,28.2941],[-81.4441,28.2869]],[[-81.4417,28.2962],[-81.4319,28.2823]],[[-1.6521,53.8604],[-1.6691,53.8714]],[[-71.2086,-29.9126],[-71.1906,-29.9203]],[[49.5964,25.9029],[49.5859,25.9196]],[[-85.8912,39.8422],[-85.9094,39.8371]],[[139.3496,-25.8986],[139.3406,-25.8852]],[[141.2245,38.4081],[141.1982,38.3953]],[[141.2208,38.4034],[141.2097,38.4138]],[[9.8517,28.6202],[9.8529,28.6396]],[[45.1564,54.2796],[45.1781,54.2922]],[[12.9317,29.5311],[12.9561,29.5314]],[[12.9436,29.5389],[12.9441,29.52]],[[14.256,27.6652],[14.2893,27.6401]],[[14.2856,27.6428],[14.2581,27.6636]],[[45.0122,62.2462],[45.0272,62.2332]],[[95.9172,20.9613],[95.9131,20.9285]],[[-78.731,33.8061],[-78.7169,33.8174]],[[60.7184,27.2453],[60.7219,27.2256]],[[-71.943,8.9623],[-71.9432,8.9866]],[[36.5333,33.0897],[36.5484,33.068]],[[9.7358,44.9092],[9.7084,44.9199]],[[-91.1544,41.3623],[-91.1374,41.3702]],[[-81.1886,32.1285],[-81.2188,32.1288]],[[-81.2001,32.1358],[-81.2,32.1166]],[[-100.2054,20.621],[-100.1659,20.6137]],[[129.3058,40.9077],[129.3116,40.922]],[[-125.2633,49.9457],[-125.2829,49.9584]],[[-122.6165,58.8316],[-122.5882,58.8412]],[[-92.9239,42.117],[-92.9094,42.1088]],[[162.3176,11.3361],[162.3381,11.3469]],[[123.2937,9.3346],[123.3105,9.3337]],[[4.2978,45.5305],[4.2951,45.5512]],[[-70.9683,-46.5406],[-70.988,-46.535]],[[21.5835,29.2243],[21.6008,29.2016]],[[21.115,29.4857],[21.1293,29.4745]],[[-64.1449,10.4429],[-64.1199,10.4558]],[[15.9587,29.1155],[15.9724,29.1047]],[[18.0071,29.3693],[18.0075,29.3528]],[[-8.5884,7.5011],[-8.5805,7.4868]],[[19.3013,28.5795],[19.305,28.5933]],[[19.0046,28.4932],[19.0014,28.5135]],[[8.5345,31.2885],[8.5549,31.2781]],[[9.7126,30.1366],[9.7157,30.1545]],[[-71.6165,-46.5538],[-71.6024,-46.5633]],[[32.4816,30.2522],[32.5009,30.2349]],[[67.178,24.9124],[67.1475,24.9047]],[[39.9521,44.8812],[39.9762,44.8951]],[[53.8997,12.6187],[53.9131,12.6454]],[[55.8262,52.841],[55.8193,52.8566]],[[26.3028,41.8337],[26.3176,41.8486]],[[-66.8251,10.2875],[-66.807,10.2863]],[[19.9299,28.3317],[19.9302,28.3127]],[[21.438,28.6214],[21.438,28.6393]],[[119.544,-5.0923],[119.558,-5.068]],[[131.2778,-0.8934],[131.3001,-0.8949]],[[19.0421,29.1067],[19.0426,29.0929]],[[22.355,27.9854],[22.3598,27.9661]],[[22.506,27.672],[22.5109,27.653]],[[122.5751,-5.4799],[122.5645,-5.4922]],[[-51.358,-22.7839],[-51.3688,-22.7676]],[[131.8077,44.1071],[131.803,44.0844]],[[120.7241,22.0473],[120.7362,22.0345]],[[-116.133,45.9427],[-116.113,45.9426]],[[74.5732,18.2319],[74.593,18.2264]],[[-42.1226,-9.58],[-42.1089,-9.5799]],[[-92.9438,41.394],[-92.948,41.4085]],[[121.381,37.4085],[121.359,37.3857]],[[118.7887,37.5187],[118.7907,37.4864]],[[116.9357,38.392],[116.9264,38.4143]],[[117.0644,38.7913],[117.0734,38.7732]],[[118.6902,40.9053],[118.6654,40.8956]],[[127.4722,39.7362],[127.4761,39.7584]],[[125.1306,38.2313],[125.1466,38.218]],[[92.86,20.1358],[92.8812,20.1308]],[[147.1709,-36.7345],[147.1629,-36.7225]],[[116.0177,-29.1963],[116.0268,-29.2096]],[[-95.2121,43.1707],[-95.194,43.161]],[[-95.2015,43.1723],[-95.2034,43.1585]],[[70.9036,31.9062],[70.8896,31.9128]],[[-89.071,41.895],[-89.0883,41.8903]],[[-93.6188,41.9976],[-93.6247,41.9828]],[[-92.4574,41.1121],[-92.4407,41.0995]],[[-104.9395,42.0554],[-104.9178,42.0556]],[[17.7933,47.6328],[17.8168,47.6239]],[[-89.88,16.9188],[-89.8527,16.9088]],[[27.1767,-15.0664],[27.1975,-15.0761]],[[166.9121,-0.5416],[166.9259,-0.5533]],[[2.5067,49.2498],[2.5341,49.2581]],[[-6.3259,32.3936],[-6.3066,32.4097]],[[-108.2452,29.6853],[-108.2578,29.6731]],[[-72.5403,-51.6666],[-72.5176,-51.6746]],[[-118.6024,33.018],[-118.5748,33.0275]],[[-104.3442,19.7427],[-104.329,19.7479]],[[40.4392,64.4334],[40.4055,64.4498]],[[120.2071,22.9668],[120.2079,22.9343]],[[120.2037,22.9652],[120.2045,22.9345]],[[120.3904,23.4773],[120.3907,23.4499]],[[23.967,-31.4164],[23.9775,-31.4269]],[[-58.0387,-32.378],[-58.0216,-32.3813]],[[140.0165,48.9215],[140.0557,48.9289]],[[120.2005,-33.8018],[120.216,-33.794]],[[39.5295,46.5399],[39.5658,46.5385]],[[-70.855,-53.008],[-70.843,-52.9948]],[[126.8604,38.3336],[126.8833,38.3332]],[[136.8015,34.8744],[136.8092,34.8424]],[[-101.9462,21.2524],[-101.9404,21.2679]],[[-89.4042,16.3267],[-89.4295,16.3254]],[[118.6789,-8.5303],[118.6922,-8.5451]],[[97.6565,16.439],[97.6652,16.4508]],[[136.8783,-4.524],[136.8965,-4.5353]],[[27.667,64.2834],[27.7178,64.2875]],[[-84.0957,39.7731],[-84.1209,39.7745]],[[97.7518,22.9707],[97.7534,22.989]],[[-84.0847,41.8616],[-84.0713,41.8709]],[[141.9287,-12.6816],[141.9162,-12.6733]],[[-111.408,57.2153],[-111.4272,57.2304]],[[-111.6992,57.3897],[-111.7031,57.3734]],[[95.0929,22.2127],[95.094,22.2361]],[[5.4302,50.6286],[5.4609,50.648]],[[46.5276,26.0088],[46.5434,25.9818]],[[46.6372,25.2337],[46.6441,25.1949]],[[6.0872,33.0602],[6.092,33.0867]],[[-151.0521,60.475],[-151.0245,60.4749]],[[-53.7038,-29.7106],[-53.6761,-29.712]],[[-68.6798,-20.766],[-68.6852,-20.7375]],[[-69.6561,-20.4288],[-69.6258,-20.4249]],[[13.4161,26.3366],[13.428,26.3283]],[[-72.8872,41.2714],[-72.8883,41.256]],[[5.5,44.0501],[5.4912,44.0635]],[[14.0236,22.8036],[14.0256,22.7645]],[[24.8227,-27.9496],[24.8133,-27.9297]],[[24.8076,-27.9551],[24.823,-27.938]],[[121.1214,13.9493],[121.1286,13.9609]],[[96.1943,19.6388],[96.2078,19.6083]],[[-106.6206,34.4875],[-106.6037,34.4868]],[[24.7005,-24.5974],[24.6827,-24.6049]],[[-70.4221,-27.296],[-70.4054,-27.2976]],[[-65.1898,-32.3954],[-65.1816,-32.3736]],[[94.9667,20.1421],[94.9705,20.1651]],[[-86.2515,40.0381],[-86.2513,40.0231]],[[39.1797,21.3343],[39.1664,21.3619]],[[1.4723,45.044],[1.4965,45.0361]],[[-69.1429,-24.2909],[-69.1203,-24.2968]],[[95.1108,21.3937],[95.1118,21.4171]],[[-106.8975,34.0145],[-106.9026,34.0289]],[[-66.8602,52.9151],[-66.8693,52.9305]],[[-96.9428,35.3656],[-96.9428,35.3502]],[[47.7857,28.9473],[47.8004,28.9235]],[[31.7014,28.989],[31.6916,28.9539]],[[-99.1037,28.8172],[-99.1143,28.8273]],[[-85.9209,38.9286],[-85.9071,38.9182]],[[-85.8941,38.929],[-85.9074,38.9182]],[[4.021,46.4066],[4.0071,46.422]],[[30.21,53.5146],[30.1908,53.5272]],[[-7.5832,7.2804],[-7.5909,7.2636]],[[118.7135,-23.1305],[118.7007,-23.1421]],[[-69.712,-22.3075],[-69.699,-22.2997]],[[-70.4586,-44.0485],[-70.4382,-44.0504]],[[-70.4588,-44.0481],[-70.4365,-44.0418]],[[-93.3414,16.7693],[-93.3371,16.7562]],[[-93.0322,16.5714],[-93.0199,16.5522]],[[8.3329,54.9194],[8.3521,54.9039]],[[-116.9072,33.038],[-116.9233,33.0403]],[[135.0836,47.987],[135.0939,48.0082]],[[27.9241,39.6327],[27.9228,39.6052]],[[-47.4926,-23.4709],[-47.4875,-23.4847]],[[-77.3036,17.8972],[-77.3036,17.8798]],[[-77.3057,17.8967],[-77.2955,17.8869]],[[124.2509,24.4037],[124.2394,24.3892]],[[-60.5485,-24.7296],[-60.5492,-24.713]],[[-94.3661,41.0276],[-94.3614,41.0144]],[[-73.588,8.2494],[-73.5735,8.2438]],[[66.8976,34.6936],[66.8895,34.6813]],[[-74.8527,9.2861],[-74.8393,9.2834]],[[17.1427,-18.6129],[17.157,-18.6069]],[[33.2118,28.1893],[33.2001,28.2056]],[[4.9715,44.9298],[4.9685,44.9145]],[[-89.179,31.6783],[-89.1665,31.6677]],[[58.8808,20.6715],[58.9034,20.6806]],[[58.8949,20.6578],[58.8883,20.6846]],[[-90.6766,43.9568],[-90.6524,43.9509]],[[46.3345,39.4493],[46.3576,39.4522]],[[119.4386,36.039],[119.4369,36.0176]],[[-69.6223,-37.1921],[-69.603,-37.1966]],[[118.3171,-31.5216],[118.3348,-31.5231]],[[-114.0108,49.5204],[-113.9833,49.5204]],[[30.999,69.4073],[30.9776,69.3942]],[[-59.8393,-22.3482],[-59.8386,-22.3651]],[[-84.5799,33.3626],[-84.5648,33.3526]],[[49.6972,26.9507],[49.711,26.9327]],[[-93.0126,39.7782],[-93.0129,39.7645]],[[-88.6982,41.9458],[-88.7068,41.9276]],[[-2.866,53.3329],[-2.8327,53.3344]],[[-83.0551,12.1822],[-83.0636,12.1674]],[[120.469,22.6974],[120.4962,22.7028]],[[1.0815,33.7119],[1.1033,33.7318]],[[46.3441,-15.6605],[46.3594,-15.6738]],[[127.5572,-25.3034],[127.5554,-25.2882]],[[-89.1959,31.1817],[-89.1856,31.1712]],[[122.2501,-28.4864],[122.2391,-28.4743]],[[-87.8057,42.7688],[-87.8204,42.7544]],[[125.2601,38.1302],[125.2322,38.1311]],[[31.0025,-22.7645],[31.0192,-22.7756]],[[127.3022,50.1823],[127.3159,50.1617]],[[20.1717,65.8708],[20.1281,65.8798]],[[-98.0334,43.7681],[-98.0515,43.7809]],[[-98.0339,43.7676],[-98.034,43.7828]],[[-89.6452,44.7847],[-89.6743,44.7801]],[[-89.6712,44.7635],[-89.6755,44.7811]],[[14.1905,42.4385],[14.1748,42.4233]],[[36.1344,32.0281],[36.1538,32.0233]],[[57.4682,23.6386],[57.5072,23.6423]],[[45.0149,12.8264],[45.0428,12.8325]],[[-123.1851,39.622],[-123.1858,39.6372]],[[-92.7432,41.7146],[-92.7288,41.7052]],[[-66.5947,-27.0762],[-66.5775,-27.0683]],[[121.1091,22.7635],[121.0942,22.7463]],[[25.7461,58.8562],[25.7176,58.8722]],[[23.5103,58.9126],[23.4673,58.9101]],[[48.4018,38.311],[48.4294,38.3168]],[[104.5563,28.8023],[104.5335,28.7987]],[[49.3646,58.5118],[49.3292,58.495]],[[121.7552,39.6627],[121.7772,39.6771]],[[2.4726,44.4137],[2.4921,44.4024]],[[46.1694,-22.4131],[46.1639,-22.3996]],[[-108.4473,39.946],[-108.4282,39.9496]],[[145.3518,-36.8069],[145.3457,-36.8211]],[[119.8091,49.2047],[119.8473,49.2074]],[[114.0664,32.5356],[114.0939,32.5468]],[[-93.0282,41.6804],[-93.0153,41.6685]],[[76.3588,26.0349],[76.3632,26.0487]],[[-87.5966,34.7415],[-87.617,34.749]],[[49.3412,39.8653],[49.3394,39.8475]],[[149.9931,-24.6025],[149.996,-24.6166]],[[49.8276,34.135],[49.867,34.1413]],[[-88.5544,32.5488],[-88.5339,32.5461]],[[-88.571,32.5304],[-88.567,32.5521]],[[-88.5483,32.5814],[-88.5524,32.5597]],[[83.3555,21.9346],[83.3366,21.9385]],[[-81.6958,33.6461],[-81.6801,33.6535]],[[-79.9591,36.0993],[-79.9371,36.1165]],[[12.4813,30.7119],[12.4865,30.6911]],[[5.6909,51.6506],[5.7248,51.6638]],[[5.6926,51.649],[5.7263,51.6622]],[[-94.4251,43.6493],[-94.4101,43.6388]],[[-156.7988,71.2847],[-156.7384,71.2847]],[[-153.2161,70.9101],[-153.2573,70.912]],[[-109.1821,40.0983],[-109.1965,40.0866]],[[18.9834,-16.3909],[18.9725,-16.4033]],[[-84.1869,34.4636],[-84.1738,34.4533]],[[37.6143,48.7078],[37.6481,48.7057]],[[-65.3363,-43.2361],[-65.3121,-43.2351]],[[-93.3705,43.6877],[-93.3666,43.6743]],[[19.8642,42.8474],[19.86,42.8308]],[[-91.568,36.2593],[-91.5577,36.2702]],[[-81.1032,34.3214],[-81.1139,34.3101]],[[-124.1325,52.1161],[-124.157,52.1097]],[[-119.2872,52.1309],[-119.2983,52.1189]],[[119.4139,-25.3209],[119.4347,-25.3126]],[[119.7691,-25.1067],[119.7574,-25.0975]],[[124.7748,43.5184],[124.7947,43.5339]],[[27.3602,8.7826],[27.3602,8.8036]],[[29.7113,11.1434],[29.6915,11.1331]],[[5.5133,47.323],[5.5136,47.3494]],[[88.0715,47.7551],[88.1042,47.7431]],[[-89.944,35.9484],[-89.944,35.9803]],[[-84.1994,31.5413],[-84.1943,31.5278]],[[-84.1997,31.5296],[-84.1856,31.543]],[[-85.2012,44.9821],[-85.1955,44.9951]],[[-101.1076,29.3395],[-101.094,29.3284]],[[80.2956,21.5319],[80.2802,21.517]],[[92.7207,11.6293],[92.7386,11.6531]],[[18.9432,46.541],[18.9409,46.5634]],[[121.9663,-26.119],[121.951,-26.1177]],[[71.1604,57.712],[71.1513,57.699]],[[16.3299,-17.4811],[16.314,-17.4853]],[[-63.0765,-7.5295],[-63.0677,-7.5401]],[[46.8829,60.9866],[46.8523,61.0035]],[[16.2668,53.5222],[16.3003,53.5173]],[[-68.5375,63.7482],[-68.5747,63.765]],[[16.4935,53.4462],[16.4864,53.4636]],[[16.0673,53.4014],[16.0982,53.3886]],[[16.6436,-27.869],[16.6519,-27.8831]],[[-76.421,38.2766],[-76.4186,38.2901]],[[53.6546,35.3811],[53.6885,35.3977]],[[-108.7357,42.811],[-108.7214,42.8198]],[[-8.6449,40.905],[-8.6469,40.9269]],[[-108.1317,43.2505],[-108.1132,43.2494]],[[-91.1239,40.7887],[-91.1238,40.7705]],[[-91.1192,40.7842],[-91.1359,40.7913]],[[-80.3384,26.9081],[-80.3184,26.9082]],[[16.9719,-22.1129],[16.9866,-22.1027]],[[16.8007,-20.758],[16.7956,-20.7434]],[[12.9969,60.1508],[12.9861,60.164]],[[-66.2953,-30.3524],[-66.2925,-30.3359]],[[34.4679,49.6273],[34.5081,49.6273]],[[-57.1502,-29.6994],[-57.154,-29.6793]],[[-68.546,-31.5964],[-68.5484,-31.6097]],[[18.9641,-22.5113],[18.9812,-22.4984]],[[18.9872,-22.5013],[18.9717,-22.4998]],[[-107.8722,37.1968],[-107.8662,37.2096]],[[45.6753,39.8167],[45.6714,39.831]],[[-83.709,31.1461],[-83.6976,31.1364]],[[-78.6493,41.8097],[-78.6321,41.7973]],[[-95.1404,45.1225],[-95.1242,45.113]],[[24.722,58.9826],[24.7062,58.9998]],[[-60.2085,-36.8827],[-60.2246,-36.8976]],[[33.5372,47.8773],[33.5374,47.8998]],[[-69.7496,19.2634],[-69.7252,19.2754]],[[130.8268,31.3648],[130.8504,31.3686]],[[130.8271,31.3671],[130.8445,31.3699]],[[-65.0906,-24.4042],[-65.105,-24.3812]],[[102.9657,16.6364],[102.9699,16.6692]],[[31.1097,52.0878],[31.1332,52.0772]],[[46.3963,24.9334],[46.3857,24.9505]],[[155.9641,54.3019],[155.9833,54.312]],[[-53.4249,-12.1702],[-53.4326,-12.1543]],[[-53.3769,-12.1951],[-53.3891,-12.2031]],[[4.9149,44.188],[4.9231,44.171]],[[27.4961,-26.8972],[27.511,-26.8875]],[[23.2783,-28.828],[23.2679,-28.8385]],[[24.0413,-28.701],[24.0465,-28.6827]],[[22.9919,-28.2665],[22.9945,-28.2532]],[[29.703,-0.7091],[29.6962,-0.724]],[[-93.419,35.085],[-93.4361,35.0889]],[[23.4466,-28.3646],[23.4331,-28.3555]],[[22.3112,-29.9041],[22.3261,-29.9096]],[[23.6383,-29.1532],[23.6514,-29.1349]],[[26.5315,-24.6665],[26.545,-24.6739]],[[29.7774,-24.2682],[29.7916,-24.264]],[[30.1861,-24.6655],[30.1754,-24.6554]],[[-106.0606,38.535],[-106.0366,38.5416]],[[-110.6965,38.4151],[-110.7138,38.417]],[[49.5122,30.8475],[49.5524,30.8211]],[[10.3061,60.2074],[10.3309,60.2217]],[[40.5985,46.5757],[40.5793,46.5728]],[[37.2159,19.5674],[37.2158,19.5854]],[[114.1501,39.4038],[114.1772,39.4077]],[[-81.4338,26.7458],[-81.4228,26.7353]],[[11.6293,52.4933],[11.6028,52.5001]],[[13.0953,38.1833],[13.0857,38.1663]],[[13.1193,38.1853],[13.0879,38.1748]],[[-56.8524,-27.3623],[-56.8557,-27.3788]],[[-43.7583,-21.275],[-43.7634,-21.26]],[[2.5617,49.0267],[2.5249,49.0247]],[[-80.0058,32.6912],[-79.9972,32.7027]],[[-80.0129,32.7049],[-79.9956,32.705]],[[-89.0131,44.3325],[-89.0329,44.3334]],[[-58.1033,-29.7814],[-58.0884,-29.7752]],[[-43.0827,-6.8397],[-43.0726,-6.8527]],[[9.9752,53.6544],[9.9974,53.6287]],[[-42.6394,-9.0887],[-42.6499,-9.0781]],[[-43.0041,-9.5135],[-42.9885,-9.5139]],[[109.2148,11.9851],[109.2239,12.0112]],[[-64.0741,-25.188],[-64.0888,-25.1854]],[[109.2251,34.6348],[109.2566,34.6524]],[[-45.0159,-12.0827],[-45.0024,-12.0755]],[[-43.6498,-18.2257],[-43.6517,-18.2409]],[[-50.0123,-6.1189],[-49.9946,-6.1168]],[[-44.0125,-4.5107],[-44.0284,-4.5161]],[[106.7972,39.782],[106.8016,39.805]],[[-83.5652,36.4058],[-83.5492,36.412]],[[88.4092,26.0162],[88.3933,26.0161]],[[-94.375,49.7866],[-94.3516,49.79]],[[27.1581,38.2813],[27.1506,38.3062]],[[-71.9259,-39.2907],[-71.9066,-39.2938]],[[-7.5975,33.383],[-7.5864,33.3509]],[[-88.4332,33.6398],[-88.4518,33.6554]],[[-88.4458,33.6389],[-88.4604,33.6512]],[[127.7453,26.2671],[127.7677,26.2813]],[[-88.5866,32.9457],[-88.5718,32.9337]],[[-71.3527,4.7849],[-71.3439,4.7956]],[[58.4647,29.0759],[58.4354,29.0924]],[[76.2691,59.1427],[76.2902,59.1562]],[[-71.1233,-42.898],[-71.1478,-42.9097]],[[6.8991,46.8336],[6.9309,46.8529]],[[6.9061,46.8365],[6.9269,46.8492]],[[-47.736,-19.1963],[-47.7218,-19.2003]],[[-39.6759,-17.5243],[-39.6611,-17.5244]],[[80.5025,8.7462],[80.4933,8.7358]],[[31.4527,-24.9528],[31.4446,-24.9415]],[[-46.8685,-17.956],[-46.8538,-17.9532]],[[117.9111,-27.4575],[117.9242,-27.4439]],[[14.7154,50.6207],[14.7504,50.618]],[[-76.6017,44.2181],[-76.6033,44.2345]],[[69.6693,22.246],[69.6519,22.2464]],[[94.0048,24.4967],[94.006,24.4809]],[[19.4193,-33.3184],[19.4356,-33.3144]],[[-38.3805,-12.1682],[-38.3797,-12.1825]],[[-56.1099,-9.8771],[-56.1025,-9.8551]],[[-61.8489,-10.8786],[-61.8446,-10.8629]],[[-86.41,32.3024],[-86.3809,32.2998]],[[-46.5623,-21.84],[-46.5764,-21.8448]],[[-89.2479,37.7886],[-89.2484,37.7707]],[[-48.1286,-21.8187],[-48.1378,-21.8049]],[[-59.2241,-29.112],[-59.2134,-29.0999]],[[16.5361,-28.5824],[16.5302,-28.5666]],[[16.5369,-28.5672],[16.5196,-28.568]],[[78.9188,28.822],[78.9373,28.8125]],[[89.4376,25.8876],[89.4203,25.8876]],[[-44.9675,-21.2465],[-44.9604,-21.2346]],[[-49.2159,-18.437],[-49.211,-18.4524]],[[26.8309,-29.3228],[26.8139,-29.3125]],[[39.0646,22.7121],[39.0752,22.693]],[[-111.5758,37.7506],[-111.5645,37.7402]],[[-46.9869,-20.9547],[-46.9793,-20.9421]],[[-45.4777,-21.6002],[-45.4705,-21.5825]],[[-44.8672,-20.1864],[-44.8747,-20.1749]],[[31.604,30.3993],[31.601,30.413]],[[31.1324,30.5668],[31.1256,30.5913]],[[34.1362,31.0703],[34.162,31.076]],[[34.6414,31.2426],[34.6708,31.2358]],[[34.6797,31.2252],[34.6477,31.2327]],[[34.9963,31.1998],[35.0324,31.2071]],[[35.0236,31.2139],[34.9912,31.2074]],[[34.9924,31.2044],[35.0328,31.2125]],[[29.3666,40.6838],[29.3886,40.6851]],[[30.0657,40.7365],[30.1008,40.7335]],[[26.6099,40.794],[26.6038,40.7807]],[[125.2368,6.1129],[125.233,6.0982]],[[103.8201,1.4353],[103.8037,1.4175]],[[-47.3778,-20.5849],[-47.3886,-20.5996]],[[-103.3282,20.529],[-103.2922,20.5139]],[[-97.6238,40.9048],[-97.6218,40.8887]],[[67.941,38.4142],[67.949,38.4018]],[[43.6713,34.5456],[43.6835,34.5247]],[[43.5598,34.6723],[43.5453,34.688]],[[43.7656,34.6194],[43.7859,34.5974]],[[43.5222,34.6795],[43.5438,34.6562]],[[43.5465,34.6571],[43.526,34.6792]],[[43.3979,34.912],[43.3846,34.9209]],[[42.1504,35.8536],[42.1334,35.8653]],[[43.1129,35.7806],[43.1312,35.7519]],[[44.3465,36.5279],[44.3331,36.54]],[[39.7305,32.9159],[39.7603,32.9276]],[[39.7384,32.9402],[39.7345,32.9132]],[[39.6106,33.0686],[39.5826,33.0833]],[[39.7608,32.9311],[39.7314,32.9411]],[[43.2799,34.2959],[43.2514,34.3104]],[[-89.2603,31.2704],[-89.2456,31.2594]],[[43.7309,35.1269],[43.7206,35.143]],[[44.4943,34.9312],[44.4742,34.9384]],[[44.3416,33.9456],[44.3722,33.9272]],[[44.7589,34.1537],[44.7354,34.1737]],[[44.5836,34.435],[44.6056,34.4549]],[[42.3469,34.0735],[42.3305,34.0756]],[[44.2712,34.1584],[44.2574,34.1728]],[[-71.3547,-17.6903],[-71.3333,-17.6997]],[[37.1208,35.734],[37.0879,35.7353]],[[37.0878,35.7329],[37.1207,35.7317]],[[36.9237,34.4851],[36.8914,34.4954]],[[48.5175,28.3821],[48.5152,28.3976]],[[142.7668,47.2511],[142.7694,47.2733]],[[-98.3986,27.9537],[-98.409,27.9638]],[[-82.0204,27.9835],[-82.0095,27.9932]],[[-82.0338,27.9892],[-82.0075,27.9893]],[[37.5698,36.1892],[37.5962,36.1854]],[[-81.7906,27.9446],[-81.7751,27.9453]],[[-81.7782,27.9477],[-81.7894,27.9381]],[[37.2332,33.68],[37.2002,33.6798]],[[37.2222,33.6907],[37.199,33.6792]],[[41.6989,42.1638],[41.7186,42.161]],[[-70.9385,-17.1834],[-70.9244,-17.1766]],[[-55.5884,-11.8926],[-55.5833,-11.874]],[[84.9139,24.6092],[84.8966,24.6093]],[[-96.5307,41.4576],[-96.516,41.4441]],[[124.447,8.6114],[124.466,8.6129]],[[46.8925,22.9785],[46.9065,22.9558]],[[47.579,24.081],[47.5822,24.0451]],[[47.0974,30.3645],[47.1188,30.3435]],[[47.641,30.145],[47.6601,30.1238]],[[47.4692,30.2376],[47.4834,30.2158]],[[47.6312,30.4375],[47.6521,30.4175]],[[-91.2915,31.6077],[-91.3059,31.6206]],[[-91.2955,31.6199],[-91.2957,31.6062]],[[-112.2253,37.3502],[-112.223,37.3367]],[[-90.9271,32.2459],[-90.9293,32.2323]],[[-91.8399,47.8281],[-91.8195,47.8202]],[[120.4502,22.6722],[120.4732,22.673]],[[-91.8768,44.8908],[-91.8574,44.891]],[[-76.1616,39.4751],[-76.175,39.4559]],[[45.6049,20.4673],[45.6337,20.462]],[[-65.3674,-33.7196],[-65.3889,-33.7306]],[[-121.4298,39.1205],[-121.4434,39.1517]],[[16.2523,49.747],[16.2614,49.7348]],[[-96.672,34.8133],[-96.672,34.7965]],[[13.9173,50.3054],[13.9524,50.3071]],[[-84.1551,40.2427],[-84.1367,40.2417]],[[-140.236,-8.7984],[-140.2218,-8.7928]],[[-90.4153,31.6012],[-90.4034,31.6105]],[[-112.5352,37.0026],[-112.5277,37.0185]],[[-46.4988,-18.6755],[-46.4835,-18.6698]],[[-90.6512,35.8288],[-90.6352,35.8397]],[[-8.9654,39.1011],[-8.9589,39.079]],[[-103.2604,47.7978],[-103.2384,47.7883]],[[-67.573,-28.0469],[-67.5821,-28.0349]],[[-77.7866,48.0667],[-77.7789,48.0399]],[[-54.6003,-20.6097],[-54.5904,-20.5984]],[[47.4962,25.1661],[47.4814,25.1835]],[[47.1042,17.4653],[47.1386,17.4684]],[[30.4313,49.7757],[30.4503,49.8047]],[[100.451,36.3378],[100.5087,36.3344]],[[47.4094,24.0754],[47.412,24.0464]],[[-90.4251,30.5279],[-90.4104,30.5154]],[[-90.4192,30.5286],[-90.4191,30.5149]],[[32.7339,68.7911],[32.7684,68.7725]],[[41.5889,41.617],[41.6115,41.6023]],[[48.7974,39.0137],[48.8132,39.0006]],[[48.9566,39.8364],[48.9769,39.8276]],[[48.9747,39.6501],[49.0037,39.6493]],[[80.566,28.4707],[80.5807,28.4668]],[[-55.4823,-30.9805],[-55.47,-30.9687]],[[-71.1452,-41.1555],[-71.1705,-41.1466]],[[-139.0133,-9.7721],[-139.0061,-9.7596]],[[83.5526,25.6126],[83.5664,25.6178]],[[75.0849,67.9986],[75.1092,67.9779]],[[-44.8901,-20.9205],[-44.8954,-20.9066]],[[114.3289,34.7443],[114.3468,34.7621]],[[103.9367,30.5195],[103.9507,30.5496]],[[6.0222,50.961],[6.0613,50.9606]],[[-9.3469,38.8368],[-9.3325,38.8253]],[[-112.6174,37.4789],[-112.6269,37.4661]],[[93.4872,40.4704],[93.4612,40.4884]],[[47.1622,34.346],[47.1458,34.3527]],[[-76.877,42.7078],[-76.8889,42.7249]],[[-70.556,19.7619],[-70.5841,19.7539]],[[-112.6665,32.964],[-112.6808,32.9563]],[[155.7396,62.4505],[155.7571,62.4673]],[[122.7707,63.896],[122.7808,63.8788]],[[105.9984,38.5025],[106.0152,38.4916]],[[-106.8122,41.4487],[-106.8427,41.4385]],[[-73.4767,44.6659],[-73.4595,44.636]],[[-94.136,46.4174],[-94.1276,46.3989]],[[-46.2798,-16.9491],[-46.2678,-16.9411]],[[45.454,40.9229],[45.4723,40.9296]],[[-42.4926,-19.4788],[-42.4824,-19.4624]],[[-76.03,43.9879],[-76.0147,43.996]],[[-76.0041,43.9913],[-76.0307,43.9923]],[[3.1043,47.0065],[3.1224,46.9987]],[[-95.552,30.0542],[-95.5544,30.0706]],[[145.7865,-31.542],[145.8011,-31.5332]],[[-141.7647,-18.7453],[-141.7539,-18.7554]],[[-52.3951,-15.8662],[-52.3827,-15.8565]],[[46.7765,39.8963],[46.7976,39.9064]],[[91.9179,24.3901],[91.916,24.4061]],[[145.2313,14.1747],[145.251,14.1741]],[[-97.4304,41.9926],[-97.4375,41.9776]],[[-97.4429,41.9921],[-97.4297,41.9795]],[[-65.043,-40.7465],[-65.0256,-40.7559]],[[101.8036,26.5517],[101.7934,26.5282]],[[-140.9575,-18.0639],[-140.9347,-18.0855]],[[-97.3499,41.4574],[-97.3392,41.4435]],[[-118.4312,33.9491],[-118.402,33.9521]],[[-118.4193,33.9358],[-118.3829,33.9396]],[[76.2149,24.5892],[76.2264,24.5802]],[[72.5267,25.1598],[72.5349,25.1483]],[[-81.855,30.3458],[-81.8789,30.3532]],[[152.4191,62.9268],[152.4254,62.9125]],[[40.8351,45.5017],[40.8352,45.5165]],[[-75.4752,44.6801],[-75.4513,44.6844]],[[-81.5617,30.7492],[-81.5525,30.7602]],[[-172.0222,-13.8302],[-171.9945,-13.8299]],[[99.7742,40.3874],[99.8045,40.416]],[[39.6648,-7.9108],[39.672,-7.9238]],[[111.6114,26.3272],[111.6087,26.3506]],[[-112.389,37.8526],[-112.3949,37.8378]],[[7.0162,4.8383],[7.0269,4.8542]],[[-96.8161,46.9329],[-96.8164,46.9082]],[[128.4545,-16.6254],[128.4466,-16.6447]],[[113.3903,22.0196],[113.363,21.9939]],[[-52.1604,-32.0772],[-52.1744,-32.0894]],[[7.2968,35.8845],[7.2562,35.877]],[[7.2426,35.8575],[7.2333,35.8905]],[[-83.8719,43.4339],[-83.8531,43.4339]],[[-71.4861,41.9283],[-71.4958,41.9166]],[[-52.603,-18.8063],[-52.5892,-18.8125]],[[-52.4904,-18.8517],[-52.4817,-18.8393]],[[-52.6117,-18.7367],[-52.5973,-18.732]],[[-157.3519,-20.1337],[-157.3379,-20.1393]],[[5.4301,50.6313],[5.4536,50.6461]],[[107.4796,34.528],[107.462,34.5347]],[[-52.8242,-28.3207],[-52.8084,-28.3229]],[[-96.603,46.2379],[-96.6112,46.2506]],[[-49.4129,-20.8216],[-49.4012,-20.8127]],[[109.8437,39.5016],[109.8761,39.4854]],[[-39.1403,-16.7191],[-39.1454,-16.7059]],[[108.198,16.0604],[108.2025,16.0291]],[[108.1964,16.0574],[108.2004,16.0301]],[[6.2356,49.6354],[6.1875,49.6175]],[[-83.3519,-79.785],[-83.2572,-79.7653]],[[-0.7509,48.0384],[-0.7375,48.0267]],[[-84.8075,45.5762],[-84.7883,45.5629]],[[-84.8027,45.5674],[-84.7879,45.578]],[[-97.228,49.8953],[-97.2523,49.913]],[[12.3661,45.5162],[12.3375,45.494]],[[6.7521,51.2853],[6.7761,51.2967]],[[6.7554,51.2812],[6.7828,51.2943]],[[-48.7015,-20.1333],[-48.7008,-20.1176]],[[-51.6141,-21.462],[-51.5999,-21.459]],[[-77.8776,38.9751],[-77.8622,38.9681]],[[-89.8915,34.3703],[-89.8943,34.3567]],[[105.8868,26.2639],[105.8598,26.2573]],[[131.2678,-23.242],[131.2525,-23.2447]],[[111.4324,-7.6034],[111.4343,-7.6307]],[[-14.2431,12.3013],[-14.2316,12.2863]],[[-95.402,45.8716],[-95.3891,45.8611]],[[55.9602,26.7084],[55.9438,26.698]],[[148.9468,-20.3514],[148.9564,-20.3635]],[[136.0625,-16.4494],[136.0894,-16.4395]],[[138.8212,-17.9407],[138.8078,-17.9332]],[[129.4459,-18.3806],[129.4314,-18.3875]],[[129.6386,-17.8366],[129.6487,-17.8461]],[[-90.2249,51.4465],[-90.2014,51.4465]],[[-88.6531,34.5976],[-88.6439,34.5861]],[[102.5568,38.0065],[102.566,37.9884]],[[-108.9282,28.3477],[-108.9221,28.3609]],[[56.2436,26.1827],[56.237,26.1583]],[[32.5043,15.8042],[32.5222,15.825]],[[147.8527,-6.6148],[147.8555,-6.6292]],[[171.2826,7.0676],[171.2614,7.0624]],[[-86.6462,38.5044],[-86.6279,38.5081]],[[-3.3535,57.698],[-3.3212,57.716]],[[18.2821,42.5559],[18.2484,42.5692]],[[112.7117,-7.9182],[112.717,-7.9399]],[[-112.6609,29.9214],[-112.652,29.9377]],[[-48.4916,-14.4281],[-48.4916,-14.4421]],[[-49.293,-8.3431],[-49.3084,-8.3525]],[[-89.1252,32.8061],[-89.1268,32.7924]],[[137.5317,-34.7503],[137.5264,-34.7369]],[[-75.2557,39.8687],[-75.2229,39.8752]],[[-75.2752,39.8608],[-75.2338,39.8691]],[[-51.648,-25.9838],[-51.6329,-25.9794]],[[19.0503,45.7281],[19.0656,45.7162]],[[19.0501,45.7268],[19.0637,45.7161]],[[54.5367,24.2409],[54.5655,24.221]],[[111.4351,30.6657],[111.4457,30.6762]],[[-75.2128,39.8818],[-75.23,39.8783]],[[8.587,50.0451],[8.5346,50.0326]],[[-54.747,-23.0343],[-54.7345,-23.0242]],[[-55.4228,-22.8538],[-55.4013,-22.8477]],[[15.3412,44.0794],[15.3576,44.0928]],[[15.3574,44.1004],[15.3357,44.1164]],[[-90.261,29.45],[-90.2612,29.4322]],[[47.3095,52.0292],[47.3367,52.0313]],[[170.3919,64.6659],[170.4434,64.6651]],[[176.1884,-37.6728],[176.209,-37.6738]],[[28.3875,57.771],[28.4006,57.7926]],[[-76.9356,41.2385],[-76.9116,41.2427]],[[-100.1172,25.7842],[-100.0917,25.7701]],[[-100.1097,25.7881],[-100.1053,25.7725]],[[41.093,67.1193],[41.1199,67.1015]],[[-112.3006,45.5283],[-112.2996,45.5446]],[[7.1238,50.8601],[7.1553,50.8697]],[[7.1291,50.8805],[7.1657,50.8552]],[[111.8018,30.8083],[111.8204,30.7888]],[[-3.9381,34.2344],[-3.9553,34.2295]],[[121.2498,38.9094],[121.2235,38.921]],[[-115.1355,35.963],[-115.1353,35.9809]],[[-115.133,35.9809],[-115.1331,35.9672]],[[40.2761,48.9553],[40.3172,48.9552]],[[106.8039,10.9771],[106.8322,10.9779]],[[107.6089,35.7935],[107.589,35.8125]],[[109.3273,13.037],[109.3407,13.0598]],[[-5.2737,50.2709],[-5.2512,50.2711]],[[39.814,-5.2509],[39.8088,-5.2636]],[[-57.6826,-19.0146],[-57.6633,-19.0094]],[[57.7228,38.2689],[57.7464,38.2584]],[[-81.1038,44.7489],[-81.1174,44.7391]],[[-117.2012,39.4603],[-117.1936,39.4756]],[[-1.4709,52.3747],[-1.4884,52.3649]],[[-66.9376,9.3691],[-66.9084,9.3752]],[[116.6123,40.0929],[116.6176,40.0589]],[[116.5696,40.1021],[116.5742,40.0734]],[[136.161,-22.7498],[136.1622,-22.7638]],[[-47.1995,-1.2377],[-47.2018,-1.2237]],[[-97.6789,30.6722],[-97.6779,30.6859]],[[132.6186,-23.2309],[132.638,-23.227]],[[-68.3489,18.5686],[-68.378,18.5661]],[[145.0352,-28.1738],[145.0475,-28.164]],[[91.191,23.4334],[91.1864,23.447]],[[-80.2227,41.6232],[-80.2067,41.6298]],[[8.6404,53.7654],[8.6767,53.7698]],[[20.3138,-9.4416],[20.3092,-9.4202]],[[-1.353,50.9572],[-1.3605,50.9436]],[[108.751,34.421],[108.7822,34.4435]],[[-110.6997,38.4296],[-110.7017,38.4156]],[[-71.4281,43.57],[-71.4075,43.5761]],[[125.8182,-14.7941],[125.8329,-14.788]],[[125.8232,-14.7814],[125.8274,-14.7974]],[[114.4241,38.0718],[114.4117,38.0931]],[[11.3,44.5314],[11.276,44.54]],[[-54.1777,-28.2811],[-54.1615,-28.2839]],[[9.9672,53.62],[9.9996,53.636]],[[150.1449,-35.9023],[150.1483,-35.8889]],[[-116.6171,35.2913],[-116.6423,35.275]],[[-116.6211,35.2724],[-116.6342,35.2855]],[[122.8381,0.6386],[122.8602,0.6358]],[[136.0927,-1.1848],[136.123,-1.1953]],[[134.8642,-0.9356],[134.8799,-0.9359]],[[-99.9678,29.5728],[-99.9813,29.5642]],[[132.7505,-5.7514],[132.7659,-5.7658]],[[34.439,30.8653],[34.4481,30.8531]],[[119.1227,36.6356],[119.1146,36.6581]],[[-49.9078,-22.972],[-49.9164,-22.961]],[[-117.3254,35.8207],[-117.3285,35.8046]],[[-109.074,35.6441],[-109.0608,35.66]],[[70.4908,28.3049],[70.4879,28.2907]],[[-105.6267,57.251],[-105.6082,57.2617]],[[115.7922,29.4669],[115.8105,29.4871]],[[-85.4408,41.806],[-85.4409,41.8202]],[[134.5542,7.3671],[134.5343,7.3675]],[[131.116,-0.9318],[131.1258,-0.92]],[[-40.0754,-19.3628],[-40.0673,-19.3478]],[[-98.4315,32.1858],[-98.4385,32.1696]],[[-125.7817,49.076],[-125.7609,49.076]],[[-125.784,49.0827],[-125.767,49.0748]],[[-125.7813,49.0894],[-125.7793,49.0758]],[[118.8002,25.0172],[118.8144,25.0357]],[[-1.0438,51.1868],[-1.0194,51.1881]],[[34.4629,37.8397],[34.4842,37.8529]],[[55.3949,25.2359],[55.3583,25.2562]],[[51.5898,25.2909],[51.6054,25.2553]],[[51.6089,25.2961],[51.6268,25.2555]],[[173.1708,52.8249],[173.1803,52.8402]],[[126.8882,45.2717],[126.8987,45.2477]],[[-117.1093,35.2799],[-117.0918,35.2909]],[[130.2917,33.1512],[130.3128,33.1483]],[[140.4196,36.1959],[140.407,36.1676]],[[-88.2539,30.7022],[-88.2382,30.6833]],[[21.634,-27.841],[21.6267,-27.8281]],[[-62.7021,-32.6524],[-62.7023,-32.6663]],[[-145.711,64.0049],[-145.7316,63.9892]],[[-145.7355,63.9997],[-145.7041,63.9902]],[[106.5594,-6.2872],[106.5751,-6.2961]],[[106.5778,-6.2848],[106.5678,-6.2952]],[[-66.8507,10.4865],[-66.8367,10.4835]],[[124.593,-8.1387],[124.6008,-8.1267]],[[120.1958,33.4185],[120.2145,33.4382]],[[-50.5718,-18.9868],[-50.5549,-18.9861]],[[-52.7716,47.6236],[-52.7373,47.6253]],[[-52.7519,47.6259],[-52.7333,47.6114]],[[-45.8719,-23.2197],[-45.8513,-23.2387]],[[160.5314,65.2434],[160.5583,65.2346]],[[-72.5212,43.339],[-72.5095,43.3513]],[[13.3739,43.6248],[13.3511,43.6081]],[[-47.8962,-18.2235],[-47.9031,-18.2102]],[[-47.733,-15.9334],[-47.7208,-15.9411]],[[63.4609,49.6278],[63.4801,49.6373]],[[-55.9008,-29.8068],[-55.8887,-29.8163]],[[-58.0021,-31.3059],[-57.9923,-31.2899]],[[-54.5678,48.9208],[-54.5599,48.9483]],[[-54.5858,48.9532],[-54.5505,48.9457]],[[-51.7957,3.8613],[-51.7986,3.8473]],[[-54.7461,-2.5771],[-54.722,-2.5727]],[[-44.0981,-22.935],[-44.0819,-22.9349]],[[80.0642,32.082],[80.0419,32.1179]],[[-64.2856,-31.453],[-64.2814,-31.4365]],[[-92.0798,55.8703],[-92.0822,55.8568]],[[116.2737,-29.4228],[116.2894,-29.4227]],[[-50.4481,-22.6405],[-50.4639,-22.6367]],[[-76.7114,7.8034],[-76.7214,7.8203]],[[-53.5075,-24.9946],[-53.4952,-25.0058]],[[-58.4252,-34.554],[-58.4075,-34.5639]],[[-97.8909,29.5545],[-97.914,29.5745]],[[122.2619,-29.779],[122.2765,-29.7724]],[[-156.4371,20.898],[-156.4239,20.9038]],[[-1.1368,37.7937],[-1.1125,37.8126]],[[37.4881,55.5068],[37.5198,55.5084]],[[121.3061,-28.8891],[121.3185,-28.8745]],[[113.7849,22.6545],[113.8016,22.6239]],[[-109.4994,41.4531],[-109.4811,41.4628]],[[113.4293,24.965],[113.4147,24.9864]],[[-105.5464,50.3224],[-105.5754,50.3325]],[[-105.5756,50.3382],[-105.5428,50.3268]],[[27.6776,-23.7296],[27.6979,-23.7228]],[[33.2792,0.4863],[33.2829,0.5006]],[[33.1875,0.4572],[33.1997,0.4481]],[[-105.1474,35.6483],[-105.1378,35.6595]],[[-105.1358,35.6446],[-105.1488,35.6643]],[[-75.4988,38.3355],[-75.5167,38.346]],[[102.0662,14.9282],[102.0911,14.941]],[[-64.9312,44.9833],[-64.9025,44.9776]],[[-58.5339,-34.8083],[-58.5246,-34.8352]],[[-58.5534,-34.8191],[-58.5183,-34.8254]],[[36.1822,33.5577],[36.1659,33.5613]],[[-97.6533,28.3547],[-97.6706,28.3703]],[[36.233,31.9988],[36.2146,32.012]],[[38.208,32.5368],[38.182,32.5418]],[[-75.5134,10.4306],[-75.5125,10.4524]],[[-84.6431,30.9729],[-84.6258,30.9729]],[[-84.6448,30.9752],[-84.6343,30.9651]],[[66.9239,30.2626],[66.9501,30.2388]],[[-109.574,36.1186],[-109.577,36.1]],[[120.5926,15.6709],[120.608,15.6773]],[[104.7321,31.4385],[104.7476,31.4214]],[[79.8053,11.9658],[79.8182,11.9707]],[[-39.2561,-17.6566],[-39.248,-17.6452]],[[-56.4042,-1.4919],[-56.3895,-1.4874]],[[-49.7364,-21.6589],[-49.7233,-21.6682]],[[2.5131,49.0206],[2.5621,49.0233]],[[145.718,15.1145],[145.7407,15.1235]],[[-104.6858,38.779],[-104.6857,38.8161]],[[-104.7159,38.8241],[-104.7159,38.7938]],[[21.8244,-18.3754],[21.8429,-18.372]],[[-48.6019,-20.5881],[-48.5863,-20.5812]],[[138.4242,-30.5956],[138.4396,-30.6036]],[[121.5952,-31.1829],[121.6006,-31.1985]],[[70.1932,29.2768],[70.1796,29.2512]],[[70.1954,29.2757],[70.1821,29.2507]],[[39.2171,-6.8636],[39.1979,-6.8828]],[[41.2071,21.32],[41.19,21.3271]],[[0.5245,41.7357],[0.5455,41.7208]],[[26.044,43.6885],[26.0694,43.7012]],[[-5.3412,36.1515],[-5.3581,36.1509]],[[114.9198,4.93],[114.9368,4.9583]],[[-90.9233,36.119],[-90.9233,36.1327]],[[-90.9195,36.1251],[-90.9312,36.1347]],[[-90.9193,36.1252],[-90.9337,36.1136]],[[-49.7328,-6.5681],[-49.7185,-6.562]],[[-45.2049,-22.7846],[-45.2047,-22.7986]],[[-101.6969,35.2297],[-101.679,35.2137]],[[-101.7327,35.2051],[-101.7002,35.2309]],[[111.6666,-2.6991],[111.6802,-2.7116]],[[116.1248,37.5004],[116.1087,37.4819]],[[-97.2618,37.639],[-97.2707,37.6069]],[[-97.2645,37.6395],[-97.2735,37.6073]],[[-42.1007,-22.8207],[-42.0844,-22.8051]],[[-122.8674,42.3637],[-122.8792,42.3862]],[[-39.2777,-7.216],[-39.2604,-7.2225]],[[141.4627,-38.3195],[141.4812,-38.3188]],[[103.4619,30.4789],[103.4692,30.5052]],[[121.6535,-8.8492],[121.6683,-8.849]],[[-7.9288,38.0877],[-7.9317,38.0654]],[[-88.5721,43.9916],[-88.5507,43.9915]],[[122.935,10.6487],[122.9236,10.6354]],[[-102.5139,43.0256],[-102.4993,43.017]],[[-64.2778,-33.0995],[-64.2609,-33.0849]],[[-64.2615,-33.0836],[-64.2612,-33.1023]],[[-87.3901,37.3611],[-87.4063,37.3508]],[[-88.138,44.4825],[-88.1126,44.493]],[[-88.1337,44.4938],[-88.1336,44.47]],[[-77.9977,39.3984],[-77.9683,39.4064]],[[-69.2545,-38.9389],[-69.2742,-38.9406]],[[80.5926,28.7554],[80.5742,28.7551]],[[138.2021,34.7918],[138.1768,34.8002]],[[140.5087,-2.5712],[140.5302,-2.5872]],[[-87.6837,44.1341],[-87.6805,44.1208]],[[-87.845,43.764],[-87.8596,43.7727]],[[-87.8587,43.7632],[-87.8439,43.7784]],[[-104.615,36.338],[-104.6207,36.3251]],[[-113.8436,41.3738],[-113.8296,41.3635]],[[-113.8289,41.3695],[-113.8479,41.3694]],[[2.5527,48.9957],[2.602,48.9983]],[[2.5656,48.9929],[2.6024,48.9949]],[[-74.2094,-13.1664],[-74.1995,-13.1431]],[[112.3362,16.8251],[112.3541,16.8423]],[[153.7395,67.4846],[153.721,67.4659]],[[53.5674,28.5852],[53.5913,28.5882]],[[109.1517,18.6809],[109.1674,18.7005]],[[-67.3969,-26.0718],[-67.3828,-26.0549]],[[-94.6219,48.7323],[-94.6025,48.7246]],[[-87.8281,30.8698],[-87.8106,30.8709]],[[-38.2579,-9.3973],[-38.2433,-9.4043]],[[119.3703,-23.1039],[119.3498,-23.0999]],[[112.3949,31.0989],[112.4084,31.114]],[[-109.6044,31.4562],[-109.6045,31.4738]],[[-109.6108,31.4741],[-109.5949,31.474]],[[64.3635,31.5512],[64.3662,31.569]],[[-8.0534,39.2191],[-8.0619,39.2043]],[[53.9842,22.5168],[54.0019,22.518]],[[-97.7059,35.595],[-97.7065,35.6087]],[[-97.8248,35.4798],[-97.8248,35.4963]],[[-98.0076,35.4647],[-98.0078,35.4789]],[[-98.0043,35.4658],[-98.0043,35.4812]],[[108.0036,14.0047],[108.0257,14.0043]],[[114.0718,22.4397],[114.0889,22.4334]],[[27.963,7.7258],[27.986,7.7257]],[[-99.198,35.3437],[-99.198,35.3294]],[[-99.2015,35.3597],[-99.2015,35.3226]],[[-93.2173,33.2206],[-93.2167,33.2343]],[[-96.1511,36.1673],[-96.1526,36.1832]],[[-87.8947,31.4773],[-87.8971,31.4638]],[[-77.248,45.8581],[-77.2549,45.8709]],[[-88.8744,39.8411],[-88.8537,39.8322]],[[-88.8488,39.839],[-88.8742,39.8272]],[[49.4286,40.8194],[49.4339,40.7973]],[[-79.4466,21.9627],[-79.4389,21.9772]],[[-67.1013,-25.4907],[-67.0735,-25.501]],[[9.7993,1.8892],[9.8126,1.9159]],[[-111.0887,52.8241],[-111.1131,52.8367]],[[18.4917,54.3713],[18.4521,54.3811]],[[-86.9951,32.3531],[-86.9805,32.3348]],[[55.7832,53.5295],[55.7773,53.5148]],[[140.3727,38.4214],[140.3699,38.4024]],[[-112.8936,35.3307],[-112.8793,35.3395]],[[120.2864,63.4598],[120.2509,63.4583]],[[-78.89,38.2703],[-78.9029,38.2574]],[[135.8577,62.1987],[135.8681,62.1858]],[[-82.1209,29.2676],[-82.1199,29.2871]],[[11.7511,48.3407],[11.8046,48.3448]],[[11.7676,48.3628],[11.8211,48.3669]],[[-51.9454,-6.6453],[-51.9585,-6.6377]],[[-50.3266,-9.3275],[-50.3302,-9.3134]],[[-60.0548,-22.353],[-60.0544,-22.3666]],[[106.1519,30.7916],[106.1775,30.8051]],[[-37.8127,-4.5715],[-37.7974,-4.5662]],[[-2.0686,51.6668],[-2.0455,51.6693]],[[-108.21,32.7531],[-108.2091,32.7679]],[[-107.7312,32.2566],[-107.717,32.2662]],[[-107.7026,32.2631],[-107.7284,32.263]],[[-102.8528,32.9678],[-102.8396,32.9788]],[[-103.4006,32.9604],[-103.4143,32.9488]],[[-91.8255,39.1543],[-91.8079,39.1605]],[[-93.2003,39.1019],[-93.2006,39.0882]],[[-88.2686,39.4743],[-88.2896,39.4812]],[[-88.2883,39.4742],[-88.2706,39.482]],[[30.7961,47.1572],[30.7962,47.1379]],[[72.6879,65.4927],[72.7101,65.4708]],[[-1.7588,52.4635],[-1.7396,52.4463]],[[30.1852,-22.6185],[30.1691,-22.6192]],[[30.8913,-22.3744],[30.8739,-22.3746]],[[30.3736,-23.0782],[30.3911,-23.0776]],[[30.6551,-23.2904],[30.6453,-23.277]],[[-88.5567,43.9638],[-88.5564,43.9858]],[[23.0034,-27.6558],[22.9928,-27.6369]],[[22.4773,-27.1942],[22.4844,-27.2113]],[[-85.3526,42.6661],[-85.3369,42.6587]],[[-56.0051,-4.2479],[-55.9958,-4.2359]],[[-112.8042,33.9663],[-112.7859,33.975]],[[-95.7574,41.2686],[-95.7579,41.2536]],[[-87.6323,45.1171],[-87.645,45.1278]],[[-87.6325,45.1373],[-87.6444,45.1232]],[[121.7527,18.1895],[121.7397,18.1752]],[[0.7784,51.9403],[0.8048,51.9428]],[[9.204,48.6865],[9.2438,48.694]],[[105.7768,29.6466],[105.7706,29.6264]],[[-114.2631,34.1579],[-114.2726,34.1418]],[[151.9726,-28.6199],[151.9899,-28.6203]],[[140.6597,-34.2003],[140.6775,-34.1961]],[[107.7772,30.6729],[107.7951,30.686]],[[108.4208,30.806],[108.449,30.7964]],[[134.0699,-18.7055],[134.088,-18.718]],[[-107.9537,43.9715],[-107.9514,43.9524]],[[17.7447,54.4135],[17.782,54.4189]],[[30.3078,58.1315],[30.3498,58.1467]],[[123.3446,-75.116],[123.3649,-75.0976]],[[-60.8007,-23.5866],[-60.8004,-23.6046]],[[115.5347,28.0137],[115.5648,28.0332]],[[-61.4339,-22.579],[-61.4265,-22.5644]],[[-35.902,-7.2655],[-35.8896,-7.2741]],[[120.4911,32.2694],[120.5112,32.2473]],[[-58.4725,-20.7821],[-58.47,-20.7963]],[[112.128,32.4204],[112.1492,32.3675]],[[-57.2975,-35.3592],[-57.2805,-35.3462]],[[40.4702,62.7108],[40.5266,62.7281]],[[28.2878,-25.4871],[28.2915,-25.4612]],[[-117.1826,34.5875],[-117.188,34.572]],[[-105.6844,53.2181],[-105.6617,53.2181]],[[28.314,-25.3255],[28.3089,-25.3124]],[[24.7535,-27.6059],[24.7503,-27.5913]],[[25.7275,-25.5453],[25.7417,-25.541]],[[25.9863,-26.1756],[25.9913,-26.1891]],[[29.3306,-22.4504],[29.3449,-22.4458]],[[-49.1926,-20.2846],[-49.1825,-20.2724]],[[-106.6822,52.1742],[-106.7177,52.1784]],[[-106.7057,52.179],[-106.6967,52.1629]],[[-61.4781,-23.0678],[-61.4819,-23.0815]],[[-49.4324,-28.7275],[-49.4169,-28.724]],[[-67.5414,2.7317],[-67.5514,2.7189]],[[146.1391,-18.6683],[146.1513,-18.6609]],[[-24.4866,14.8905],[-24.4759,14.8817]],[[-71.4323,-14.7839],[-71.4315,-14.8064]],[[-50.2187,-19.7238],[-50.2221,-19.7102]],[[-170.5064,63.6828],[-170.4797,63.6898]],[[12.1805,45.6449],[12.2086,45.6524]],[[104.2256,35.9059],[104.211,35.9292]],[[-1.7786,4.8891],[-1.7709,4.9028]],[[-56.7835,-2.6791],[-56.7719,-2.668]],[[-127.3731,50.6862],[-127.3566,50.6773]],[[-37.2446,-7.0406],[-37.2587,-7.0374]],[[-102.0423,33.613],[-102.042,33.5844]],[[-102.0375,33.581],[-102.0376,33.5983]],[[-102.0469,33.5833],[-102.0472,33.6122]],[[147.1196,-26.4018],[147.1341,-26.3932]],[[-89.153,41.3437],[-89.1532,41.36]],[[101.4629,-2.0902],[101.4772,-2.0977]],[[16.6768,68.5031],[16.6795,68.4793]],[[-83.2253,36.6507],[-83.2104,36.6575]],[[-3.6095,16.3536],[-3.5995,16.3631]],[[-86.7376,41.5656],[-86.7314,41.5784]],[[-90.4266,40.9449],[-90.4365,40.9309]],[[-0.0158,16.2432],[0.0053,16.2538]],[[109.5839,38.3728],[109.5993,38.3449]],[[-62.6576,8.2824],[-62.6725,8.2753]],[[2.3182,43.215],[2.2927,43.2171]],[[42.1412,24.2868],[42.1464,24.2653]],[[-114.3512,34.5612],[-114.3653,34.5811]],[[108.9838,40.6147],[109.0143,40.614]],[[-86.8136,39.6403],[-86.814,39.6256]],[[43.1761,56.7035],[43.2063,56.6958]],[[49.2266,24.0912],[49.2181,24.1117]],[[-110.3058,64.5124],[-110.2735,64.5102]],[[-81.3586,36.8928],[-81.3414,36.8969]],[[-0.8554,9.5651],[-0.8786,9.5417]],[[-62.0227,-16.1503],[-62.0296,-16.1365]],[[-57.4216,-22.7956],[-57.4188,-22.809]],[[28.8064,-2.3004],[28.8112,-2.3177]],[[-90.2322,39.7697],[-90.2447,39.7793]],[[124.2124,13.5811],[124.1972,13.5728]],[[-57.5672,-22.6483],[-57.57,-22.6617]],[[-57.9443,-22.7777],[-57.9424,-22.7916]],[[-57.8374,-22.6244],[-57.8402,-22.6406]],[[34.0546,17.7016],[34.0598,17.7182]],[[132.6815,-27.0369],[132.6963,-27.0415]],[[135.8766,-34.6126],[135.8813,-34.5997]],[[3.0253,48.8375],[3.0037,48.8376]],[[98.8582,3.6255],[98.8828,3.6502]],[[44.7662,33.1696],[44.784,33.1492]],[[45.3185,32.5112],[45.3455,32.496]],[[16.0063,-24.9648],[16.0207,-24.9612]],[[15.9899,-25.1105],[16.0033,-25.1185]],[[20.7597,-17.9797],[20.775,-17.984]],[[38.2283,46.6888],[38.2526,46.6902]],[[19.8483,-33.462],[19.8644,-33.4602]],[[-62.9116,-0.9803],[-62.9255,-0.982]],[[-58.4036,-16.347],[-58.3997,-16.3301]],[[-135.3737,57.0539],[-135.3484,57.0398]],[[-68.2946,-23.6492],[-68.3164,-23.6487]],[[-68.3687,-23.5845],[-68.3968,-23.5846]],[[-101.7916,38.9133],[-101.7798,38.902]],[[122.6599,10.6895],[122.6711,10.6992]],[[32.1743,-2.8232],[32.1705,-2.8034]],[[-87.4273,41.6242],[-87.4005,41.6106]],[[137.7172,34.7504],[137.6895,34.7506]],[[100.2747,-0.7736],[100.2861,-0.7982]],[[55.0208,25.8747],[55.045,25.8773]],[[11.4003,51.8535],[11.4357,51.8584]],[[71.2423,28.4436],[71.2354,28.4142]],[[34.5889,2.5094],[34.6005,2.5007]],[[1.1581,52.463],[1.15,52.4496]],[[67.7249,47.7019],[67.7516,47.7161]],[[-98.1241,36.725],[-98.1231,36.7463]],[[117.7564,-23.1673],[117.7375,-23.1754]],[[130.5784,-11.5595],[130.5904,-11.544]],[[-74.4207,40.0298],[-74.3867,40.0198]],[[117.5381,34.0582],[117.5748,34.0606]],[[-64.9671,-20.8671],[-64.949,-20.866]],[[-5.8775,30.27],[-5.8477,30.2626]],[[98.9743,2.2602],[98.9981,2.2592]],[[13.0546,58.5071],[13.0519,58.4892]],[[15.677,46.4892],[15.6953,46.4705]],[[25.1131,48.536],[25.1417,48.524]],[[37.9853,44.9537],[38.0129,44.972]],[[15.9747,46.4299],[16.0039,46.4228]],[[-50.5002,-21.884],[-50.5099,-21.894]],[[-15.4846,20.5785],[-15.4701,20.59]],[[-51.0838,-20.6313],[-51.0781,-20.6181]],[[128.1483,-15.5174],[128.1497,-15.5037]],[[128.1488,-15.5044],[128.1611,-15.5126]],[[0.8262,45.1941],[0.8058,45.2004]],[[-1.1379,44.5281],[-1.1127,44.54]],[[-0.4869,43.9123],[-0.5317,43.9107]],[[-77.5978,24.1602],[-77.5821,24.1573]],[[-65.3463,-41.6],[-65.3339,-41.5839]],[[151.2326,-23.8721],[151.217,-23.8669]],[[-61.2035,10.6211],[-61.2229,10.6212]],[[-15.231,64.3027],[-15.2239,64.2892]],[[-102.3764,31.9176],[-102.3935,31.9263]],[[-82.5287,40.8334],[-82.5037,40.8131]],[[-82.5268,40.8101],[-82.5057,40.8251]],[[0.6009,44.1717],[0.5824,44.1771]],[[71.7215,41.4758],[71.7372,41.4869]],[[147.1957,-31.5543],[147.2102,-31.5469]],[[0.6005,43.6921],[0.5992,43.677]],[[14.5614,45.2257],[14.5802,45.2076]],[[131.4353,31.8762],[131.4615,31.8781]],[[8.0943,58.211],[8.076,58.1972]],[[9.0866,41.4951],[9.1079,41.5098]],[[-87.5345,38.0309],[-87.5341,38.046]],[[-87.5135,38.0533],[-87.5307,38.036]],[[2.1745,47.9028],[2.1573,47.8941]],[[-85.9325,37.6804],[-85.9175,37.6916]],[[-83.8227,39.851],[-83.8542,39.8335]],[[-83.8374,39.8309],[-83.8488,39.8431]],[[-118.3598,34.2099],[-118.3556,34.1949]],[[-118.35,34.1977],[-118.3691,34.1979]],[[-72.2085,-51.6024],[-72.2323,-51.6076]],[[-87.4997,38.8435],[-87.4999,38.8594]],[[-86.0542,40.5327],[-86.0693,40.5211]],[[-85.6738,40.4965],[-85.6869,40.4835]],[[-85.466,40.8532],[-85.4481,40.8527]],[[-84.8501,39.7516],[-84.8342,39.7602]],[[-84.8378,39.75],[-84.8489,39.7622]],[[-88.9072,40.485],[-88.916,40.4641]],[[-88.91,40.4776],[-88.9324,40.4831]],[[-87.2963,39.4598],[-87.3256,39.4388]],[[-87.2915,39.4452],[-87.3104,39.4597]],[[146.268,-26.418],[146.2576,-26.4079]],[[-88.5249,39.0681],[-88.5413,39.0736]],[[-83.0816,40.0772],[-83.0638,40.0779]],[[-2.1339,47.3153],[-2.1644,47.3091]],[[-1.3687,46.7006],[-1.3885,46.7033]],[[36.9463,-1.3057],[36.9163,-1.3276]],[[-88.2702,40.0453],[-88.2854,40.0318]],[[-88.265,40.0311],[-88.2857,40.0474]],[[148.1184,-30.0373],[148.1325,-30.0297]],[[133.8933,-23.8011],[133.914,-23.8122]],[[139.3567,34.774],[139.3639,34.7902]],[[-87.8548,41.0658],[-87.8415,41.0786]],[[16.0825,45.7519],[16.052,45.7319]],[[-42.5338,-17.6864],[-42.5252,-17.6747]],[[-83.0713,40.6114],[-83.0558,40.6183]],[[16.085,45.7097],[16.0943,45.7257]],[[-112.7149,44.7268],[-112.7244,44.7447]],[[39.1248,59.2059],[39.1224,59.1746]],[[-100.6171,23.6839],[-100.6288,23.6692]],[[-71.1327,18.258],[-71.1076,18.2455]],[[-109.8365,27.4017],[-109.8372,27.3847]],[[32.052,54.7441],[32.0768,54.7454]],[[141.461,-32.009],[141.483,-31.9963]],[[55.8494,54.5731],[55.8777,54.5438]],[[55.8939,54.5471],[55.8751,54.5668]],[[30.0552,59.7647],[30.0994,59.7668]],[[5.8871,49.0315],[5.865,49.0194]],[[146.0519,-34.2572],[146.0685,-34.251]],[[144.2707,-23.438],[144.2844,-23.426]],[[-68.4184,-31.5604],[-68.4181,-31.5825]],[[135.5263,-29.7063],[135.5225,-29.7257]],[[-113.0237,36.9646],[-113.0059,36.9555]],[[-113.0087,36.9658],[-113.0167,36.9537]],[[135.4279,34.792],[135.4527,34.7715]],[[135.427,34.7966],[135.4442,34.7825]],[[55.1421,24.9071],[55.1801,24.8861]],[[121.503,-19.2667],[121.5201,-19.2696]],[[147.1813,-33.938],[147.1981,-33.9401]],[[1.6314,50.5125],[1.6125,50.524]],[[1.9643,50.9654],[1.9452,50.9587]],[[2.6504,50.6252],[2.6344,50.6119]],[[148.8068,-23.596],[148.8051,-23.6099]],[[-2.8674,48.5331],[-2.8419,48.5434]],[[146.5056,-34.6934],[146.5158,-34.705]],[[-4.5077,36.691],[-4.4806,36.6796]],[[152.7127,-25.5064],[152.7145,-25.5206]],[[136.8894,-33.6752],[136.8883,-33.6608]],[[-13.2277,27.1536],[-13.2354,27.1302]],[[26.6605,55.9323],[26.6767,55.9529]],[[145.1897,-15.4461],[145.1756,-15.4407]],[[140.5147,-20.6713],[140.4995,-20.6602]],[[119.4292,-22.2855],[119.4476,-22.2971]],[[-61.9353,-29.8775],[-61.9202,-29.8669]],[[113.5755,-25.8889],[113.5761,-25.9041]],[[113.6639,-24.8866],[113.6753,-24.8757]],[[-111.8814,48.5384],[-111.8627,48.5442]],[[148.3694,-30.9862],[148.3821,-30.9782]],[[70.2833,28.3974],[70.2756,28.3712]],[[25.3213,35.1795],[25.3326,35.2046]],[[-50.0386,-21.4051],[-50.0287,-21.4149]],[[13.8283,-17.4881],[13.8435,-17.488]],[[151.8598,-26.2853],[151.8629,-26.2719]],[[-11.691,26.7442],[-11.6767,26.7205]],[[118.5351,-26.6091],[118.5569,-26.6073]],[[-85.0163,35.0506],[-85.0239,35.0384]],[[148.6449,-33.8392],[148.6505,-33.8531]],[[-95.0811,46.9067],[-95.0657,46.8961]],[[148.5444,-20.4905],[148.5625,-20.4982]],[[14.8112,-19.5243],[14.8291,-19.5191]],[[43.9465,36.2165],[43.9468,36.2597]],[[134.1698,-19.6359],[134.1876,-19.6311]],[[134.7413,-14.7206],[134.7542,-14.7262]],[[-71.6319,48.5057],[-71.6507,48.5113]],[[119.3567,-21.5037],[119.3686,-21.5155]],[[116.2557,39.9697],[116.2579,39.9479]],[[11.8644,50.289],[11.8429,50.2882]],[[144.9474,43.5743],[144.9722,43.5805]],[[-86.3208,39.7064],[-86.293,39.7282]],[[135.5677,-12.018],[135.5819,-12.0204]],[[16.812,8.5233],[16.8236,8.537]],[[73.885,24.6161],[73.9073,24.6191]],[[20.8328,14.5528],[20.8513,14.5513]],[[-119.2329,35.738],[-119.2404,35.7537]],[[138.2899,34.8122],[138.3063,34.813]],[[-112.3852,48.6065],[-112.3656,48.6129]],[[-112.3718,48.6006],[-112.382,48.6134]],[[-78.3761,44.2282],[-78.3503,44.2329]],[[149.6166,-32.5601],[149.6021,-32.5697]],[[120.1308,-20.4235],[120.1489,-20.4261]],[[46.3069,36.2204],[46.2904,36.2163]],[[137.9259,-17.2216],[137.9429,-17.2185]],[[146.3447,-36.0008],[146.3584,-35.9927]],[[10.0173,36.4231],[10.0092,36.4384]],[[130.3688,67.795],[130.4125,67.7898]],[[58.0588,48.7451],[58.0285,48.7272]],[[-56.4804,-15.2446],[-56.4833,-15.2588]],[[138.705,-18.7538],[138.7154,-18.7661]],[[78.6225,67.475],[78.67,67.4944]],[[-69.7572,18.5126],[-69.7662,18.495]],[[-77.5689,-1.0602],[-77.5921,-1.0602]],[[-92.5465,45.1563],[-92.5331,45.1437]],[[-2.5048,10.091],[-2.5109,10.0741]],[[-72.271,8.23],[-72.271,8.2482]],[[-34.9427,-7.1566],[-34.9586,-7.1405]],[[-60.0614,-28.579],[-60.0539,-28.5638]],[[48.5794,34.8623],[48.5424,34.8704]],[[139.8702,36.5061],[139.8718,36.5222]],[[139.9164,-21.8022],[139.9267,-21.8163]],[[137.529,-35.7085],[137.5218,-35.7236]],[[25.4833,36.3903],[25.4748,36.4084]],[[-35.3528,-5.7721],[-35.3804,-5.7676]],[[122.4476,-29.1033],[122.4649,-29.0947]],[[122.4423,-28.7711],[122.4345,-28.7554]],[[143.1502,42.8944],[143.1668,42.8865]],[[24.7528,35.0633],[24.782,35.064]],[[-111.9915,40.6116],[-111.9943,40.6275]],[[-82.6971,34.8149],[-82.7086,34.8051]],[[-102.2774,40.5753],[-102.268,40.5636]],[[142.0739,-34.2264],[142.0933,-34.2297]],[[21.1271,4.3673],[21.1373,4.3821]],[[27.5793,2.8352],[27.5973,2.8202]],[[18.5706,30.4524],[18.5902,30.4338]],[[-70.7276,7.0677],[-70.7463,7.0702]],[[-83.7004,10.9199],[-83.7151,10.9209]],[[16.4082,31.2078],[16.4375,31.2075]],[[-90.0549,38.8952],[-90.0288,38.8864]],[[-90.0524,38.8976],[-90.0498,38.88]],[[30.2307,13.1398],[30.2348,13.1666]],[[22.547,13.488],[22.5279,13.4672]],[[143.2231,42.7226],[143.2118,42.7446]],[[-17.073,14.6868],[-17.0727,14.6551]],[[149.1775,-21.1632],[149.1877,-21.1783]],[[137.4323,-16.7225],[137.416,-16.7214]],[[49.5201,30.8475],[49.5555,30.8242]],[[-70.6168,19.4087],[-70.5928,19.4035]],[[33.5665,44.7729],[33.5795,44.7881]],[[148.0775,-22.0649],[148.0752,-22.0514]],[[-77.2837,60.0432],[-77.2917,60.0609]],[[53.4835,35.5794],[53.5049,35.601]],[[30.0924,60.7202],[30.1315,60.7089]],[[51.0554,21.7446],[51.0494,21.726]],[[23.9424,49.8204],[23.9744,49.7991]],[[31.369,58.6191],[31.3983,58.6357]],[[22.4731,13.4842],[22.4632,13.4732]],[[22.4586,13.4876],[22.4753,13.4827]],[[-13.2916,13.0539],[-13.299,13.0393]],[[-52.3361,-31.7228],[-52.3198,-31.7117]],[[-87.6011,38.7678],[-87.6189,38.7676]],[[-87.601,38.7538],[-87.6011,38.7678]],[[73.3578,30.7531],[73.3578,30.7316]],[[128.5079,35.4187],[128.5128,35.4399]],[[10.8863,10.2886],[10.9119,10.3078]],[[-65.7084,-22.6989],[-65.7262,-22.6902]],[[-89.8646,30.8206],[-89.8653,30.8068]],[[-89.8186,31.2934],[-89.8044,31.3023]],[[-92.5969,36.2866],[-92.5836,36.2952]],[[138.6133,-34.7184],[138.6181,-34.6919]],[[72.2757,30.7704],[72.2914,30.7466]],[[72.1485,30.1021],[72.1546,30.0776]],[[81.1984,51.5834],[81.2107,51.5958]],[[5.4576,22.8264],[5.4445,22.7964]],[[5.4531,22.8113],[5.4228,22.8073]],[[-116.643,43.6471],[-116.6285,43.6365]],[[-57.7868,-14.1565],[-57.7898,-14.1698]],[[-15.9263,23.7307],[-15.9376,23.7059]],[[144.1655,43.8695],[144.1626,43.8917]],[[-100.1775,26.6817],[-100.1632,26.6754]],[[-109.3735,34.5138],[-109.3827,34.5261]],[[-85.4323,54.9871],[-85.4557,54.989]],[[-85.1048,55.2191],[-85.1301,55.2294]],[[26.5668,43.6905],[26.5924,43.697]],[[83.7225,47.5897],[83.7324,47.5713]],[[-52.8431,-19.7248],[-52.8462,-19.7109]],[[-52.9258,-18.7629],[-52.909,-18.7645]],[[-51.6897,-20.758],[-51.6743,-20.7472]],[[-57.3821,49.2168],[-57.4065,49.2016]],[[-51.2743,-20.8229],[-51.2612,-20.8147]],[[136.0728,-1.1696],[136.0895,-1.1762]],[[-67.4357,7.8807],[-67.4525,7.886]],[[-4.4026,48.4515],[-4.4384,48.4434]],[[-54.9554,-10.1782],[-54.9522,-10.1612]],[[-1.7451,48.0736],[-1.7184,48.0702]],[[-86.6622,41.3227],[-86.6623,41.3365]],[[-120.1951,55.7418],[-120.1711,55.7427]],[[-116.5008,33.8219],[-116.5116,33.8341]],[[141.9024,-34.0865],[141.8861,-34.0861]],[[9.9537,49.6455],[9.9754,49.6485]],[[-67.3846,9.9028],[-67.3743,9.9117]],[[29.994,59.4731],[30.0114,59.4843]],[[96.3206,2.4084],[96.3347,2.4143]],[[-53.1698,-25.5507],[-53.1632,-25.5629]],[[-59.7824,3.3771],[-59.7963,3.3683]],[[142.1445,-12.1386],[142.1536,-12.1516]],[[59.611,47.9008],[59.63,47.9099]],[[145.7227,15.1186],[145.7399,15.1254]],[[-82.666,39.7561],[-82.6482,39.7552]],[[-73.7147,-42.3315],[-73.7167,-42.3493]],[[105.8999,53.9661],[105.9267,53.9585]],[[33.3156,53.7151],[33.3626,53.7155]],[[-41.3035,-13.836],[-41.3011,-13.8208]],[[52.3648,53.7082],[52.3783,53.7259]],[[77.095,28.5408],[77.0719,28.5458]],[[-57.8451,-36.8945],[-57.857,-36.8844]],[[-56.1118,-15.6622],[-56.1216,-15.6437]],[[50.2669,29.8486],[50.2784,29.8314]],[[19.2031,28.1769],[19.2156,28.1615]],[[72.6462,54.973],[72.676,54.9783]],[[68.8066,38.5437],[68.8376,38.5437]],[[175.3727,-40.2022],[175.3998,-40.2094]],[[175.3857,-40.1984],[175.3905,-40.2173]],[[-68.9252,18.4541],[-68.8975,18.4508]],[[115.4591,34.4389],[115.4595,34.4607]],[[36.6744,15.1111],[36.6895,15.0969]],[[112.3746,34.7386],[112.4011,34.744]],[[112.8791,33.6873],[112.902,33.6836]],[[113.2632,34.8436],[113.2847,34.8407]],[[117.6777,-29.2627],[117.6591,-29.261]],[[-80.7073,41.7762],[-80.6876,41.7792]],[[18.1053,28.2299],[18.1139,28.2151]],[[97.2532,24.2621],[97.2414,24.2796]],[[-55.9707,-27.3756],[-55.9704,-27.3959]],[[48.2629,33.4425],[48.2997,33.4294]],[[118.8781,31.7508],[118.8459,31.7336]],[[40.5831,38.8655],[40.6,38.8576]],[[-9.1825,27.4193],[-9.1601,27.4181]],[[52.3366,24.4978],[52.3339,24.522]],[[-34.8598,-7.6633],[-34.853,-7.648]],[[116.9855,31.9752],[116.9673,32.0021]],[[-50.6515,-24.3097],[-50.652,-24.3258]],[[4.4367,50.4552],[4.4779,50.4671]],[[102.0188,36.5361],[102.0601,36.5246]],[[47.0034,35.2314],[47.0137,35.2573]],[[-124.2362,41.7867],[-124.2403,41.7734]],[[-124.2416,41.785],[-124.2282,41.7756]],[[-71.0165,-37.8554],[-71.0016,-37.8473]],[[-70.6531,-38.0806],[-70.6351,-38.0829]],[[-92.4945,44.5897],[-92.4754,44.589]],[[-11.588,25.2268],[-11.5888,25.2472]],[[134.9606,-23.8282],[134.9713,-23.8169]],[[2.8966,35.5239],[2.8609,35.5246]],[[-115.1211,36.0764],[-115.1702,36.0764]],[[-97.9114,29.5581],[-97.9115,29.5727]],[[-115.1675,36.0742],[-115.1548,36.0964]],[[-115.1614,36.0736],[-115.1258,36.0737]],[[-67.6928,-35.0661],[-67.6936,-35.0527]],[[31.3795,57.9517],[31.3886,57.969]],[[-88.9845,36.3885],[-88.9869,36.3709]],[[70.5539,30.3341],[70.5602,30.3465]],[[4.214,35.3401],[4.1978,35.3254]],[[12.3638,-6.1466],[12.3795,-6.1357]],[[-1.6032,47.1631],[-1.6196,47.1416]],[[80.2729,41.264],[80.3062,41.2619]],[[-73.3416,61.661],[-73.3008,61.6636]],[[-115.4876,48.2772],[-115.4929,48.2905]],[[15.7485,-12.8067],[15.7725,-12.8111]],[[84.9417,45.4753],[84.9638,45.4578]],[[-79.8577,41.3837],[-79.8636,41.3693]],[[83.3633,43.4309],[83.3917,43.4325]],[[82.2839,44.8976],[82.3163,44.8933]],[[82.8574,41.6763],[82.8884,41.679]],[[86.9815,48.2295],[87.0097,48.2153]],[[119.1171,33.7817],[119.1361,33.8036]],[[-104.6309,40.4284],[-104.6322,40.4562]],[[-104.6247,40.4262],[-104.6461,40.4307]],[[98.4857,24.9487],[98.4857,24.9275]],[[104.3216,23.5481],[104.3293,23.5685]],[[127.6037,42.0786],[127.6009,42.0553]],[[-35.246,-5.9201],[-35.2562,-5.9075]],[[112.0733,43.4288],[112.1058,43.4201]],[[71.5558,32.5571],[71.5875,32.5719]],[[-79.2515,42.1556],[-79.268,42.1482]],[[-85.4693,38.7541],[-85.4601,38.7657]],[[-97.8745,22.3026],[-97.8594,22.2825]],[[-80.958,29.0549],[-80.9442,29.0614]],[[-89.0916,38.5217],[-89.0918,38.5081]],[[17.0934,-29.6951],[17.0946,-29.6816]],[[-88.8494,38.3293],[-88.8668,38.3178]],[[15.0023,-14.7266],[15.0251,-14.7285]],[[-67.8798,46.9343],[-67.8909,46.9666]],[[-72.3472,-15.3081],[-72.3571,-15.3223]],[[128.604,38.148],[128.5927,38.1364]],[[13.4097,-12.614],[13.3975,-12.6039]],[[-149.6178,-17.561],[-149.5949,-17.5453]],[[-111.3478,42.2547],[-111.3287,42.2481]],[[97.0562,32.8326],[97.0166,32.8403]],[[24.1675,-27.5421],[24.1771,-27.5526]],[[24.9695,-27.7889],[24.9793,-27.8065]],[[16.3871,46.2872],[16.3797,46.3018]],[[23.7968,-29.0705],[23.8078,-29.08]],[[89.0808,43.0307],[89.1215,43.031]],[[140.1905,-28.0942],[140.2047,-28.1036]],[[70.5151,32.9693],[70.5348,32.9749]],[[-68.3831,18.5703],[-68.3548,18.5781]],[[-62.8246,-34.4811],[-62.8133,-34.4922]],[[35.871,14.9174],[35.8828,14.9311]],[[-57.8815,-21.7046],[-57.8777,-21.7184]],[[69.1614,27.8193],[69.1733,27.8067]],[[24.0687,45.7862],[24.1025,45.7856]],[[101.335,43.0226],[101.3327,43.0027]],[[126.3736,-14.0826],[126.3867,-14.0926]],[[-102.7759,20.3648],[-102.7712,20.3776]],[[125.9013,-18.6959],[125.8848,-18.6922]],[[-56.4547,-21.2386],[-56.4501,-21.256]],[[127.9723,-20.1467],[127.9819,-20.1606]],[[-105.0278,57.7597],[-105.0203,57.7757]],[[-56.2892,-22.0721],[-56.3024,-22.0804]],[[-53.525,-22.0744],[-53.5171,-22.0867]],[[-97.0903,20.0562],[-97.0841,20.0684]],[[127.7262,-22.8123],[127.7428,-22.8096]],[[-57.9792,-29.7802],[-57.9788,-29.7611]],[[-86.8814,21.0547],[-86.859,21.0407]],[[122.9314,-25.7942],[122.9486,-25.7995]],[[135.4208,-25.3692],[135.4301,-25.3831]],[[135.2424,-26.0515],[135.2485,-26.0645]],[[151.935,-28.1483],[151.9513,-28.1506]],[[27.1322,35.4288],[27.1579,35.4143]],[[139.486,57.3478],[139.5118,57.3632]],[[139.4544,-24.3382],[139.4643,-24.3517]],[[120.1594,-20.9512],[120.1692,-20.9397]],[[31.454,-0.9233],[31.4271,-0.9318]],[[22.7846,15.9707],[22.7566,15.9713]],[[44.2301,6.7316],[44.2519,6.7337]],[[-104.5905,35.4992],[-104.5818,35.5127]],[[124.8487,-18.485],[124.8532,-18.4983]],[[118.6883,-25.6132],[118.7047,-25.6094]],[[-42.0839,-22.9239],[-42.0596,-22.919]],[[-92.3812,45.8283],[-92.3678,45.8184]],[[86.1297,41.6063],[86.1541,41.6243]],[[151.1888,-33.9517],[151.1938,-33.9708]],[[128.7352,-24.3635],[128.7441,-24.3776]],[[125.4715,-26.0082],[125.4502,-26.0036]],[[25.3338,13.6039],[25.3348,13.6197]],[[-57.0346,-13.7244],[-57.021,-13.7193]],[[-57.5855,-13.633],[-57.5807,-13.6202]],[[15.6681,-19.4291],[15.6859,-19.4301]],[[-80.299,40.1359],[-80.2814,40.1371]],[[114.0892,-22.2473],[114.0911,-22.2198]],[[-99.7476,16.7597],[-99.7628,16.7534]],[[-14.9606,15.5368],[-14.9567,15.5508]],[[126.323,-24.613],[126.3308,-24.6245]],[[116.2827,-27.1806],[116.2829,-27.1964]],[[116.2763,-27.1819],[116.2884,-27.1958]],[[127.515,-28.3663],[127.5326,-28.3695]],[[132.2081,-28.6185],[132.2032,-28.6328]],[[114.3298,-8.3117],[114.3507,-8.3085]],[[-56.6287,-20.6816],[-56.6307,-20.6678]],[[-88.3821,36.3425],[-88.3868,36.3294]],[[96.4002,21.9435],[96.4126,21.9684]],[[73.6473,33.042],[73.6303,33.0569]],[[113.2872,46.6477],[113.2832,46.6697]],[[-79.0224,40.0351],[-79.0076,40.0426]],[[-68.0436,-38.8043],[-68.0273,-38.7969]],[[66.7401,29.9328],[66.7519,29.9139]],[[153.2552,-28.824],[153.2618,-28.8377]],[[123.3444,8.6096],[123.3392,8.5934]],[[44.6962,24.2349],[44.7165,24.2561]],[[153.0304,-29.7623],[153.032,-29.7473]],[[-131.807,53.2486],[-131.8206,53.26]],[[121.3236,24.9461],[121.3099,24.9343]],[[-87.8918,41.9658],[-87.9315,41.9657]],[[-109.8876,32.2513],[-109.9016,32.2395]],[[-70.072,10.1762],[-70.0582,10.1748]],[[-89.0701,13.4358],[-89.0414,13.4461]],[[34.6532,30.7728],[34.679,30.7823]],[[34.6532,30.7694],[34.6819,30.78]],[[78.1568,13.1884],[78.1751,13.1862]],[[-63.0884,-19.776],[-63.0836,-19.7896]],[[3.7959,32.4056],[3.7946,32.3835]],[[-83.5378,35.8589],[-83.5195,35.8566]],[[61.8972,37.6329],[61.8981,37.6076]],[[-68.5913,-50.0187],[-68.567,-50.0153]],[[-55.8337,-1.7207],[-55.8388,-1.7074]],[[122.3974,-28.3238],[122.4152,-28.3185]],[[-86.425,36.9588],[-86.414,36.9741]],[[-55.9565,-13.0413],[-55.9426,-13.0335]],[[-7.2683,15.2339],[-7.256,15.2246]],[[-10.5753,15.1247],[-10.5608,15.1215]],[[-62.1148,-18.4562],[-62.1047,-18.4847]],[[-99.7177,20.4567],[-99.705,20.45]],[[128.8665,-19.8948],[128.8848,-19.8896]],[[61.2558,36.4891],[61.2775,36.495]],[[123.6685,-17.3742],[123.6536,-17.3689]],[[119.433,-21.7187],[119.4518,-21.7172]],[[115.0451,-21.9938],[115.0615,-21.9923]],[[113.0224,3.112],[113.0171,3.1362]],[[126.5826,-26.1327],[126.5837,-26.1183]],[[-82.4742,49.4184],[-82.4648,49.4047]],[[105.1383,37.5727],[105.1713,37.5737]],[[-83.9835,38.0521],[-83.9756,38.0642]],[[17.369,53.8282],[17.3357,53.8224]],[[17.9349,53.9533],[17.9603,53.9488]],[[152.7585,-31.0764],[152.7724,-31.068]],[[-116.2675,33.7455],[-116.2823,33.7515]],[[108.8261,29.5046],[108.8373,29.525]],[[-78.2572,48.5691],[-78.2412,48.5607]],[[-86.551,40.2727],[-86.5689,40.2727]],[[-107.6608,36.8062],[-107.6445,36.8104]],[[124.2662,-18.1239],[124.2823,-18.1242]],[[124.1537,-17.9867],[124.1713,-17.9863]],[[-85.3895,40.2497],[-85.3966,40.2362]],[[-85.3898,40.2359],[-85.4058,40.2486]],[[-83.6497,40.6051],[-83.6381,40.6157]],[[-83.8109,40.3747],[-83.8276,40.3699]],[[-85.5262,30.0281],[-85.5253,30.0473]],[[-103.2905,21.9863],[-103.2755,21.9968]],[[-104.8921,24.4156],[-104.8779,24.4207]],[[120.4083,30.2382],[120.4397,30.2521]],[[45.1358,-21.6015],[45.1363,-21.6158]],[[133.6275,-27.3423],[133.6278,-27.327]],[[-86.4014,31.3107],[-86.3831,31.306]],[[-111.5895,38.3563],[-111.6021,38.3691]],[[18.7286,-28.0365],[18.7412,-28.0279]],[[140.8836,-28.1246],[140.8784,-28.1374]],[[124.9327,-18.8478],[124.9203,-18.8412]],[[140.7031,40.7419],[140.6741,40.7246]],[[-80.5521,36.4539],[-80.5543,36.4688]],[[142.5873,-27.814],[142.6004,-27.8051]],[[49.251,55.617],[49.2998,55.5981]],[[-82.2595,26.8483],[-82.2457,26.8592]],[[-87.8787,30.4515],[-87.8753,30.4695]],[[-104.7632,38.684],[-104.7512,38.6738]],[[-113.3083,31.341],[-113.3025,31.3629]],[[8.8886,9.8684],[8.9027,9.868]],[[-90.4752,31.1847],[-90.4686,31.1722]],[[16.2597,52.2318],[16.2275,52.2375]],[[-76.0042,-9.2803],[-76.0059,-9.2987]],[[-90.679,43.1604],[-90.6618,43.1657]],[[136.4609,-33.0985],[136.4717,-33.0878]],[[-112.7196,32.9023],[-112.7197,32.8734]],[[54.0269,18.2837],[54.0327,18.2984]],[[54.0243,18.295],[54.0435,18.2794]],[[-65.247,-33.7543],[-65.2442,-33.7392]],[[41.9866,54.3492],[41.9886,54.3631]],[[18.4952,-28.7241],[18.511,-28.7198]],[[-4.2127,26.0456],[-4.221,26.0605]],[[-7.484,27.5869],[-7.5162,27.5831]],[[-7.1499,26.885],[-7.18,26.882]],[[102.9307,25.0897],[102.9535,25.1159]],[[102.9203,25.1061],[102.9383,25.1267]],[[-116.5662,48.2932],[-116.5542,48.3059]],[[-80.4086,7.9947],[-80.4113,7.9807]],[[-106.0179,34.9823],[-105.9922,34.9823]],[[23.4149,-19.9774],[23.4472,-19.9638]],[[136.851,35.3947],[136.8882,35.3935]],[[-104.5613,44.6569],[-104.5743,44.6688]],[[74.1243,32.2341],[74.138,32.2438]],[[-71.1809,-42.0326],[-71.1651,-42.026]],[[-104.8885,39.2415],[-104.892,39.2563]],[[-88.9197,35.5905],[-88.9121,35.6057]],[[-101.3163,20.6686],[-101.306,20.6811]],[[141.4272,-25.3556],[141.4408,-25.3617]],[[-105.1098,27.605],[-105.0987,27.5927]],[[-83.5852,30.0626],[-83.585,30.0761]],[[-83.5713,30.0691],[-83.585,30.0761]],[[10.9508,-2.8816],[10.961,-2.8964]],[[140.972,-25.2453],[140.9861,-25.2394]],[[-111.9022,31.9284],[-111.8864,31.9367]],[[-104.7332,42.2666],[-104.7237,42.2532]],[[-52.6822,-19.3406],[-52.6984,-19.3425]],[[101.7493,30.1274],[101.7282,30.1584]],[[138.2962,-21.3245],[138.2955,-21.3093]],[[126.0852,-17.3202],[126.0741,-17.3084]],[[135.7349,-22.9413],[135.7305,-22.9281]],[[16.4463,-28.592],[16.4464,-28.5776]],[[-66.8113,54.811],[-66.7993,54.7993]],[[-103.7808,28.0387],[-103.7616,28.0339]],[[10.5465,52.3187],[10.5757,52.3203]],[[15.8439,53.7867],[15.8086,53.7946]],[[-109.6072,31.2444],[-109.6088,31.2579]],[[127.7918,26.7281],[127.7817,26.7169]],[[35.1909,32.6548],[35.159,32.6637]],[[35.1752,32.6771],[35.1934,32.6555]],[[35.191,32.6671],[35.1598,32.6655]],[[-67.6327,-38.9992],[-67.608,-39.0007]],[[-81.8029,28.8273],[-81.8118,28.8162]],[[-81.8017,28.8183],[-81.8168,28.8293]],[[-110.559,41.8331],[-110.5557,41.8108]],[[8.6177,26.7397],[8.6,26.7202]],[[8.6075,26.7237],[8.6378,26.7235]],[[-76.146,51.6892],[-76.1236,51.6932]],[[-97.7757,23.8113],[-97.7716,23.793]],[[145.6331,-28.0368],[145.6197,-28.0267]],[[38.5072,16.6645],[38.5039,16.6818]],[[141.815,-27.3994],[141.8034,-27.4119]],[[141.5367,-28.0527],[141.5357,-28.0664]],[[67.6117,39.4755],[67.5993,39.4891]],[[-67.8078,-38.9568],[-67.786,-38.9568]],[[0.138,35.2064],[0.1564,35.2091]],[[141.2004,-28.7705],[141.2102,-28.7586]],[[-50.3797,-19.89],[-50.3695,-19.8784]],[[-68.4673,-31.3606],[-68.4747,-31.3484]],[[-51.5722,-20.7769],[-51.5561,-20.7777]],[[-118.012,45.2955],[-117.9949,45.2835]],[[135.9348,48.8054],[135.9529,48.8318]],[[56.3414,25.1057],[56.3134,25.1162]],[[55.9339,25.6297],[55.9438,25.597]],[[-109.9958,34.2685],[-110.0166,34.2642]],[[28.9278,-8.3918],[28.9249,-8.4096]],[[21.5312,-33.7583],[21.5474,-33.7605]],[[-74.1153,40.1803],[-74.1361,40.1949]],[[23.3176,24.1951],[23.3082,24.1634]],[[127.2558,40.3751],[127.2727,40.3536]],[[-0.6421,35.6166],[-0.6054,35.6292]],[[-82.7812,31.0621],[-82.7697,31.052]],[[74.3769,32.5476],[74.3507,32.5239]],[[46.4127,6.9788],[46.4287,6.9892]],[[-81.0575,26.7409],[-81.0446,26.7295]],[[13.4899,-9.0708],[13.519,-9.0491]],[[128.3138,2.0458],[128.3354,2.0463]],[[29.2426,-5.8796],[29.2618,-5.8676]],[[-50.0069,-20.4642],[-49.9995,-20.4526]],[[29.2367,-1.6529],[29.2392,-1.6795]],[[-70.3452,-38.5362],[-70.3279,-38.5405]],[[29.457,38.6817],[29.4864,38.6813]],[[-102.3293,34.8554],[-102.3195,34.8701]],[[17.4221,6.4956],[17.4368,6.4883]],[[-57.9226,-21.501],[-57.9288,-21.4846]],[[127.5119,-0.6301],[127.4991,-0.6372]],[[31.383,39.4455],[31.3472,39.4574]],[[33.1188,6.8069],[33.1335,6.7898]],[[9.6351,28.0451],[9.6572,28.0635]],[[9.6291,28.0689],[9.6419,28.0527]],[[38.0944,-4.0828],[38.0789,-4.0763]],[[-106.3698,31.807],[-106.3522,31.8062]],[[77.1157,43.7211],[77.124,43.7432]],[[-92.4694,17.8843],[-92.485,17.8741]],[[29.673,11.9815],[29.674,11.9991]],[[49.5812,55.9668],[49.5835,55.9858]],[[-1.9525,34.8101],[-1.9269,34.7918]],[[78.8408,43.4383],[78.8762,43.4463]],[[46.4381,30.6814],[46.4062,30.6999]],[[134.3503,48.1902],[134.3763,48.2044]],[[-85.6275,31.4355],[-85.6135,31.4282]],[[7.411,1.6698],[7.411,1.654]],[[-111.9314,33.2546],[-111.9093,33.236]],[[16.5765,20.4448],[16.5645,20.4536]],[[17.0656,21.4533],[17.0408,21.4436]],[[-47.4506,-7.3199],[-47.4668,-7.3211]],[[-48.6814,-10.4008],[-48.6773,-10.3831]],[[57.5263,44.0543],[57.57,44.0542]],[[21.5118,17.1882],[21.4956,17.1941]],[[-111.1794,50.2771],[-111.2008,50.2696]],[[-109.5162,58.3841],[-109.5165,58.3987]],[[22.884,15.6272],[22.8991,15.633]],[[134.2327,-12.0526],[134.24,-12.0644]],[[78.5329,17.5542],[78.5118,17.5525]],[[117.6755,4.1287],[117.6646,4.1384]],[[106.5349,26.3984],[106.5294,26.4231]],[[22.7089,10.2332],[22.7234,10.2408]],[[-86.1704,40.6339],[-86.1338,40.6622]],[[22.7977,15.0497],[22.8151,15.0518]],[[-148.3738,70.2494],[-148.3211,70.2536]],[[-148.4905,70.1924],[-148.44,70.197]],[[-93.74,32.5354],[-93.751,32.5466]],[[-109.8248,42.8041],[-109.7973,42.7907]],[[44.28,32.9603],[44.2613,32.9803]],[[103.9795,10.1712],[104.0067,10.1685]],[[19.5919,-9.8727],[19.6066,-9.8778]],[[54.4672,24.4219],[54.4499,24.4343]],[[-103.3779,19.5936],[-103.3661,19.6039]],[[-14.3858,19.7282],[-14.3686,19.7278]],[[-70.367,-14.2855],[-70.3921,-14.2787]],[[19.7891,-17.8752],[19.7749,-17.8836]],[[31.1277,14.2806],[31.131,14.2949]],[[16.0745,-14.6974],[16.0594,-14.6991]],[[-63.2596,10.6514],[-63.2636,10.6689]],[[28.5545,-22.6626],[28.5465,-22.6749]],[[34.385,17.7153],[34.3882,17.7286]],[[15.8408,-13.4569],[15.8259,-13.4604]],[[-88.4888,33.8806],[-88.4906,33.8669]],[[141.8815,-17.327],[141.8961,-17.3336]],[[52.4614,24.0852],[52.4658,24.0628]],[[176.3643,-38.893],[176.3648,-38.8793]],[[-87.9596,32.4588],[-87.9486,32.4689]],[[52.6064,24.1944],[52.6215,24.1811]],[[32.4975,10.5182],[32.5035,10.5399]],[[-101.1011,53.9773],[-101.0824,53.9661]],[[53.8807,24.1724],[53.8543,24.1927]],[[-120.5207,37.2908],[-120.5072,37.2787]],[[-94.4964,44.3112],[-94.5063,44.324]],[[124.5836,40.704],[124.6014,40.6928]],[[20.0609,-17.5157],[20.0435,-17.5114]],[[51.9956,24.2039],[51.9976,24.1724]],[[52.0015,24.2272],[52.0123,24.2146]],[[51.7252,24.5975],[51.7293,24.5821]],[[-50.9574,-19.6627],[-50.9429,-19.6625]],[[-75.1389,-15.3495],[-75.1309,-15.3657]],[[117.8717,40.0987],[117.899,40.1049]],[[151.5405,-31.0129],[151.5552,-31.0074]],[[-151.4915,59.6403],[-151.4618,59.6508]],[[-6.1179,14.6718],[-6.128,14.6858]],[[53.8107,23.6618],[53.8377,23.6402]],[[1.4154,18.4352],[1.4331,18.4348]],[[-169.6529,56.5741],[-169.6745,56.5806]],[[55.6117,24.2796],[55.6066,24.2438]],[[-110.0629,40.2774],[-110.0398,40.2795]],[[-7.9357,12.5427],[-7.9604,12.5268]],[[-99.0166,22.7492],[-99.0202,22.7292]],[[-5.8067,11.5955],[-5.7928,11.6003]],[[-68.9128,-37.389],[-68.8957,-37.392]],[[5.2692,11.438],[5.2569,11.4302]],[[37.9405,27.9857],[37.9624,27.9626]],[[-67.1133,18.4997],[-67.1455,18.49]],[[-65.6507,18.2402],[-65.6325,18.2526]],[[-66.1063,18.4558],[-66.0906,18.4577]],[[-85.6737,32.4562],[-85.6864,32.4648]],[[128.1969,41.3738],[128.2115,41.3817]],[[-86.8538,30.8811],[-86.8542,30.8648]],[[42.343,11.1011],[42.358,11.0947]],[[-166.0934,68.8739],[-166.1311,68.8765]],[[-163.0236,69.7303],[-162.987,69.7354]],[[127.8957,1.1778],[127.8964,1.1995]],[[-110.3844,40.2011],[-110.3844,40.1852]],[[-158.6365,56.9564],[-158.6009,56.9633]],[[-158.6537,56.9648],[-158.6406,56.9533]],[[17.4466,-12.0224],[17.4604,-12.0213]],[[-63.7916,-22.6068],[-63.7944,-22.6268]],[[15.0932,-11.4301],[15.1098,-11.4227]],[[-81.1214,28.2155],[-81.1177,28.2018]],[[15.0139,-10.7315],[14.9974,-10.7219]],[[-96.3951,33.9303],[-96.395,33.949]],[[0.9857,20.2478],[0.9721,20.2366]],[[125.274,38.8873],[125.2481,38.8929]],[[-11.6649,13.8674],[-11.6706,13.883]],[[34.7193,31.7644],[34.7465,31.7552]],[[34.7137,31.7534],[34.737,31.7676]],[[34.7199,31.766],[34.7473,31.7567]],[[-75.3905,41.14],[-75.3742,41.1342]],[[14.4938,45.3777],[14.5133,45.3815]],[[127.3881,0.823],[127.3746,0.8398]],[[38.466,-3.0923],[38.4807,-3.0956]],[[16.0636,-15.2163],[16.0462,-15.2164]],[[-123.8703,49.0482],[-123.8699,49.0638]],[[-66.082,43.8299],[-66.0974,43.8174]],[[-100.4377,25.7936],[-100.4549,25.7951]],[[-63.2246,-32.3122],[-63.2282,-32.3266]],[[-75.7644,37.6406],[-75.7576,37.6534]],[[-75.4851,37.9429],[-75.4573,37.9428]],[[-75.4548,37.9474],[-75.4709,37.9271]],[[-77.4876,36.6925],[-77.4779,36.6812]],[[-82.3191,28.7968],[-82.3175,28.8104]],[[-1.0824,10.9383],[-1.0922,10.9478]],[[-110.9767,57.2851],[-110.9767,57.2663]],[[50.116,19.1038],[50.1389,19.1199]],[[14.9264,-12.0115],[14.9372,-11.9993]],[[-115.0812,57.1476],[-115.067,57.1336]],[[-6.0536,10.7933],[-6.0656,10.784]],[[139.8862,-18.5008],[139.8787,-18.5153]],[[-85.7126,31.2846],[-85.7129,31.2708]],[[-85.9062,31.2954],[-85.8934,31.304]],[[-6.8615,11.6678],[-6.8434,11.6676]],[[67.9648,41.2707],[67.9773,41.282]],[[120.0657,26.9448],[120.0908,26.9378]],[[27.478,-21.1645],[27.4533,-21.1505]],[[-120.4644,34.9083],[-120.4456,34.8926]],[[48.7753,15.9612],[48.8014,15.9711]],[[-38.3366,-8.0589],[-38.3212,-8.064]],[[-107.0504,37.2964],[-107.0616,37.2761]],[[-110.2333,38.9678],[-110.2214,38.9556]],[[38.9637,32.7265],[38.9873,32.7334]],[[-68.7847,-11.0494],[-68.7804,-11.0264]],[[18.5231,-30.1364],[18.5339,-30.1266]],[[18.5199,-30.1283],[18.5311,-30.1377]],[[160.0452,-9.432],[160.0638,-9.4245]],[[155.8801,-6.9953],[155.8917,-6.9862]],[[-84.926,45.1729],[-84.9223,45.1589]],[[34.7662,-9.3534],[34.7819,-9.3606]],[[-89.8348,44.3675],[-89.8418,44.3534]],[[121.0854,15.43],[121.0967,15.4394]],[[-8.4114,42.8851],[-8.42,42.9108]],[[-20.2787,63.8491],[-20.2485,63.8566]],[[-42.7532,-14.2049],[-42.739,-14.2113]],[[35.1638,45.1689],[35.2003,45.1617]],[[111.197,2.1733],[111.2071,2.1822]],[[129.034,47.7494],[128.9971,47.7561]],[[91.5831,46.1089],[91.5858,46.0914]],[[16.0302,2.6129],[16.0377,2.6249]],[[19.2508,42.3482],[19.253,42.3706]],[[-106.7657,32.1852],[-106.7574,32.1667]],[[-79.7875,21.734],[-79.7706,21.746]],[[110.5969,47.2992],[110.6194,47.3095]],[[105.5703,43.7822],[105.5873,43.7651]],[[106.8624,43.128],[106.8617,43.1074]],[[-109.8856,31.3605],[-109.8826,31.3766]],[[33.2861,35.1398],[33.2676,35.1617]],[[-80.5584,34.2877],[-80.5714,34.2792]],[[13.4394,-5.8066],[13.4416,-5.7929]],[[-98.2845,49.9077],[-98.2633,49.8944]],[[103.4716,30.5075],[103.4636,30.4786]],[[35.5876,-10.6872],[35.5755,-10.6755]],[[147.969,45.2517],[147.9429,45.261]],[[131.8125,-24.4189],[131.8268,-24.4232]],[[28.7354,50.273],[28.7517,50.2625]],[[12.2313,26.5522],[12.2207,26.5358]],[[10.0754,28.9022],[10.0856,28.8806]],[[106.2179,36.0666],[106.2156,36.0917]],[[115.9529,39.367],[115.9279,39.3719]],[[-127.1799,54.8149],[-127.1859,54.8358]],[[-120.581,37.3931],[-120.5554,37.3679]],[[132.19,-30.9075],[132.1772,-30.8945]],[[-62.5231,-22.3034],[-62.5271,-22.3171]],[[-111.1279,58.7632],[-111.1073,58.7717]],[[37.4318,12.5323],[37.4363,12.5077]],[[5.1926,12.9126],[5.2211,12.9192]],[[-90.4035,45.7043],[-90.401,45.7185]],[[91.924,50.0752],[91.9515,50.0586]],[[-94.0559,58.7237],[-94.0775,58.7454]],[[8.1098,35.4357],[8.1332,35.4239]],[[34.6307,31.2627],[34.65,31.2585]],[[-2.1459,30.1231],[-2.1285,30.1279]],[[30.5657,30.5287],[30.5691,30.5576]],[[30.5616,30.5269],[30.5471,30.5509]],[[-64.1597,8.9418],[-64.1429,8.9483]],[[-81.4041,26.4371],[-81.3888,26.4376]],[[-75.0636,8.227],[-75.0524,8.2368]],[[-75.0127,8.1083],[-75.0067,8.1251]],[[-118.9898,42.6548],[-118.9951,42.6388]],[[96.5195,47.7235],[96.5329,47.6922]],[[96.2059,46.3776],[96.2349,46.3727]],[[80.8752,26.7604],[80.9027,26.7607]],[[122.412,52.9237],[122.4427,52.9051]],[[33.4912,-3.6072],[33.5106,-3.6105]],[[39.7866,40.2213],[39.8199,40.2296]],[[-128.2241,55.0672],[-128.2432,55.0582]],[[-115.739,43.1347],[-115.7222,43.1286]],[[-55.8395,-27.2357],[-55.8352,-27.2183]],[[22.7787,39.2176],[22.81,39.2213]],[[22.7792,39.2159],[22.8103,39.2196]],[[39.0423,7.0186],[39.0577,7.0236]],[[30.5969,-26.6338],[30.6143,-26.6339]],[[32.5625,37.9872],[32.5542,37.9651]],[[-91.9801,41.0494],[-91.9802,41.0645]],[[-62.2428,82.5221],[-62.3264,82.5122]],[[-68.9903,-45.5843],[-69.0115,-45.58]],[[-86.2633,34.2235],[-86.2482,34.2347]],[[-95.3501,35.647],[-95.3672,35.6609]],[[-79.1559,22.6209],[-79.1384,22.6216]],[[131.8291,-11.305],[131.8231,-11.2895]],[[-62.6286,45.6067],[-62.6137,45.6168]],[[26.1236,-20.5552],[26.108,-20.5517]],[[2.1038,41.3057],[2.0719,41.2948]],[[-113.7867,44.4499],[-113.7635,44.4377]],[[133.3042,-12.3041],[133.3189,-12.3073]],[[-78.3552,-0.1056],[-78.3536,-0.1427]],[[14.5981,36.9886],[14.6187,37.0024]],[[59.8109,41.7599],[59.858,41.7598]],[[-106.0385,37.778],[-106.0554,37.7917]],[[-65.3621,-4.8857],[-65.3488,-4.8828]],[[23.1557,-15.2553],[23.1696,-15.2543]],[[167.6431,-45.5315],[167.663,-45.5345]],[[68.5521,40.763],[68.5703,40.7805]],[[80.876,26.9893],[80.9095,26.9881]],[[47.328,56.0867],[47.3671,56.0939]],[[-72.8984,0.1202],[-72.8919,0.1393]],[[-50.7431,67.0056],[-50.6864,67.0176]],[[107.725,40.9309],[107.754,40.9229]],[[37.7546,-7.5282],[37.7696,-7.5299]],[[107.691,16.4013],[107.717,16.3999]],[[14.8707,-21.2219],[14.8634,-21.2376]],[[15.44,-20.3684],[15.439,-20.382]],[[40.6906,64.6016],[40.7425,64.599]],[[94.3225,29.2958],[94.3477,29.3115]],[[36.5353,-14.8083],[36.5223,-14.8269]],[[134.4315,57.7212],[134.457,57.7418]],[[6.6496,48.5197],[6.6195,48.537]],[[-135.075,60.7196],[-135.0584,60.698]],[[-135.0704,60.7185],[-135.0582,60.7023]],[[125.863,40.1286],[125.8794,40.1174]],[[56.3436,38.9866],[56.3705,38.9821]],[[22.948,-27.2212],[22.9473,-27.2058]],[[45.4696,39.1776],[45.452,39.1926]],[[31.5855,-21.0135],[31.5721,-21.0031]],[[127.388,39.0902],[127.4109,39.104]],[[-69.9271,-4.2598],[-69.9446,-4.2517]],[[-1.01,53.4642],[-0.9982,53.4864]],[[54.5202,24.4326],[54.5141,24.449]],[[111.9525,37.4006],[111.9809,37.4153]],[[-70.7408,-37.0064],[-70.7441,-36.9925]],[[-1.6183,42.0022],[-1.6275,42.0143]],[[30.5835,37.7937],[30.5934,37.7812]],[[-83.1237,40.2807],[-83.1031,40.2784]],[[-23.4876,14.934],[-23.481,14.9499]],[[15.2417,-4.2588],[15.2645,-4.2396]],[[112.8522,26.5397],[112.8322,26.5212]],[[12.8213,61.1741],[12.8468,61.1554]],[[35.7964,14.2953],[35.7817,14.2771]],[[62.3286,27.4088],[62.304,27.4289]],[[-85.9966,43.4457],[-85.9965,43.428]],[[87.0603,43.9558],[87.0982,43.9467]],[[48.229,30.3713],[48.2421,30.3553]],[[26.3184,-10.528],[26.3333,-10.5328]],[[28.5206,-12.7603],[28.5327,-12.7532]],[[-90.661,40.5197],[-90.6428,40.5197]],[[-90.6532,40.5283],[-90.6531,40.5148]],[[52.6951,17.8594],[52.7017,17.8763]],[[22.7746,4.7865],[22.7907,4.785]],[[-145.2646,66.5683],[-145.2285,66.5765]],[[77.7978,64.9237],[77.83,64.9406]],[[32.4591,1.3943],[32.4691,1.4211]],[[40.7112,-14.5009],[40.7136,-14.4719]],[[121.8843,-28.7124],[121.8961,-28.6977]],[[121.0247,-27.3662],[121.0448,-27.3658]],[[120.5284,-28.0903],[120.5492,-28.0935]],[[-70.2314,-45.7056],[-70.2528,-45.7028]],[[-5.9403,35.7334],[-5.9074,35.7304]],[[-96.7536,40.3098],[-96.7535,40.2944]],[[124.2816,43.1512],[124.3069,43.1644]],[[-79.8774,-2.1465],[-79.8903,-2.169]],[[106.2694,45.744],[106.2697,45.7283]],[[-103.3836,44.4218],[-103.3673,44.4143]],[[-51.4518,-30.0499],[-51.4355,-30.0507]],[[151.1718,-33.9301],[151.1806,-33.9643]],[[14.1488,57.2991],[14.1258,57.2859]],[[-97.3885,37.3321],[-97.3883,37.3179]],[[34.3893,-17.9731],[34.4051,-17.9671]],[[2.4406,48.9683],[2.4284,48.9509]],[[2.4241,48.9649],[2.4469,48.971]],[[2.4215,48.9637],[2.4456,48.9651]],[[-102.2411,40.093],[-102.2412,40.1077]],[[-103.5677,40.2651],[-103.5864,40.2634]],[[-92.6522,37.6551],[-92.6527,37.6415]],[[145.0035,-20.7825],[145.0248,-20.7797]],[[146.4734,-20.0154],[146.4933,-20.0108]],[[131.0842,-12.6815],[131.0934,-12.6952]],[[128.9125,-18.0576],[128.8992,-18.0474]],[[151.1636,-33.9438],[151.1889,-33.9378]],[[-89.5655,36.8921],[-89.558,36.9057]],[[-89.9415,36.7686],[-89.941,36.7823]],[[-90.3251,36.7671],[-90.3247,36.7808]],[[-73.2335,10.1037],[-73.2339,10.0898]],[[-155.0618,19.7132],[-155.0518,19.7242]],[[-155.0578,19.7213],[-155.0293,19.7213]],[[27.4874,-24.9066],[27.5024,-24.9075]],[[30.0443,-25.6655],[30.0392,-25.6527]],[[37.1374,32.1696],[37.1614,32.1519]],[[-66.54,45.8747],[-66.5184,45.862]],[[-66.5229,45.8705],[-66.5522,45.863]],[[-84.6224,37.0478],[-84.6084,37.0598]],[[-69.9388,43.8812],[-69.9415,43.9032]],[[-86.8463,37.4647],[-86.8534,37.4523]],[[-81.3796,35.745],[-81.3973,35.735]],[[5.8124,5.5932],[5.8252,5.6031]],[[-47.2303,-18.4838],[-47.2178,-18.477]],[[74.389,19.6891],[74.3651,19.6885]],[[26.2169,-24.8263],[26.2307,-24.8199]],[[-90.9976,38.5937],[-90.99,38.5815]],[[-96.9524,29.9145],[-96.9477,29.9014]],[[-101.7966,33.6624],[-101.8229,33.6622]],[[20.748,-27.3509],[20.7491,-27.337]],[[21.5032,-31.9376],[21.4975,-31.9232]],[[27.9908,-27.2827],[28.0033,-27.2722]],[[-101.8136,33.4905],[-101.8136,33.4766]],[[-102.3699,33.3818],[-102.3704,33.352]],[[-104.3204,43.8901],[-104.3086,43.8784]],[[-104.4131,42.7568],[-104.3962,42.7509]],[[-99.8473,43.3941],[-99.8327,43.3834]],[[119.7028,-32.5759],[119.7129,-32.5883]],[[102.3349,38.5504],[102.362,38.5338]],[[-61.1164,1.8545],[-61.1273,1.8335]],[[-100.2856,34.4402],[-100.2862,34.4239]],[[27.779,-24.2855],[27.7944,-24.2867]],[[17.2837,-30.1938],[17.2818,-30.1798]],[[104.5974,16.1669],[104.5891,16.1524]],[[123.4691,41.6305],[123.4978,41.6495]],[[-3.8361,20.7771],[-3.8214,20.7794]],[[20.0402,-26.732],[20.0252,-26.7253]],[[17.9402,-23.3282],[17.9438,-23.3435]],[[-85.4456,31.3263],[-85.4456,31.3114]],[[-85.4616,31.3306],[-85.4424,31.3141]],[[-52.6003,-12.7982],[-52.615,-12.8057]],[[142.6742,-14.1604],[142.6878,-14.1565]],[[114.7481,26.8591],[114.7226,26.8554]],[[-104.1639,42.0671],[-104.145,42.0605]],[[-105.3938,42.7991],[-105.3718,42.7905]],[[-84.7636,33.3055],[-84.7759,33.3176]],[[-109.9874,45.8051],[-109.9675,45.809]],[[18.6085,-31.131],[18.6107,-31.1143]],[[-79.1582,35.1574],[-79.1719,35.1465]],[[-87.4287,36.1212],[-87.431,36.1347]],[[-87.1871,35.5503],[-87.1709,35.5601]],[[-116.3299,33.2589],[-116.3116,33.2591]],[[140.2561,42.2485],[140.2764,42.2433]],[[25.3126,-21.2697],[25.3267,-21.2624]],[[140.5268,-18.0077],[140.5466,-18.0022]],[[125.4813,9.7498],[125.4808,9.7653]],[[37.3774,8.2911],[37.3594,8.2791]],[[39.7549,-9.8579],[39.7623,-9.8457]],[[39.7549,-9.8423],[39.7617,-9.8564]],[[72.935,32.0515],[72.9624,32.06]],[[-85.8055,41.5252],[-85.7835,41.5254]],[[-43.183,-21.5202],[-43.1634,-21.5065]],[[30.7893,46.7699],[30.7956,46.7482]],[[-90.5934,41.6153],[-90.5833,41.6024]],[[-35.5213,-5.3919],[-35.5349,-5.3767]],[[-37.1078,65.5742],[-37.1412,65.5728]],[[107.4166,51.8067],[107.4647,51.813]],[[-117.2171,33.7581],[-117.221,33.7716]],[[-46.8386,-22.0113],[-46.843,-22.0243]],[[14.4963,-19.2429],[14.5106,-19.2402]],[[126.6849,45.6592],[126.715,45.6689]],[[174.0922,52.7164],[174.135,52.7081]],[[32.2282,31.2823],[32.2519,31.2765]],[[39.6751,-11.0729],[39.6897,-11.0731]],[[-0.8204,37.7766],[-0.8076,37.7865]],[[-112.3561,38.9622],[-112.3701,38.9542]],[[26.3782,-12.1709],[26.353,-12.1767]],[[55.0953,24.6504],[55.1063,24.6388]],[[-81.3512,27.6409],[-81.3321,27.6548]],[[-81.6292,27.8885],[-81.6149,27.896]],[[102.7632,46.9261],[102.7893,46.9253]],[[30.7254,4.131],[30.7385,4.1269]],[[34.5192,38.778],[34.5499,38.7657]],[[133.7008,-24.4412],[133.7109,-24.4514]],[[158.4408,53.1835],[158.4603,53.1553]],[[-73.1433,-11.5504],[-73.141,-11.5315]],[[-73.0258,-11.1422],[-73.0425,-11.1425]],[[-72.9381,-11.8637],[-72.9407,-11.845]],[[111.7453,39.0694],[111.7592,39.0483]],[[23.5652,-6.1099],[23.5719,-6.1298]],[[-98.6218,30.2433],[-98.6234,30.2604]],[[18.6267,-17.5967],[18.6476,-17.5975]],[[15.2824,44.8512],[15.295,44.84]],[[-68.6473,-19.4698],[-68.6705,-19.4763]],[[61.4158,41.1323],[61.4136,41.1172]],[[96.8381,4.7211],[96.8583,4.7212]],[[106.6407,29.7047],[106.6514,29.7358]],[[120.4318,41.5471],[120.4369,41.5292]],[[-69.9866,18.5649],[-69.9848,18.5797]],[[126.8071,37.5477],[126.7783,37.5707]],[[126.801,37.548],[126.7754,37.5684]],[[39.274,38.5962],[39.2982,38.6009]],[[-83.5592,34.1691],[-83.5641,34.1827]],[[-98.6685,35.5528],[-98.6685,35.5388]],[[69.6769,40.2135],[69.7104,40.217]],[[47.7206,40.824],[47.7298,40.7935]],[[-80.4073,-0.5996],[-80.3984,-0.616]],[[-47.0502,-21.5388],[-47.0428,-21.5222]],[[140.5811,-20.4751],[140.5776,-20.4887]],[[93.3699,14.1488],[93.3659,14.1272]],[[-90.1872,43.2126],[-90.1684,43.2127]],[[29.8773,-21.4398],[29.8974,-21.4433]],[[31.6632,-21.0551],[31.6537,-21.0448]],[[127.0403,36.9559],[127.0249,36.9668]],[[-46.6561,-20.7358],[-46.6678,-20.7279]],[[131.0242,-13.0515],[131.0337,-13.0621]],[[42.1062,44.9811],[42.1305,44.9856]],[[42.108,44.9832],[42.1298,44.9873]],[[42.6677,45.4276],[42.6969,45.4213]],[[140.0473,-19.3614],[140.0555,-19.3739]],[[140.5591,-18.7027],[140.5489,-18.7143]],[[32.1618,-25.2454],[32.158,-25.2298]],[[17.6142,-28.7061],[17.6283,-28.7002]],[[30.4664,-26.7677],[30.4831,-26.774]],[[26.7493,-26.9616],[26.7602,-26.9487]],[[-156.9103,66.9439],[-156.873,66.9412]],[[26.7576,52.2797],[26.7918,52.2717]],[[103.3826,1.0534],[103.3978,1.0525]],[[-60.0891,-0.7981],[-60.0752,-0.7992]],[[-85.0768,33.0043],[-85.0701,33.0168]],[[-85.0815,33.0134],[-85.0646,33.0028]],[[-60.0417,46.1695],[-60.0358,46.1536]],[[-60.0604,46.1539],[-60.0404,46.1674]],[[73.0268,33.5675],[73.0394,33.5532]],[[-89.7327,45.9236],[-89.733,45.9377]],[[-108.5443,39.135],[-108.5141,39.1184]],[[-108.5299,39.1099],[-108.5146,39.1184]],[[72.8062,33.5511],[72.8448,33.5451]],[[83.3875,19.7167],[83.4011,19.7231]],[[-83.301,34.5849],[-83.2951,34.5977]],[[122.1492,30.2969],[122.1395,30.2782]],[[-41.8255,-14.2538],[-41.8096,-14.2568]],[[25.6857,49.5273],[25.7124,49.5227]],[[14.2503,-6.277],[14.243,-6.2612]],[[50.68,36.911],[50.6945,36.9033]],[[-85.6003,30.8512],[-85.6032,30.8366]],[[-81.3884,31.1581],[-81.3989,31.1457]],[[37.698,48.0748],[37.7533,48.0753]],[[40.8862,0.3434],[40.8775,0.3542]],[[-125.5876,64.9091],[-125.5555,64.9102]],[[81.1356,6.2954],[81.1128,6.2735]],[[-97.8571,29.8874],[-97.8578,29.9016]],[[-97.8571,29.8866],[-97.87,29.897]],[[124.1424,39.9415],[124.1484,39.9605]],[[-84.2024,36.7879],[-84.1967,36.8021]],[[83.1219,26.1512],[83.1103,26.1609]],[[-89.831,35.9473],[-89.8306,35.9336]],[[-111.4354,32.9336],[-111.4197,32.9412]],[[-111.9831,33.0733],[-111.9828,33.0877]],[[140.55,-22.0757],[140.5643,-22.0875]],[[74.6871,32.2355],[74.673,32.2473]],[[-112.7879,48.9987],[-112.767,48.9987]],[[-66.7873,-14.066],[-66.7874,-14.0797]],[[125.8824,43.2101],[125.9082,43.2146]],[[30.3319,60.2075],[30.3389,60.1901]],[[5.4225,50.0289],[5.4553,50.0387]],[[48.801,15.7351],[48.7852,15.735]],[[93.6869,18.8384],[93.6814,18.8508]],[[94.0259,19.7576],[94.0267,19.781]],[[125.1322,46.7619],[125.145,46.7402]],[[99.9286,20.4772],[99.941,20.4924]],[[38.1054,26.4898],[38.132,26.4762]],[[36.3238,15.3755],[36.3325,15.3963]],[[-72.5554,10.0804],[-72.5542,10.0961]],[[65.0162,63.9193],[65.0491,63.9245]],[[74.0582,32.6344],[74.0758,32.6227]],[[111.976,2.2699],[111.9948,2.2539]],[[28.2672,4.6447],[28.268,4.6277]],[[121.7615,16.9245],[121.7428,16.9367]],[[21.6267,41.9465],[21.6177,41.9722]],[[26.6483,42.6013],[26.6177,42.5998]],[[-66.1835,-17.4291],[-66.1702,-17.4124]],[[69.6799,23.2969],[69.6608,23.2792]],[[69.7579,22.8299],[69.773,22.8397]],[[117.4329,8.5421],[117.4391,8.5557]],[[21.4888,65.8343],[21.45,65.8423]],[[-95.8871,46.8275],[-95.8737,46.8166]],[[108.6958,15.4156],[108.716,15.3963]],[[-85.8462,41.2724],[-85.8277,41.2727]],[[-88.8439,32.8066],[-88.8252,32.7913]],[[25.2198,-27.8192],[25.2107,-27.8079]],[[72.7867,32.8996],[72.7623,32.9208]],[[72.2516,42.5073],[72.2748,42.5042]],[[-93.7824,51.0684],[-93.8035,51.0659]],[[72.4426,33.9736],[72.4584,33.9485]],[[13.2698,-17.4388],[13.2862,-17.4386]],[[13.4673,-18.8687],[13.4702,-18.8868]],[[-115.3255,44.4123],[-115.3079,44.4183]],[[-62.2258,49.0772],[-62.2532,49.0817]],[[-95.4691,29.5056],[-95.4848,29.5066]],[[13.4842,-12.496],[13.4903,-12.4631]],[[72.8452,33.547],[72.8066,33.553]],[[17.2974,28.5864],[17.309,28.596]],[[44.6134,32.9375],[44.6461,32.9204]],[[117.257,-0.3665],[117.2421,-0.3819]],[[119.2787,10.5313],[119.2673,10.5178]],[[-61.4326,5.7937],[-61.4487,5.7895]],[[119.7168,32.5739],[119.7227,32.5528]],[[79.6162,17.9167],[79.5987,17.9182]],[[79.598,17.9173],[79.6048,17.903]],[[122.5457,-30.9826],[122.5381,-30.9699]],[[-70.2564,-45.7048],[-70.236,-45.697]],[[-80.8617,33.4607],[-80.8579,33.4464]],[[-81.2727,33.0017],[-81.2677,32.9886]],[[-73.921,-13.6832],[-73.932,-13.6737]],[[109.9932,23.3295],[110.0245,23.3304]],[[-80.7899,33.9102],[-80.8113,33.9274]],[[126.2526,38.2332],[126.2762,38.2309]],[[100.1264,50.4505],[100.1406,50.432]],[[-87.4467,31.0093],[-87.4468,31.023]],[[-111.95,60.0148],[-111.9738,60.0259]],[[-4.5942,33.1506],[-4.5796,33.1589]],[[5.0466,48.0732],[5.049,48.0893]],[[126.3734,34.7542],[126.3868,34.7633]],[[48.1521,21.811],[48.1634,21.7993]],[[49.6442,22.2738],[49.651,22.2561]],[[48.786,24.1711],[48.7921,24.1564]],[[126.3829,34.9788],[126.3827,35.004]],[[-4.929,10.9814],[-4.9202,10.9918]],[[20.7377,41.169],[20.7469,41.1908]],[[-115.7759,54.1392],[-115.7977,54.1485]],[[19.348,-21.7216],[19.3627,-21.7185]],[[124.2873,40.0392],[124.2867,40.0139]],[[93.501,40.4879],[93.518,40.4669]],[[68.3622,70.3083],[68.3048,70.322]],[[-85.5028,37.808],[-85.4965,37.8207]],[[145.4324,-24.4294],[145.4188,-24.42]],[[-64.7879,-30.7125],[-64.7849,-30.6978]],[[-85.1857,30.8438],[-85.1857,30.8273]],[[-86.6057,31.8406],[-86.6165,31.8515]],[[-10.7797,10.0348],[-10.7584,10.0373]],[[148.4728,-24.6458],[148.4671,-24.6582]],[[-83.3691,64.2027],[-83.3525,64.1871]],[[21.6602,4.1518],[21.6743,4.1635]],[[102.6044,34.8225],[102.6389,34.8157]],[[100.6445,38.8135],[100.6775,38.8025]],[[169.9764,-44.4831],[169.9943,-44.4888]],[[169.994,-44.4892],[169.9761,-44.4835]],[[-133.0837,55.5739],[-133.0684,55.5845]],[[108.5883,34.1492],[108.6111,34.1569]],[[123.642,-5.2992],[123.6307,-5.2852]],[[-57.1875,-14.7687],[-57.1901,-14.7848]],[[117.6984,30.7334],[117.6746,30.7485]],[[68.4412,28.2958],[68.458,28.2727]],[[68.4428,28.2961],[68.4593,28.2734]],[[54.6206,19.4438],[54.6182,19.4272]],[[61.6476,29.0483],[61.6471,29.032]],[[-101.2446,29.9615],[-101.2414,29.945]],[[-101.5744,30.0142],[-101.5717,30.0277]],[[70.855,26.8804],[70.8738,26.8986]],[[72.1976,27.0967],[72.2219,27.1137]],[[57.0464,21.3836],[57.0666,21.3704]],[[73.0579,26.2601],[73.0385,26.2426]],[[-70.2357,1.2457],[-70.2326,1.2613]],[[73.1968,28.0624],[73.2167,28.08]],[[16.8925,-28.1153],[16.8953,-28.0998]],[[-54.5932,-19.4217],[-54.584,-19.4345]],[[-85.2396,31.6085],[-85.2374,31.5949]],[[-85.9626,32.9073],[-85.9633,32.9222]],[[-88.2044,33.1035],[-88.19,33.11]],[[-85.8667,33.5818],[-85.8495,33.5945]],[[55.397,20.9808],[55.4114,20.9756]],[[68.8746,26.9609],[68.8832,26.9737]],[[69.1593,27.1978],[69.1385,27.2087]],[[98.5406,10.0572],[98.5354,10.0415]],[[-117.5501,47.6101],[-117.5183,47.6312]],[[56.4752,22.3619],[56.4943,22.347]],[[-6.6036,34.3013],[-6.5837,34.3013]],[[-6.8955,30.933],[-6.9234,30.9452]],[[74.9614,33.8848],[74.9899,33.8685]],[[-6.4688,53.3047],[-6.442,53.3013]],[[-49.4174,-22.0126],[-49.4079,-21.9995]],[[-97.589,35.4052],[-97.5889,35.3783]],[[66.7841,39.0283],[66.7674,39.0318]],[[106.614,20.8118],[106.5965,20.7964]],[[140.4156,-8.5125],[140.4232,-8.5337]],[[-97.5974,35.3894],[-97.6159,35.4046]],[[-97.6057,35.406],[-97.6057,35.379]],[[119.0968,-25.1412],[119.1139,-25.1346]],[[106.5848,17.5178],[106.6054,17.509]],[[-13.2095,8.6207],[-13.1816,8.6122]],[[117.6157,36.006],[117.6356,35.9951]],[[33.7043,35.2362],[33.7355,35.2358]],[[32.9735,34.5941],[33.002,34.5866]],[[24.1347,35.5366],[24.1618,35.5278]],[[24.1469,35.5306],[24.1674,35.5239]],[[25.1665,35.3407],[25.1909,35.339]],[[25.1733,35.3439],[25.1873,35.3355]],[[26.9014,37.6898],[26.9236,37.6885]],[[23.5506,38.3423],[23.5816,38.3368]],[[23.5809,38.3349],[23.5511,38.3403]],[[23.556,38.0761],[23.5561,38.0521]],[[72.1572,30.0777],[72.1503,30.1052]],[[32.4831,30.2535],[32.5024,30.2361]],[[32.2518,30.3291],[32.283,30.329]],[[32.0801,30.57],[32.1112,30.5699]],[[32.2215,30.6079],[32.2475,30.5898]],[[-82.565,30.1814],[-82.5901,30.1841]],[[134.5306,-14.7395],[134.5204,-14.7303]],[[15.9276,59.383],[15.9114,59.3957]],[[30.927,30.8477],[30.9451,30.8264]],[[30.9261,30.8472],[30.9442,30.8258]],[[-97.1812,47.9391],[-97.1812,47.9592]],[[-51.0329,-28.429],[-51.0138,-28.436]],[[7.2658,18.1169],[7.2798,18.1222]],[[8.4165,19.0744],[8.4138,19.0607]],[[-62.7099,17.3167],[-62.7272,17.3058]],[[-38.4937,-11.1227],[-38.4801,-11.1279]],[[67.9233,40.2624],[67.8981,40.2425]],[[31.0992,-25.3916],[31.1139,-25.3721]],[[-117.6467,33.9735],[-117.6237,33.9737]],[[32.1566,-23.9463],[32.1511,-23.9328]],[[-104.8821,25.9519],[-104.868,25.9569]],[[5.7517,31.0022],[5.7442,30.9893]],[[6.482,29.2163],[6.4961,29.2272]],[[133.2263,35.4882],[133.2522,35.4985]],[[141.4554,40.5476],[141.479,40.5565]],[[140.3592,40.1935],[140.3837,40.1902]],[[17.3674,-22.0195],[17.3723,-22.0027]],[[147.0924,-25.3516],[147.0894,-25.3649]],[[23.6964,46.7902],[23.6711,46.7845]],[[-86.9486,49.7767],[-86.9272,49.7808]],[[-74.8019,41.7084],[-74.7881,41.6948]],[[148.6678,-20.5933],[148.6408,-20.5841]],[[39.6241,-16.5571],[39.617,-16.5444]],[[-72.4376,7.8327],[-72.4421,7.8487]],[[-64.4214,-12.4135],[-64.4163,-12.4266]],[[119.3778,-30.0304],[119.3964,-30.0343]],[[-95.7802,34.8896],[-95.7867,34.8752]],[[-41.5323,-7.058],[-41.5192,-7.0648]],[[42.0852,11.486],[42.0964,11.4971]],[[-86.0011,34.6938],[-86.0112,34.683]],[[44.7556,6.0695],[44.7723,6.086]],[[-150.9616,70.34],[-150.9278,70.3487]],[[-150.987,70.2122],[-151.026,70.2073]],[[-84.4646,46.255],[-84.4844,46.255]],[[-106.3624,37.7086],[-106.3431,37.7149]],[[-65.0823,-41.8428],[-65.0652,-41.8319]],[[-139.1425,64.0377],[-139.1175,64.0467]],[[-80.708,40.3654],[-80.6953,40.3558]],[[125.0271,11.218],[125.0284,11.2372]],[[19.6058,41.884],[19.5913,41.9062]],[[-92.6974,45.3099],[-92.6786,45.3066]],[[-63.9808,10.9097],[-63.9523,10.9155]],[[-63.9812,10.9114],[-63.9549,10.9168]],[[114.2965,27.7961],[114.3162,27.8088]],[[102.4753,5.7983],[102.4984,5.8015]],[[114.4247,36.8947],[114.434,36.8714]],[[-143.3072,63.3751],[-143.3394,63.3744]],[[-62.4039,-27.6601],[-62.4005,-27.6733]],[[-8.8334,53.9085],[-8.8013,53.9123]],[[-154.1523,56.5319],[-154.1336,56.5425]],[[28.542,29.8174],[28.5537,29.8054]],[[-78.573,-1.2036],[-78.5763,-1.2205]],[[-44.8274,-4.2289],[-44.8122,-4.2272]],[[-45.7314,-11.9584],[-45.7157,-11.9513]],[[48.152,14.0119],[48.1664,14.0156]],[[37.3289,55.981],[37.3785,55.9884]],[[-104.3442,37.2544],[-104.3309,37.265]],[[-119.5373,36.0801],[-119.5462,36.0977]],[[2.8577,30.5703],[2.8759,30.5668]],[[-50.6727,-11.5707],[-50.6591,-11.5733]],[[-81.8789,40.8748],[-81.8976,40.8748]],[[-84.2885,40.4953],[-84.3076,40.4918]],[[61.1862,28.2335],[61.1753,28.2443]],[[-67.0126,10.6021],[-66.9882,10.6029]],[[-113.2144,33.3955],[-113.2307,33.3957]],[[151.8057,-27.5662],[151.7845,-27.5488]],[[18.8684,-13.4267],[18.8709,-13.4402]],[[30.0758,10.1259],[30.0888,10.1125]],[[-53.2246,-12.3476],[-53.2113,-12.3514]],[[-71.7235,10.571],[-71.7342,10.5459]],[[-71.7226,10.5684],[-71.7314,10.5476]],[[-79.3155,33.3199],[-79.3285,33.3075]],[[-50.2045,-13.3325],[-50.1909,-13.3299]],[[133.9882,-30.2186],[133.9883,-30.2324]],[[-45.9355,-12.6243],[-45.9213,-12.6185]],[[-45.2093,-5.4994],[-45.2226,-5.5054]],[[10.2497,-0.6995],[10.239,-0.7115]],[[-1.8521,50.7785],[-1.8269,50.7827]],[[106.8349,43.157],[106.8541,43.1314]],[[-55.4037,-7.1209],[-55.3976,-7.1339]],[[67.4681,42.7341],[67.481,42.7521]],[[-59.3246,-13.6049],[-59.3106,-13.6048]],[[-65.3805,-14.1716],[-65.3712,-14.1853]],[[-84.0056,34.8524],[-83.989,34.8565]],[[-83.7886,15.2623],[-83.7743,15.2622]],[[20.4183,42.0438],[20.4123,42.0245]],[[126.7115,33.4054],[126.7116,33.3828]],[[126.7075,33.4038],[126.7176,33.3928]],[[128.8823,27.8459],[128.8804,27.8269]],[[-77.0447,35.5654],[-77.0517,35.5779]],[[-77.0464,35.5777],[-77.0564,35.5667]],[[-90.4943,41.4428],[-90.5154,41.455]],[[47.9441,47.4235],[47.9091,47.4218]],[[-16.957,21.4001],[-16.9565,21.3823]],[[-41.2679,-12.4862],[-41.2861,-12.4783]],[[-46.2473,-12.6114],[-46.2326,-12.6041]],[[-14.3575,22.5928],[-14.3531,22.575]],[[23.5672,12.9504],[23.5592,12.9371]],[[23.3,-17.7778],[23.3137,-17.7727]],[[119.1576,-22.6723],[119.1752,-22.6767]],[[119.6305,-22.3547],[119.6547,-22.3539]],[[-49.0746,-22.1526],[-49.0657,-22.1696]],[[-107.7404,39.5263],[-107.7157,39.5268]],[[84.5606,47.6144],[84.5915,47.606]],[[4.3546,12.4707],[4.3808,12.4857]],[[145.9386,-24.6178],[145.9376,-24.6038]],[[95.6792,25.9948],[95.6698,25.9822]],[[97.428,27.3164],[97.4249,27.3395]],[[30.6687,7.0316],[30.6824,7.0234]],[[27.9539,8.2863],[27.9578,8.2728]],[[-2.3073,42.457],[-2.3325,42.4637]],[[17.4383,62.5353],[17.4502,62.5201]],[[64.4648,54.9152],[64.4836,54.9236]],[[28.6069,3.6841],[28.5954,3.6709]],[[-3.3554,38.5126],[-3.3777,38.5141]],[[-79.1532,38.9986],[-79.1385,38.9913]],[[-82.4529,28.4641],[-82.446,28.4764]],[[-82.4705,28.4759],[-82.449,28.476]],[[30.1248,8.79],[30.1368,8.7753]],[[-82.3819,29.0593],[-82.371,29.0689]],[[-147.0479,70.134],[-147.0132,70.141]],[[-8.7184,8.7032],[-8.7076,8.6892]],[[-79.4486,41.2201],[-79.4358,41.2298]],[[30.3296,66.9792],[30.3675,66.9662]],[[-98.359,30.5189],[-98.3586,30.5353]],[[119.7187,39.962],[119.7426,39.975]],[[-9.2416,10.4488],[-9.2124,10.4481]],[[76.385,10.1506],[76.416,10.1517]],[[-5.7448,38.1768],[-5.7332,38.1659]],[[36.8721,13.84],[36.8911,13.8217]],[[-77.7164,38.5914],[-77.7049,38.5811]],[[-77.957,37.0687],[-77.9467,37.0807]],[[-77.9628,37.0824],[-77.9635,37.0683]],[[-79.3415,36.5629],[-79.3359,36.5784]],[[-104.4476,36.8492],[-104.4492,36.8643]],[[118.9112,-33.9226],[118.8975,-33.9135]],[[17.4622,-20.6046],[17.4761,-20.5992]],[[-88.1199,36.0152],[-88.1295,36.0039]],[[-101.7332,37.5945],[-101.733,37.5804]],[[-71.173,7.8063],[-71.1587,7.8007]],[[-110.4696,33.3857],[-110.4563,33.3694]],[[112.9831,38.6013],[112.9521,38.5929]],[[115.2316,-26.1],[115.248,-26.0995]],[[33.5602,-24.6762],[33.5608,-24.6927]],[[49.1242,9.5516],[49.1129,9.5366]],[[9.2575,-1.5693],[9.2676,-1.5796]],[[117.0831,-32.9278],[117.0844,-32.9412]],[[-108.0814,44.5298],[-108.0764,44.5109]],[[115.6861,3.8952],[115.6944,3.9059]],[[125.6942,42.2461],[125.7132,42.2621]],[[-60.4788,-31.7854],[-60.482,-31.8041]],[[-81.9815,26.9274],[-81.9921,26.9102]],[[-81.9893,26.9089],[-81.9992,26.9236]],[[-68.8709,-32.8576],[-68.8726,-32.8727]],[[32.1369,2.2418],[32.1498,2.2375]],[[-93.2075,36.5401],[-93.1937,36.5241]],[[134.2383,7.0033],[134.2263,6.992]],[[-96.6728,35.2691],[-96.677,35.2824]],[[28.6627,-31.5416],[28.6879,-31.5509]],[[-65.2151,2.7864],[-65.2183,2.8016]],[[-89.8085,33.8414],[-89.7909,33.8282]],[[-89.8022,33.8247],[-89.7893,33.8331]],[[59.7442,22.2725],[59.7362,22.2371]],[[-44.6468,-2.1032],[-44.6547,-2.1145]],[[-43.7124,-5.652],[-43.7024,-5.6635]],[[-43.6086,-5.7464],[-43.595,-5.7435]],[[15.4546,56.8354],[15.4508,56.8532]],[[40.3267,32.8271],[40.3564,32.8375]],[[22.6956,51.2376],[22.7315,51.2427]],[[-84.3316,37.6247],[-84.3333,37.6384]],[[-140.4105,62.3437],[-140.3982,62.3609]],[[7.3154,46.2169],[7.3386,46.2218]],[[44.7498,20.4793],[44.7646,20.4729]],[[113.8198,31.6749],[113.8162,31.6537]],[[-82.0029,34.6629],[-81.9951,34.6758]],[[-75.6988,2.1425],[-75.6885,2.1514]],[[120.6997,-20.8467],[120.709,-20.8343]],[[-86.1823,45.975],[-86.1626,45.975]],[[119.7077,36.3977],[119.7162,36.3773]],[[-54.57,-23.3346],[-54.5666,-23.3484]],[[-54.0567,-18.6706],[-54.067,-18.6593]],[[141.1831,-31.8404],[141.1782,-31.86]],[[139.3828,-3.7892],[139.3907,-3.7743]],[[20.1024,8.3448],[20.1155,8.3247]],[[58.2955,23.6089],[58.2579,23.6059]],[[-97.9066,37.9359],[-97.9067,37.9169]],[[-97.9597,34.4626],[-97.96,34.48]],[[-71.3298,10.3252],[-71.3154,10.3347]],[[-98.5765,17.762],[-98.5772,17.7757]],[[7.6502,45.2091],[7.6489,45.1891]],[[20.1603,66.489],[20.1341,66.5035]],[[15.9015,-1.2388],[15.9186,-1.2145]],[[-82.5787,38.9743],[-82.577,38.9885]],[[42.096,61.0329],[42.1113,61.0472]],[[29.2958,-15.7273],[29.3111,-15.7225]],[[27.0343,-9.5563],[27.037,-9.576]],[[-77.4498,38.3929],[-77.4638,38.4056]],[[47.1219,30.3439],[47.0982,30.3671]],[[47.1025,30.371],[47.1222,30.3439]],[[-81.003,33.9751],[-80.9885,33.9665]],[[-86.4338,42.1279],[-86.4117,42.1278]],[[12.2046,51.4116],[12.2563,51.414]],[[5.4821,10.4244],[5.4927,10.434]],[[105.191,-5.2566],[105.1735,-5.236]],[[-55.4038,-26.5528],[-55.3938,-26.5639]],[[44.2218,37.5566],[44.2537,37.543]],[[172.8187,3.0892],[172.8057,3.0842]],[[153.122,-27.3566],[153.1068,-27.3831]],[[-88.2178,35.1634],[-88.2156,35.1771]],[[40.3077,56.1199],[40.3226,56.1349]],[[112.9676,-2.4922],[112.981,-2.5048]],[[109.9623,-1.8092],[109.9644,-1.8238]],[[36.2488,32.3648],[36.2729,32.3472]],[[28.6934,22.4242],[28.6914,22.4099]],[[-90.679,33.496],[-90.6789,33.4762]],[[-58.5044,-1.7152],[-58.5169,-1.7094]],[[61.5952,69.7615],[61.5293,69.7653]],[[-82.5716,38.3721],[-82.5484,38.3646]],[[-79.8422,37.9475],[-79.8255,37.9554]],[[-76.425,38.1417],[-76.4357,38.1524]],[[-76.4186,38.148],[-76.4344,38.1424]],[[-80.4627,33.9843],[-80.4816,33.9617]],[[-80.4761,33.9633],[-80.4611,33.9814]],[[51.3413,45.2018],[51.3589,45.1858]],[[-114.196,34.3108],[-114.1795,34.306]],[[33.6308,49.9228],[33.6559,49.9384]],[[33.1527,-11.2386],[33.1688,-11.2381]],[[32.0743,-10.5829],[32.0892,-10.5817]],[[80.2347,50.3485],[80.2497,50.3379]],[[51.8167,47.1297],[51.8324,47.1113]],[[51.8101,47.1337],[51.83,47.1104]],[[-68.5687,9.6403],[-68.5801,9.6545]],[[-86.4426,35.567],[-86.4424,35.5519]],[[116.0133,-31.669],[116.0154,-31.6842]],[[-112.5023,39.3746],[-112.5022,39.3911]],[[121.8306,-33.685],[121.813,-33.6793]],[[39.5673,-11.6829],[39.5592,-11.6632]],[[-96.7693,35.9572],[-96.7692,35.943]],[[110.4417,19.9347],[110.4761,19.9348]],[[29.9227,50.668],[29.9445,50.6639]],[[77.373,28.7077],[77.3449,28.7078]],[[54.2019,39.6919],[54.2112,39.6673]],[[-80.9657,35.7662],[-80.9422,35.7639]],[[-95.0042,35.9372],[-95.0049,35.9234]],[[38.8114,-3.3338],[38.8172,-3.3491]],[[-77.5872,45.6631],[-77.6117,45.6668]],[[-88.1439,40.3021],[-88.1439,40.2885]],[[-88.1498,40.292],[-88.1321,40.2921]],[[52.5712,24.2913],[52.5896,24.276]],[[-86.916,36.543],[-86.9264,36.5304]],[[-57.2074,-24.9022],[-57.2091,-24.916]],[[-97.1225,34.1401],[-97.1227,34.1539]],[[-89.4139,35.9905],[-89.4014,36.0023]],[[34.9557,45.3528],[34.9295,45.3584]],[[-159.5606,61.5858],[-159.5301,61.577]],[[-97.1411,43.2351],[-97.1599,43.2349]],[[-58.9794,-23.4224],[-58.976,-23.407]],[[11.5781,1.5358],[11.5848,1.5505]],[[12.4367,-1.1772],[12.4451,-1.1922]],[[-88.3809,36.6591],[-88.3647,36.6701]],[[27.7704,-9.7455],[27.7835,-9.7598]],[[-58.5387,-22.7451],[-58.5305,-22.7339]],[[-10.1248,9.1531],[-10.1243,9.1691]],[[-98.8613,43.5427],[-98.8556,43.5284]],[[-6.3041,54.616],[-6.2946,54.631]],[[-98.4175,24.0688],[-98.4144,24.0533]],[[5.3063,7.2585],[5.2958,7.2352]],[[-79.6861,-2.273],[-79.6744,-2.2486]],[[-85.8503,35.6943],[-85.8373,35.703]],[[-79.9647,34.7105],[-79.9492,34.7152]],[[-61.3509,12.7043],[-61.3385,12.6968]],[[118.8799,34.582],[118.866,34.5596]],[[111.1409,37.6939],[111.1452,37.6697]],[[48.1489,40.2733],[48.1782,40.274]],[[-116.1998,47.5471],[-116.1797,47.5474]],[[-95.0471,41.4083],[-95.0541,41.3952]],[[-76.3947,43.3564],[-76.3814,43.346]],[[45.2775,-12.8015],[45.2865,-12.8167]],[[47.1494,40.6288],[47.1272,40.6423]],[[-59.8592,-21.4393],[-59.8528,-21.4049]],[[-65.6225,-39.2852],[-65.5982,-39.2876]],[[-9.767,8.3309],[-9.771,8.3179]],[[19.5633,-23.2096],[19.5577,-23.1934]],[[-61.3253,-21.4783],[-61.3266,-21.4938]],[[-61.2542,-21.5572],[-61.2541,-21.5718]],[[-58.4886,-23.6632],[-58.4887,-23.6772]],[[-58.5648,-24.2766],[-58.5681,-24.2625]],[[46.8441,40.7456],[46.8702,40.7402]],[[141.8192,-16.5487],[141.8291,-16.5592]],[[25.2564,-8.6335],[25.2773,-8.646]],[[25.2495,-8.6506],[25.2285,-8.638]],[[-148.4725,67.5077],[-148.5051,67.4992]],[[47.1574,41.1429],[47.162,41.1296]],[[48.8965,40.0396],[48.9082,40.024]],[[-9.1819,27.4184],[-9.1623,27.4173]],[[-7.9926,27.8952],[-7.9765,27.9163]],[[-111.2916,55.6979],[-111.267,55.6942]],[[-98.6704,36.7803],[-98.6704,36.7666]],[[-3.834,43.4308],[-3.806,43.4233]],[[142.4593,-10.9506],[142.4479,-10.9384]],[[123.4628,9.2042],[123.4725,9.2143]],[[128.6459,35.9006],[128.6711,35.8866]],[[5.6182,-1.414],[5.6322,-1.4015]],[[-121.1734,45.6235],[-121.1619,45.6122]],[[-79.8579,47.6939],[-79.8361,47.7013]],[[48.309,54.1938],[48.3345,54.2005]],[[106.2498,21.3901],[106.2708,21.3984]],[[25.0074,-13.4741],[25.0218,-13.4741]],[[46.1822,48.3196],[46.2259,48.2985]],[[101.4296,1.6021],[101.4376,1.6161]],[[-13.3158,24.0816],[-13.3075,24.1007]],[[98.9659,2.5979],[98.9566,2.6091]],[[46.6292,6.0887],[46.6461,6.1038]],[[46.1887,6.1731],[46.1996,6.1884]],[[-61.5346,-30.9558],[-61.5139,-30.9595]],[[46.3638,5.4853],[46.3572,5.4601]],[[-90.5119,34.3071],[-90.5127,34.2923]],[[114.1964,30.7722],[114.2199,30.7952]],[[-44.3853,-2.3695],[-44.4076,-2.3765]],[[-46.9772,-17.5401],[-46.9802,-17.5558]],[[-76.5209,-8.1958],[-76.538,-8.1951]],[[8.7176,3.7652],[8.6999,3.7454]],[[122.6552,9.4653],[122.6679,9.4741]],[[-58.4996,-10.3075],[-58.4904,-10.3201]],[[33.8187,38.321],[33.7923,38.3085]],[[-72.3074,43.6293],[-72.3033,43.6154]],[[-72.3121,43.6258],[-72.2943,43.6335]],[[-76.7341,-7.1772],[-76.7212,-7.1582]],[[108.3874,3.8969],[108.3883,3.9209]],[[134.154,35.5307],[134.1761,35.5294]],[[-75.4905,23.3956],[-75.5056,23.4]],[[-92.0985,35.8648],[-92.0816,35.8642]],[[-60.0618,-3.0386],[-60.0376,-3.0386]],[[-69.1875,0.6053],[-69.1727,0.6154]],[[-66.9017,-4.8777],[-66.8935,-4.8652]],[[-89.5476,33.0953],[-89.5365,33.0852]],[[-108.1547,29.2177],[-108.1506,29.2042]],[[-146.4013,64.023],[-146.3751,64.0392]],[[-61.138,4.5532],[-61.1524,4.5563]],[[121.1988,-28.3839],[121.1993,-28.3976]],[[-109.26,29.0295],[-109.2409,29.0337]],[[-51.0536,-14.9386],[-51.0442,-14.9281]],[[-116.8661,37.4276],[-116.8417,37.4304]],[[-2.0424,52.1382],[-2.0323,52.1511]],[[-81.9671,32.9001],[-81.9633,32.8859]],[[37.6079,15.12],[37.6225,15.1253]],[[-116.5044,37.5368],[-116.4859,37.5321]],[[-116.5022,37.5289],[-116.4867,37.5403]],[[-62.7555,-25.1783],[-62.7398,-25.1876]],[[-116.2284,37.4105],[-116.2517,37.3988]],[[-116.2587,37.7903],[-116.2506,37.7721]],[[-116.1618,37.7238],[-116.1526,37.7356]],[[-88.6321,31.6499],[-88.6381,31.6372]],[[57.6563,19.5127],[57.6293,19.4873]],[[20.8179,15.8328],[20.8462,15.8406]],[[-88.5937,15.7382],[-88.5739,15.7236]],[[-91.6917,14.5259],[-91.7024,14.517]],[[-86.3817,40.7112],[-86.3637,40.7113]],[[-55.9624,-15.6774],[-55.9487,-15.6831]],[[-58.863,-13.5549],[-58.8548,-13.5415]],[[-58.7083,-11.4266],[-58.7115,-11.413]],[[-90.4648,32.8903],[-90.4632,32.8766]],[[-52.3495,-14.7044],[-52.345,-14.6913]],[[-52.1502,-14.013],[-52.1537,-14.0266]],[[-121.9228,37.3562],[-121.9391,37.371]],[[-121.921,37.3575],[-121.9372,37.3723]],[[-99.3385,34.6912],[-99.3385,34.7063]],[[-90.9416,30.1782],[-90.9392,30.1646]],[[127.1158,37.4613],[127.1101,37.4298]],[[10.2257,47.9833],[10.2533,47.9943]],[[-90.0354,36.2303],[-90.0406,36.2172]],[[26.6878,43.3107],[26.7124,43.303]],[[-49.6195,-14.2472],[-49.6349,-14.2462]],[[-56.4222,-16.4907],[-56.4221,-16.5042]],[[129.7078,28.4221],[129.7172,28.4392]],[[56.2782,19.9688],[56.2877,19.9843]],[[-49.124,-11.7408],[-49.1463,-11.7376]],[[-112.5525,45.2661],[-112.5519,45.2483]],[[-120.187,45.7217],[-120.1675,45.7232]],[[-69.3714,10.0406],[-69.3457,10.0445]],[[-67.6618,10.2529],[-67.6434,10.2481]],[[-52.7485,-10.8218],[-52.7449,-10.8052]],[[-51.4444,-10.665],[-51.4305,-10.6622]],[[158.7151,57.7797],[158.7449,57.7887]],[[-112.1962,35.2974],[-112.1925,35.3136]],[[-108.7639,45.7017],[-108.7484,45.7107]],[[-48.9585,-16.2238],[-48.9717,-16.2395]],[[35.4997,57.0691],[35.5243,57.0661]],[[116.323,50.392],[116.3639,50.4006]],[[140.5164,-21.6637],[140.5233,-21.6823]],[[56.6172,24.4024],[56.634,24.3697]],[[-84.2773,44.8134],[-84.2752,44.7997]],[[54.0697,17.0344],[54.1052,17.0463]],[[39.1154,32.4063],[39.1438,32.4038]],[[-80.0068,-3.446],[-79.9864,-3.4377]],[[44.1464,35.1301],[44.1212,35.1474]],[[45.0874,33.9401],[45.1155,33.9291]],[[44.2774,35.5197],[44.2911,35.5058]],[[128.7017,-15.7738],[128.7165,-15.782]],[[57.5153,23.5835],[57.496,23.5732]],[[-69.3454,-52.737],[-69.3226,-52.7362]],[[56.406,19.3818],[56.3896,19.3982]],[[-119.6546,44.6677],[-119.6507,44.6543]],[[36.2639,4.2878],[36.2717,4.2745]],[[-82.9623,21.6369],[-82.948,21.6481]],[[-69.6637,18.4154],[-69.6742,18.4439]],[[-58.2624,6.4986],[-58.2487,6.4986]],[[-95.0722,32.5853],[-95.0561,32.5851]],[[-69.3192,-51.6091],[-69.2872,-51.6076]],[[-94.3036,36.27],[-94.3139,36.2926]],[[35.0014,31.1865],[35.0414,31.1944]],[[34.8251,31.8498],[34.8409,31.8258]],[[34.8187,31.8503],[34.8352,31.8251]],[[34.8186,31.849],[34.8172,31.8218]],[[34.6867,31.8936],[34.6942,31.9074]],[[34.6866,31.8903],[34.6981,31.9114]],[[-82.8192,36.1899],[-82.8036,36.2016]],[[48.6979,8.5374],[48.6792,8.536]],[[-2.7119,42.8956],[-2.737,42.8701]],[[-101.6259,40.5148],[-101.6152,40.5038]],[[-78.2628,-7.9833],[-78.277,-7.9845]],[[7.6519,27.9518],[7.6394,27.9421]],[[-94.7955,42.0516],[-94.7818,42.0407]],[[-7.5197,27.5846],[-7.4842,27.5886]],[[-83.8885,30.8942],[-83.876,30.9071]],[[-83.8745,30.898],[-83.886,30.9073]],[[-64.1914,-31.3089],[-64.2098,-31.3252]],[[43.7558,-22.2902],[43.7696,-22.2976]],[[-47.323,-3.0224],[-47.3099,-3.0172]],[[119.1402,-23.2911],[119.1576,-23.2896]],[[119.3899,-27.2747],[119.4114,-27.2672]],[[0.5153,32.902],[0.5345,32.8942]],[[-90.088,33.4991],[-90.0886,33.4813]],[[-90.0911,33.4932],[-90.0782,33.5015]],[[119.5902,23.5249],[119.578,23.5111]],[[-68.4745,47.4852],[-68.4891,47.4947]],[[12.7547,-0.8219],[12.7408,-0.8289]],[[13.6801,-0.6644],[13.6668,-0.6686]],[[31.7359,1.7479],[31.737,1.7676]],[[-50.1972,-15.926],[-50.189,-15.9147]],[[-72.6557,-38.9364],[-72.6474,-38.9154]],[[20.6182,47.8057],[20.6543,47.8253]],[[-104.4856,58.046],[-104.4835,58.0599]],[[41.0363,24.0992],[41.0356,24.1212]],[[55.0486,22.7759],[55.0778,22.7763]],[[33.6123,34.8642],[33.6359,34.8836]],[[-86.9433,38.2489],[-86.9624,38.2491]],[[54.0105,44.84],[53.9972,44.8508]],[[55.8264,19.6393],[55.8432,19.6262]],[[-69.5781,47.7712],[-69.5906,47.7575]],[[15.6696,-17.037],[15.6982,-17.0498]],[[-85.9957,41.7209],[-86.0201,41.7209]],[[-85.1309,39.6896],[-85.1307,39.7074]],[[-68.0794,-40.8191],[-68.0637,-40.8125]],[[-74.5321,-11.3326],[-74.5396,-11.3184]],[[-78.7708,-5.6038],[-78.7776,-5.5814]],[[16.7484,3.2787],[16.763,3.2788]],[[74.8038,31.696],[74.789,31.7265]],[[75.7474,31.4418],[75.7685,31.425]],[[75.3454,31.5504],[75.3367,31.5711]],[[11.0548,-1.8371],[11.0583,-1.8529]],[[10.6123,-1.2849],[10.613,-1.2704]],[[104.54,28.8547],[104.5134,28.862]],[[40.9817,11.7975],[40.9985,11.7805]],[[96.5185,47.7232],[96.5293,47.6974]],[[-82.1673,34.2482],[-82.1508,34.2493]],[[-48.1635,-17.692],[-48.1595,-17.679]],[[102.3113,12.2684],[102.327,12.2808]],[[32.9575,10.0448],[32.9617,10.0634]],[[-70.6193,41.3867],[-70.6064,41.3981]],[[116.7071,39.8247],[116.7099,39.7984]],[[120.8598,27.9212],[120.8445,27.8958]],[[163.0639,59.2166],[163.0688,59.2305]],[[96.9429,5.2228],[96.9576,5.2306]],[[89.4199,27.4109],[89.4298,27.3954]],[[-115.4745,38.7402],[-115.4867,38.7307]],[[-88.4928,13.2658],[-88.5068,13.2647]],[[-56.4819,3.0953],[-56.4616,3.0914]],[[-65.666,-13.9758],[-65.6753,-13.9618]],[[-66.8356,-13.574],[-66.8395,-13.5597]],[[-95.2667,41.007],[-95.2511,41.0145]],[[-65.9741,-12.8189],[-65.9623,-12.8289]],[[117.2589,-22.5412],[117.2802,-22.5394]],[[-65.5765,-12.9015],[-65.5685,-12.914]],[[-65.4779,-12.8623],[-65.4798,-12.849]],[[-64.0652,-13.2516],[-64.0593,-13.2642]],[[-61.8197,-23.9131],[-61.8204,-23.8992]],[[-57.557,-11.296],[-57.542,-11.2973]],[[-54.0025,47.3156],[-53.9884,47.3058]],[[-53.9957,47.3028],[-53.9753,47.3178]],[[135.9466,-13.0434],[135.9596,-13.0522]],[[-82.5106,31.5423],[-82.5027,31.5301]],[[131.5589,-23.9758],[131.5716,-23.9827]],[[44.9672,24.6995],[44.9618,24.7229]],[[-75.0478,-3.8035],[-75.0317,-3.8076]],[[-104.9243,23.8688],[-104.9228,23.8544]],[[46.3358,40.7296],[46.3044,40.7483]],[[94.7614,16.8062],[94.7863,16.818]],[[-69.8442,-12.6333],[-69.8343,-12.6467]],[[-4.4703,40.7866],[-4.4492,40.7806]],[[-61.802,17.1312],[-61.7841,17.1418]],[[-84.5834,72.9785],[-84.6441,72.9839]],[[95.4171,5.539],[95.4226,5.5125]],[[-80.9361,35.2247],[-80.9341,35.201]],[[119.8968,47.3074],[119.9269,47.3138]],[[-63.0721,-19.3881],[-63.0714,-19.402]],[[-63.2945,-21.2756],[-63.2958,-21.2922]],[[2.1712,13.4848],[2.2005,13.4861]],[[111.6598,27.2184],[111.6803,27.2344]],[[-81.9251,28.7984],[-81.9414,28.8041]],[[-39.8826,-9.8368],[-39.8911,-9.8226]],[[-99.9833,58.9627],[-99.9679,58.975]],[[57.3382,21.6745],[57.3225,21.6673]],[[-106.4324,31.6434],[-106.425,31.629]],[[-106.4183,31.6476],[-106.436,31.6286]],[[78.2052,20.3934],[78.2246,20.3983]],[[-64.6784,-13.0594],[-64.6723,-13.0743]],[[-83.3828,36.1743],[-83.3681,36.1845]],[[14.5052,35.8351],[14.4789,35.8564]],[[-9.1815,11.3981],[-9.1948,11.4018]],[[121.8161,31.1602],[121.8284,31.1276]],[[45.3,35.572],[45.3292,35.5498]],[[-122.2143,37.7015],[-122.2421,37.7201]],[[33.4724,49.1234],[33.4797,49.1421]],[[-60.329,-13.9],[-60.3158,-13.9127]],[[-60.4803,-13.729],[-60.4738,-13.7421]],[[-60.53,-13.7915],[-60.5232,-13.8048]],[[28.1404,-20.2368],[28.1499,-20.2472]],[[8.8576,44.4089],[8.8242,44.4154]],[[-77.3882,26.0038],[-77.4034,26.0058]],[[-103.7016,24.6256],[-103.7004,24.6424]],[[-60.7205,-13.644],[-60.732,-13.6582]],[[-85.7542,30.4137],[-85.7375,30.4136]],[[-50.3194,-12.8238],[-50.3356,-12.8214]],[[-84.0165,30.5845],[-84.0362,30.5913]],[[-83.7066,30.5774],[-83.7057,30.5953]],[[-51.6163,-10.9173],[-51.6024,-10.9188]],[[-84.8773,31.014],[-84.878,30.9999]],[[-83.597,30.8056],[-83.5812,30.8047]],[[-78.5064,40.0819],[-78.5206,40.0903]],[[-16.3503,33.0819],[-16.3495,33.0612]],[[132.5252,57.4397],[132.5296,57.464]],[[137.5016,58.6641],[137.5033,58.6876]],[[-84.4542,34.4471],[-84.4602,34.4599]],[[24.8005,-14.7949],[24.8141,-14.7993]],[[-175.1609,-21.2344],[-175.1386,-21.2474]],[[-3.2414,39.5622],[-3.2599,39.5628]],[[34.1274,31.0739],[34.1211,31.0949]],[[47.2025,40.053],[47.2288,40.0478]],[[122.4086,-4.0836],[122.4308,-4.0796]],[[150.1627,-26.8111],[150.1749,-26.802]],[[-111.1071,43.736],[-111.0865,43.7494]],[[113.4665,40.0711],[113.4927,40.0532]],[[29.479,0.5739],[29.4614,0.5802]],[[9.477,24.2769],[9.453,24.2924]],[[9.4525,24.294],[9.444,24.2739]],[[-112.5896,33.8406],[-112.5864,33.8546]],[[96.1988,46.3802],[96.2354,46.3739]],[[100.6964,46.1742],[100.7071,46.1572]],[[-90.7395,15.9898],[-90.7438,16.0056]],[[122.7578,11.5908],[122.7479,11.6047]],[[-112.2183,30.7034],[-112.2397,30.6993]],[[-76.3436,-0.1191],[-76.3318,-0.1268]],[[-85.2874,34.6954],[-85.2934,34.6814]],[[-73.1659,44.4807],[-73.1432,44.4667]],[[83.6268,47.8276],[83.6641,47.8216]],[[-113.9904,51.1102],[-113.9903,51.1486]],[[-76.3263,36.6596],[-76.315,36.6717]],[[12.5219,15.7623],[12.5055,15.7513]],[[42.4145,36.2726],[42.3915,36.2937]],[[15.2313,10.3598],[15.2442,10.353]],[[-82.1301,37.6795],[-82.114,37.6841]],[[-110.0949,31.0745],[-110.0989,31.0569]],[[-4.3045,38.7288],[-4.3222,38.7334]],[[138.0847,-5.4929],[138.0714,-5.4997]],[[47.5419,24.0985],[47.5456,24.0571]],[[117.3711,2.8317],[117.3779,2.8443]],[[7.6162,44.5396],[7.6305,44.5556]],[[-1.7081,6.2936],[-1.6949,6.2878]],[[136.5312,-30.9232],[136.5483,-30.9335]],[[136.5443,-30.9171],[136.545,-30.935]],[[-64.1371,-16.0597],[-64.1289,-16.0708]],[[127.4652,-17.2805],[127.4637,-17.2954]],[[20.7299,-21.8437],[20.7448,-21.8442]],[[118.8481,31.7135],[118.8803,31.7307]],[[-105.2639,55.1446],[-105.2602,55.158]],[[15.0488,-20.3681],[15.0686,-20.3645]],[[151.5088,-5.6591],[151.5046,-5.6445]],[[-49.9616,-11.4783],[-49.9487,-11.4905]],[[-104.249,23.3445],[-104.2385,23.356]],[[-100.7099,20.9093],[-100.6953,20.9074]],[[-82.0322,29.0829],[-82.032,29.1005]],[[122.7802,-1.0271],[122.7685,-1.0437]],[[75.2337,51.5981],[75.2035,51.5843]],[[-49.9594,-12.1051],[-49.9461,-12.0994]],[[16.2179,-21.0992],[16.2299,-21.0907]],[[-83.4624,31.1295],[-83.4491,31.14]],[[-109.9915,33.8031],[-109.9812,33.8182]],[[126.2948,-15.3903],[126.3094,-15.383]],[[-13.1499,22.213],[-13.1422,22.194]],[[-85.0937,35.9492],[-85.0763,35.9534]],[[105.5748,38.7571],[105.5934,38.7397]],[[105.6094,38.8181],[105.6096,38.8357]],[[-109.6825,31.3754],[-109.6975,31.3672]],[[120.2247,30.3273],[120.255,30.3394]],[[-61.5188,-15.6838],[-61.5119,-15.7002]],[[109.7362,19.6884],[109.7167,19.7081]],[[121.5236,-4.346],[121.5245,-4.3293]],[[117.8857,37.601],[117.8857,37.6207]],[[-83.2504,33.1545],[-83.2325,33.1539]],[[116.5146,23.5644],[116.4945,23.5423]],[[-82.8548,31.4832],[-82.8663,31.4703]],[[-84.1959,32.1041],[-84.1811,32.1163]],[[-83.8095,31.0806],[-83.7982,31.0925]],[[45.6311,35.4058],[45.6379,35.3919]],[[115.2329,-23.6406],[115.2472,-23.6445]],[[-158.0272,-9.0241],[-158.0365,-9.0064]],[[-161.0034,-10.3741],[-160.9952,-10.3878]],[[14.1305,51.5716],[14.1473,51.5857]],[[103.2176,13.0931],[103.2312,13.0982]],[[-81.6151,35.8134],[-81.6077,35.8271]],[[19.1001,50.476],[19.0596,50.476]],[[-163.3,62.0708],[-163.3014,62.0539]],[[33.2534,-9.7019],[33.269,-9.7048]],[[22.4664,4.0742],[22.4506,4.0774]],[[142.0539,-29.444],[142.0592,-29.4576]],[[115.9535,-21.2113],[115.9712,-21.2087]],[[117.8601,-22.2567],[117.8408,-22.2568]],[[-85.1284,31.9581],[-85.1294,31.9445]],[[58.7817,37.8572],[58.8052,37.8465]],[[-90.4032,32.3003],[-90.4179,32.3086]],[[-86.0077,31.8633],[-86.0264,31.8573]],[[-86.0148,31.8651],[-86.0051,31.8542]],[[99.8181,17.2282],[99.8185,17.2472]],[[-83.7514,38.5392],[-83.7354,38.5445]],[[-83.2159,39.9416],[-83.1945,39.9423]],[[130.8406,32.8315],[130.8696,32.8431]],[[85.0422,20.9082],[85.028,20.9131]],[[-64.8232,-12.9871],[-64.816,-12.9997]],[[-56.2091,-4.3063],[-56.227,-4.303]],[[-52.9254,-13.9895],[-52.9413,-13.9993]],[[-82.1617,32.0617],[-82.1459,32.0574]],[[70.0594,33.0264],[70.0646,33.0115]],[[-83.4255,39.5647],[-83.4155,39.5761]],[[118.7786,32.3713],[118.8106,32.3873]],[[139.7753,33.1118],[139.7965,33.1184]],[[-55.6224,-15.465],[-55.6101,-15.4563]],[[102.1783,19.9137],[102.1573,19.8965]],[[96.2587,4.0349],[96.2479,4.0471]],[[-105.5319,33.4643],[-105.5166,33.4526]],[[-105.5222,33.4664],[-105.5474,33.4593]],[[30.6564,-8.5279],[30.6734,-8.5172]],[[49.0768,15.613],[49.0844,15.5905]],[[37.5059,15.5626],[37.5131,15.5776]],[[-90.5817,30.0805],[-90.584,30.0945]],[[-76.624,52.2228],[-76.6004,52.2213]],[[-4.2326,26.0466],[-4.2073,26.0499]],[[-66.0127,-13.9628],[-66.0096,-13.9769]],[[-107.6666,27.7305],[-107.6421,27.7214]],[[29.7046,30.9047],[29.6926,30.9183]],[[-71.8306,-16.4176],[-71.8449,-16.4409]],[[139.7887,35.5629],[139.8031,35.5425]],[[39.2937,32.8492],[39.3262,32.8478]],[[14.3387,-16.2394],[14.3139,-16.2373]],[[49.591,54.0787],[49.5999,54.1006]],[[-115.8042,37.2589],[-115.7866,37.2753]],[[-115.8039,37.2587],[-115.7863,37.2752]],[[-115.8168,37.2678],[-115.7783,37.2622]],[[-115.817,37.2674],[-115.7784,37.2618]],[[-81.9356,35.4214],[-81.9346,35.435]],[[4.7372,52.2891],[4.777,52.3044]],[[-94.369,46.0972],[-94.3521,46.0853]],[[16.7795,41.1443],[16.7964,41.1363]],[[-116.0091,36.9279],[-116.0028,36.9415]],[[-116.0395,36.6112],[-116.0252,36.6283]],[[-115.7946,37.2892],[-115.8171,37.2681]],[[-115.8174,37.2683],[-115.7949,37.2894]],[[-116.0297,36.934],[-116.0455,36.9566]],[[-119.9407,36.3278],[-119.9621,36.3667]],[[-119.9423,36.2996],[-119.9637,36.3385]],[[-116.3152,37.0944],[-116.3105,37.1098]],[[-107.6459,31.8703],[-107.6289,31.8704]],[[-64.7033,46.5074],[-64.6843,46.5114]],[[19.2031,51.547],[19.162,51.555]],[[34.8928,32.0177],[34.8609,32.0129]],[[21.5665,8.125],[21.5834,8.1198]],[[-156.9566,20.7807],[-156.9464,20.7906]],[[119.8622,-21.4588],[119.8476,-21.4644]],[[119.7929,-21.4442],[119.7895,-21.4307]],[[119.7929,-21.4369],[119.7736,-21.4305]],[[-22.8914,16.1282],[-22.8858,16.1465]],[[-89.8204,68.5311],[-89.7907,68.5406]],[[-115.1285,67.8133],[-115.1615,67.8206]],[[32.8924,3.2742],[32.884,3.2893]],[[-109.091,25.6871],[-109.0713,25.684]],[[57.3982,22.4808],[57.3685,22.5041]],[[57.6752,22.0763],[57.6646,22.0933]],[[58.5167,22.7253],[58.5103,22.7407]],[[2.8609,35.5269],[2.8966,35.5263]],[[-0.701,44.8387],[-0.729,44.8191]],[[107.9806,26.9622],[107.9953,26.9816]],[[64.5543,39.6937],[64.5422,39.6804]],[[118.0692,5.9029],[118.0469,5.8992]],[[149.6683,-23.7287],[149.6614,-23.7456]],[[-85.5366,36.0492],[-85.5236,36.0643]],[[34.0026,6.2089],[33.987,6.2001]],[[25.3962,-0.1404],[25.3823,-0.136]],[[12.244,31.7604],[12.2536,31.7834]],[[34.5156,-2.0767],[34.5041,-2.069]],[[-65.6604,-14.0765],[-65.6538,-14.0898]],[[-102.2122,25.5092],[-102.1929,25.5031]],[[-79.8981,35.6475],[-79.8913,35.6616]],[[-90.3875,52.6119],[-90.3664,52.6054]],[[-84.1704,44.245],[-84.1894,44.2447]],[[-120.4086,37.5238],[-120.3867,37.5235]],[[-94.9772,74.7255],[-94.9618,74.7085]],[[27.7876,-23.9173],[27.8029,-23.9192]],[[-116.2134,31.8786],[-116.1851,31.8833]],[[-68.1182,-48.3737],[-68.0978,-48.3735]],[[126.7941,35.043],[126.8206,35.045]],[[74.9908,46.8881],[75.0166,46.9018]],[[-85.1595,34.3428],[-85.1577,34.3592]],[[-100.5993,40.2125],[-100.582,40.2008]],[[139.4246,42.0752],[139.4414,42.0679]],[[116.6397,36.7567],[116.6399,36.7798]],[[31.699,-22.0921],[31.6858,-22.0832]],[[29.1892,-15.7856],[29.1981,-15.7751]],[[-71.4932,12.4056],[-71.4772,12.4071]],[[-69.3561,-26.8723],[-69.3349,-26.8743]],[[46.915,24.6297],[46.9219,24.6119]],[[36.291,0.5039],[36.2968,0.5165]],[[-107.5045,41.0343],[-107.4807,41.0405]],[[-51.0233,-14.1452],[-51.0079,-14.1416]],[[56.7551,24.2912],[56.7369,24.2762]],[[44.5551,30.6554],[44.5811,30.6402]],[[43.6607,30.9223],[43.6874,30.9064]],[[-69.0888,-16.187],[-69.1051,-16.1969]],[[40.2255,3.4203],[40.2341,3.433]],[[107.2453,27.7987],[107.2466,27.8237]],[[-103.7811,30.9281],[-103.7851,30.9123]],[[-92.027,17.536],[-92.0042,17.5301]],[[-65.1156,-42.7651],[-65.0899,-42.7533]],[[12.8837,0.5748],[12.8982,0.5837]],[[-105.3034,31.2517],[-105.2907,31.2645]],[[-104.2694,29.8938],[-104.2527,29.8933]],[[-100.9205,32.4761],[-100.9204,32.4611]],[[-104.2223,31.0145],[-104.2023,31.016]],[[-89.6512,30.4943],[-89.6512,30.4807]],[[78.7167,33.1763],[78.7414,33.1631]],[[-162.6742,68.678],[-162.6339,68.6811]],[[44.7526,13.1707],[44.7777,13.1786]],[[-101.5089,36.677],[-101.5067,36.6931]],[[-106.909,28.6558],[-106.8921,28.6559]],[[-152.1576,69.3701],[-152.114,69.372]],[[-170.2254,57.1575],[-170.2198,57.1752]],[[-165.4493,64.5084],[-165.4284,64.5186]],[[-165.4681,64.5143],[-165.4323,64.5087]],[[122.1668,-26.3788],[122.1842,-26.3809]],[[-96.0278,29.6165],[-96.028,29.603]],[[-157.9271,21.3139],[-157.906,21.3288]],[[50.0399,23.4012],[50.0452,23.3867]],[[50.4056,23.283],[50.4058,23.2639]],[[100.9893,42.02],[101.0118,42.0111]],[[39.9053,47.4846],[39.9442,47.5034]],[[32.4544,54.3445],[32.4905,54.3373]],[[16.0085,-23.7305],[15.9941,-23.7158]],[[105.5035,21.0274],[105.489,21.0391]],[[-110.6483,45.4319],[-110.6636,45.4213]],[[-117.8841,34.941],[-117.8173,34.9673]],[[-117.862,34.9488],[-117.8169,34.9666]],[[-117.847,34.9321],[-117.8686,34.9502]],[[-117.8679,34.9508],[-117.8463,34.9327]],[[-117.9048,34.9027],[-117.8708,34.9201]],[[-102.4941,60.2992],[-102.51,60.2836]],[[-103.1199,60.3213],[-103.1423,60.3097]],[[-97.572,30.4025],[-97.5592,30.3927]],[[-95.8978,29.796],[-95.898,29.8141]],[[31.5378,-3.2106],[31.5552,-3.2106]],[[-82.5263,33.5301],[-82.5076,33.5294]],[[-0.2131,14.4602],[-0.2231,14.4501]],[[-89.9857,36.5909],[-89.9976,36.6008]],[[-89.9934,36.6074],[-89.9936,36.5937]],[[41.5037,54.2472],[41.5088,54.2338]],[[33.3142,19.5579],[33.3147,19.5717]],[[-83.0295,39.4349],[-83.0166,39.4459]],[[-83.5646,34.4956],[-83.5486,34.5041]],[[-90.2488,42.8904],[-90.2314,42.8856]],[[131.3267,-7.8433],[131.3454,-7.8524]],[[-59.3398,-26.307],[-59.3392,-26.3259]],[[-78.4941,-7.1283],[-78.4849,-7.1501]],[[-0.4298,51.5504],[-0.4082,51.5553]],[[85.3639,27.707],[85.3534,27.684]],[[-83.1911,30.9563],[-83.1908,30.9818]],[[-83.1952,30.9793],[-83.1954,30.9573]],[[8.1615,30.297],[8.1647,30.3116]],[[142.0501,-34.2652],[142.0633,-34.2564]],[[39.5101,-8.9183],[39.5069,-8.9024]],[[62.1613,32.3727],[62.1746,32.3533]],[[69.2326,33.6202],[69.2421,33.6355]],[[-83.7673,32.5037],[-83.7674,32.5175]],[[-69.2455,9.5556],[-69.2293,9.5512]],[[-83.0458,41.2919],[-83.0287,41.2995]],[[-92.8187,33.214],[-92.8033,33.2266]],[[-92.8185,33.2275],[-92.807,33.2175]],[[-76.3762,37.0777],[-76.3415,37.0891]],[[-80.7314,32.4846],[-80.7131,32.469]],[[-80.7041,32.4955],[-80.7304,32.4706]],[[135.6762,-30.1667],[135.6687,-30.1797]],[[-64.9365,-27.5079],[-64.9354,-27.4854]],[[117.9879,39.7185],[118.0183,39.717]],[[121.4072,1.0991],[121.4195,1.1055]],[[-96.1131,28.5443],[-96.1287,28.5439]],[[-48.7916,-20.2515],[-48.7855,-20.2642]],[[98.7397,11.1355],[98.7327,11.1631]],[[-62.1318,-31.4069],[-62.1348,-31.4203]],[[-2.9249,43.3063],[-2.9013,43.2977]],[[69.4741,37.0655],[69.5005,37.0581]],[[-97.2241,34.7145],[-97.2242,34.7008]],[[22.164,-10.7125],[22.1565,-10.6903]],[[-84.7443,43.6215],[-84.7254,43.6213]],[[-111.6189,39.3266],[-111.6063,39.3363]],[[-84.3291,31.4019],[-84.3111,31.4018]],[[-109.7024,43.5524],[-109.6793,43.5449]],[[-83.4021,41.1908],[-83.3841,41.1909]],[[-70.4248,5.4707],[-70.4176,5.4846]],[[33.2848,69.0238],[33.2988,69.0075]],[[-68.6962,5.5192],[-68.6774,5.5286]],[[-85.426,38.8208],[-85.4384,38.8305]],[[-85.4425,38.8224],[-85.4251,38.8223]],[[44.059,25.3344],[44.0696,25.3532]],[[41.9373,32.4193],[41.96,32.4003]],[[-67.8704,5.3272],[-67.8626,5.343]],[[-82.9849,32.5573],[-82.979,32.5744]],[[-117.6932,35.6988],[-117.68,35.6765]],[[-117.6815,35.683],[-117.7192,35.6834]],[[-117.6858,35.696],[-117.7084,35.6756]],[[18.0925,60.1277],[18.118,60.138]],[[-76.037,36.8346],[-76.0172,36.8194]],[[-150.606,66.4477],[-150.5743,66.454]],[[-66.2421,-13.694],[-66.2501,-13.6821]],[[-107.979,30.4218],[-107.9627,30.4271]],[[-88.584,36.7765],[-88.5853,36.7628]],[[-0.5489,35.5366],[-0.5176,35.5431]],[[126.0517,-26.8857],[126.0595,-26.871]],[[72.314,31.9026],[72.3046,31.8764]],[[-103.4081,34.1525],[-103.4154,34.1381]],[[48.8158,38.7452],[48.7968,38.7722]],[[55.262,21.2199],[55.2735,21.2356]],[[-106.1563,35.0946],[-106.1738,35.0946]],[[-55.576,-10.8911],[-55.5586,-10.8951]],[[127.9671,37.4488],[127.9534,37.4267]],[[-146.311,70.1335],[-146.2687,70.1385]],[[72.2527,33.5334],[72.2671,33.5206]],[[116.2326,-22.6928],[116.2434,-22.7078]],[[-46.145,-9.0101],[-46.1278,-9.0083]],[[19.7279,-19.5325],[19.7423,-19.5258]],[[-50.3495,-27.632],[-50.3671,-27.6363]],[[27.0007,-18.6376],[27.0411,-18.6221]],[[-86.8607,34.2611],[-86.8555,34.2759]],[[-98.2364,30.7455],[-98.2408,30.7323]],[[116.9102,-24.3047],[116.8985,-24.2944]],[[57.3141,19.4858],[57.3027,19.4644]],[[-141.6617,66.8089],[-141.6263,66.8099]],[[119.047,39.6631],[119.0759,39.6697]],[[117.9538,28.3743],[117.9748,28.3851]],[[-93.6695,33.7148],[-93.6562,33.725]],[[-50.4488,-1.6409],[-50.438,-1.6315]],[[125.8017,38.6487],[125.7758,38.6584]],[[-67.4101,1.7907],[-67.4016,1.7801]],[[-105.7175,27.7809],[-105.6913,27.7865]],[[2.6136,9.3629],[2.6049,9.3514]],[[-68.4065,58.1021],[-68.4335,58.1051]],[[55.0327,51.7027],[55.0025,51.7147]],[[55.0315,51.7016],[55.0014,51.7136]],[[-102.6135,20.1664],[-102.6281,20.1608]],[[-103.8419,19.7013],[-103.8257,19.6915]],[[-105.2382,19.727],[-105.2272,19.7105]],[[-100.4127,21.1214],[-100.3999,21.1303]],[[-65.0219,8.4004],[-65.0096,8.4084]],[[-48.3971,-9.5521],[-48.401,-9.5388]],[[-112.8936,28.3092],[-112.8788,28.3047]],[[-44.7295,-8.013],[-44.7126,-8.0107]],[[-60.9416,13.7334],[-60.9655,13.7334]],[[-84.2436,31.2118],[-84.2269,31.2146]],[[8.7745,53.0466],[8.8048,53.0473]],[[20.3571,-15.7893],[20.3801,-15.7891]],[[-105.4405,25.0942],[-105.4325,25.0817]],[[21.3098,-17.0165],[21.2928,-17.0188]],[[-89.7251,45.1958],[-89.7068,45.2008]],[[-86.2967,33.1718],[-86.3143,33.1719]],[[122.0347,14.4136],[122.0441,14.424]],[[12.6035,55.5922],[12.6407,55.6162]],[[12.633,55.6031],[12.6676,55.6254]],[[12.6391,55.6241],[12.6669,55.6139]],[[-68.9177,-22.4991],[-68.8884,-22.5011]],[[110.3361,31.6388],[110.3438,31.6135]],[[-58.1227,-11.3899],[-58.1206,-11.4038]],[[-36.0214,-8.2803],[-36.0057,-8.2844]],[[-71.634,4.7626],[-71.6467,4.7509]],[[6.1271,46.2504],[6.0939,46.2278]],[[-84.8878,31.4027],[-84.9019,31.3924]],[[-77.1577,-6.076],[-77.1619,-6.0595]],[[27.6127,47.1895],[27.6291,47.171]],[[-76.6437,37.3075],[-76.6327,37.3181]],[[22.9702,42.4485],[22.9981,42.4399]],[[-99.1552,26.5233],[-99.1404,26.52]],[[-91.9028,36.8714],[-91.9025,36.8854]],[[142.6818,-34.0757],[142.7014,-34.0783]],[[25.698,43.153],[25.7278,43.1499]],[[24.9778,42.1168],[25.0074,42.1118]],[[-82.5581,45.8809],[-82.5786,45.8825]],[[-138.8249,-21.8093],[-138.8026,-21.81]],[[-120.1294,40.2633],[-120.1718,40.2685]],[[13.5027,-9.0365],[13.475,-9.057]],[[-114.1834,41.3701],[-114.1743,41.3862]],[[25.803,-17.8204],[25.8311,-17.8223]],[[8.8697,28.7313],[8.8912,28.7304]],[[143.1378,-38.0458],[143.1587,-38.0481]],[[-45.1423,-13.0594],[-45.1235,-13.059]],[[56.2421,20.1561],[56.2242,20.1719]],[[-45.9847,-13.3229],[-45.9699,-13.3171]],[[56.4442,23.1864],[56.4224,23.1863]],[[-45.716,-12.9141],[-45.7296,-12.9192]],[[-97.5711,40.5818],[-97.5711,40.5954]],[[-118.6427,38.5475],[-118.6238,38.5403]],[[55.356,22.8047],[55.3912,22.805]],[[-63.4819,-14.4449],[-63.4681,-14.4386]],[[-115.5771,42.755],[-115.5572,42.739]],[[13.2434,-1.523],[13.2589,-1.53]],[[140.6374,53.1549],[140.665,53.1535]],[[-97.9692,35.1033],[-97.9692,35.0895]],[[-44.8159,-15.9664],[-44.8192,-15.9808]],[[116.9305,-24.6372],[116.9533,-24.632]],[[135.3926,55.0122],[135.423,55.0229]],[[-115.3405,42.0174],[-115.3303,42.0295]],[[-66.0759,-47.5916],[-66.0755,-47.6112]],[[-66.0788,-47.5935],[-66.0496,-47.5931]],[[-118.0599,33.784],[-118.0388,33.7963]],[[-67.454,52.7684],[-67.4449,52.7559]],[[-79.6637,43.6744],[-79.6355,43.6938]],[[-79.6234,43.661],[-79.5974,43.679]],[[1.3576,43.6374],[1.3802,43.6156]],[[127.4642,37.2001],[127.4819,37.2002]],[[128.3395,36.6316],[128.3701,36.6321]],[[27.82,-22.0565],[27.8376,-22.0599]],[[131.0312,-13.0802],[131.042,-13.0923]],[[131.0244,-13.7237],[131.0422,-13.7306]],[[137.9208,36.1762],[137.9245,36.1573]],[[14.4736,-15.7811],[14.465,-15.7698]],[[-169.9153,-19.0825],[-169.9361,-19.0755]],[[-115.7457,30.0813],[-115.7494,30.0975]],[[-85.8483,79.9962],[-85.7722,79.9928]],[[112.6327,42.3463],[112.6637,42.3559]],[[-4.0358,29.6312],[-4.0062,29.6339]],[[-69.7495,9.0326],[-69.761,9.0213]],[[-105.1109,39.9034],[-105.1316,39.9142]],[[-114.4658,42.7279],[-114.4476,42.7255]],[[-66.0891,-12.7154],[-66.0793,-12.7254]],[[-65.8219,-12.761],[-65.8116,-12.7715]],[[-65.8461,-12.9987],[-65.8469,-13.0123]],[[-122.6692,53.8881],[-122.693,53.8858]],[[-124.2185,59.9686],[-124.1888,59.9742]],[[-122.6625,53.8699],[-122.6708,53.8995]],[[-115.7823,49.6209],[-115.7818,49.6012]],[[-82.5358,40.3299],[-82.5164,40.3279]],[[-57.4008,-12.8392],[-57.3885,-12.8308]],[[-57.6208,-13.3807],[-57.6145,-13.3947]],[[-83.7806,31.986],[-83.7683,31.9949]],[[-83.7817,31.9882],[-83.7651,31.9863]],[[-81.8578,40.3048],[-81.847,40.3156]],[[-83.4858,31.4207],[-83.4963,31.4361]],[[-122.5901,57.0875],[-122.6191,57.0911]],[[-124.9084,56.7973],[-124.8879,56.7854]],[[-125.9433,54.3714],[-125.9595,54.3815]],[[-122.5168,53.0327],[-122.504,53.0196]],[[13.4294,-1.6445],[13.4461,-1.6672]],[[-94.4982,37.1462],[-94.4974,37.1641]],[[131.1291,-13.0039],[131.1315,-13.0183]],[[-85.1021,37.0029],[-85.1035,37.0165]],[[-84.579,36.4609],[-84.5926,36.4505]],[[-83.2658,37.3905],[-83.2534,37.3791]],[[-112.8644,47.4758],[-112.8802,47.4884]],[[12.2963,3.102],[12.2865,3.1221]],[[105.4586,27.2654],[105.4845,27.2686]],[[-0.2052,26.9997],[-0.1891,26.9985]],[[33.6342,-14.9157],[33.621,-14.9212]],[[109.3026,27.8777],[109.3204,27.8949]],[[21.833,21.7045],[21.8277,21.6738]],[[-94.7386,36.5997],[-94.7386,36.6139]],[[100.7462,27.5304],[100.7723,27.5503]],[[-61.8879,-13.4734],[-61.885,-13.4888]],[[-3.4032,13.0975],[-3.3914,13.109]],[[-84.6201,37.8718],[-84.601,37.8708]],[[-85.2501,37.6352],[-85.2335,37.6317]],[[30.8945,7.8609],[30.8935,7.8349]],[[-74.4608,5.9457],[-74.4534,5.9325]],[[-86.4786,36.5862],[-86.4753,36.5996]],[[-87.2599,35.241],[-87.256,35.2276]],[[-105.9938,34.9816],[-105.9938,34.9645]],[[-109.1773,28.9241],[-109.1614,28.9225]],[[-12.7374,22.6673],[-12.7239,22.6772]],[[69.0868,37.2634],[69.0976,37.2504]],[[40.0396,7.128],[40.0524,7.108]],[[126.2784,6.9436],[126.269,6.9546]],[[69.8593,37.1058],[69.8389,37.1079]],[[-38.4983,-3.914],[-38.4784,-3.9207]],[[-77.9795,35.3347],[-77.9417,35.3441]],[[7.8089,36.8191],[7.8128,36.8451]],[[7.8067,36.8206],[7.8269,36.8334]],[[34.8942,32.0],[34.8667,32.0142]],[[-69.6079,-18.3291],[-69.6052,-18.3083]],[[-76.7928,35.3886],[-76.7737,35.3904]],[[-61.4761,-18.3478],[-61.4747,-18.3627]],[[-103.6958,29.2753],[-103.6759,29.2788]],[[131.1733,45.2981],[131.2068,45.2895]],[[4.2206,39.8722],[4.2163,39.8512]],[[104.4059,-4.3835],[104.3968,-4.4001]],[[-67.2584,-13.1039],[-67.2707,-13.0941]],[[21.0346,42.5854],[21.0375,42.5575]],[[-83.6305,31.6811],[-83.6355,31.6942]],[[-103.476,20.7485],[-103.4476,20.7471]],[[10.9397,50.9813],[10.9734,50.9786]],[[-87.1634,37.2224],[-87.1494,37.2301]],[[-40.3486,-2.902],[-40.3661,-2.9108]],[[115.8257,39.2449],[115.8404,39.2638]],[[-5.8806,54.6114],[-5.8644,54.6248]],[[139.337,-30.6442],[139.3522,-30.6489]],[[-109.2192,32.9563],[-109.2031,32.9577]],[[-107.292,34.1014],[-107.3022,34.087]],[[-108.5401,33.5103],[-108.5413,33.532]],[[-82.1858,41.3414],[-82.1694,41.3472]],[[-61.1452,13.1691],[-61.1532,13.1485]],[[-66.8409,-20.4505],[-66.8738,-20.432]],[[-118.0264,35.1492],[-118.0069,35.1533]],[[113.8393,34.5399],[113.878,34.5267]],[[98.8786,1.563],[98.8957,1.5514]],[[-77.8543,42.798],[-77.8386,42.8052]],[[13.4722,-2.2834],[13.4882,-2.2812]],[[40.1047,15.6913],[40.1041,15.6744]],[[117.7419,2.0046],[117.7561,2.01]],[[146.2517,68.5621],[146.2106,68.5521]],[[-91.4361,40.4596],[-91.4163,40.4608]],[[118.0424,-29.6957],[118.059,-29.6969]],[[118.6312,-25.3483],[118.6167,-25.3422]],[[47.4643,-18.7948],[47.4933,-18.7991]],[[113.7433,-26.6353],[113.7406,-26.6543]],[[115.5242,-28.4682],[115.5117,-28.4787]],[[115.7336,35.2263],[115.7393,35.2015]],[[-91.0278,32.3584],[-91.0276,32.3448]],[[-86.8013,35.5134],[-86.8064,35.5006]],[[32.7644,-15.738],[32.7494,-15.7305]],[[-98.9522,23.6943],[-98.9607,23.7125]],[[70.4858,29.97],[70.4854,29.9522]],[[-84.8744,32.8409],[-84.8905,32.8405]],[[-82.3778,32.1989],[-82.3659,32.1898]],[[-82.3792,32.1876],[-82.3621,32.1951]],[[-119.3792,49.9661],[-119.3764,49.9461]],[[-84.6952,32.9317],[-84.6978,32.9455]],[[-86.7472,33.5732],[-86.7472,33.5537]],[[-86.7391,33.5735],[-86.7716,33.5548]],[[-86.09,35.385],[-86.0816,35.4]],[[-77.1882,38.7204],[-77.1741,38.7098]],[[-112.6794,38.2375],[-112.6702,38.226]],[[100.7347,13.6713],[100.7432,13.7036]],[[51.3666,32.3307],[51.3879,32.3241]],[[133.5858,-25.1497],[133.5716,-25.1591]],[[120.5458,-27.2837],[120.5624,-27.2903]],[[112.878,9.542],[112.8973,9.5611]],[[41.4228,33.8241],[41.4505,33.8087]],[[111.9445,49.5853],[111.9679,49.5874]],[[-76.5939,36.688],[-76.6024,36.6761]],[[-95.3301,36.2185],[-95.3301,36.2322]],[[18.5671,-4.5445],[18.5783,-4.5352]],[[115.9749,-30.6812],[115.9889,-30.6883]],[[-99.2595,34.6825],[-99.2595,34.6578]],[[-99.2738,34.6825],[-99.2738,34.6456]],[[-108.5274,34.3343],[-108.5112,34.3397]],[[64.415,28.8682],[64.3984,28.8791]],[[-86.5214,32.4386],[-86.504,32.4389]],[[-86.8618,37.9492],[-86.8501,37.9593]],[[9.1138,31.585],[9.1318,31.574]],[[75.5574,11.9225],[75.5312,11.9127]],[[-88.4653,36.0819],[-88.4613,36.0967]],[[120.3025,-30.7715],[120.3218,-30.7684]],[[-72.918,11.5264],[-72.9354,11.5259]],[[-88.6047,34.9239],[-88.6023,34.9061]],[[120.5709,-29.7329],[120.5905,-29.7326]],[[-84.9374,34.4484],[-84.9412,34.4635]],[[-97.8912,23.5565],[-97.9049,23.5616]],[[-80.0732,35.0138],[-80.081,35.0274]],[[-108.5343,54.1249],[-108.5115,54.1226]],[[-87.6952,37.8076],[-87.6762,37.8081]],[[5.3252,26.4057],[5.3256,26.3814]],[[-92.0989,30.5519],[-92.0989,30.5684]],[[67.8487,29.5704],[67.8355,29.5822]],[[-81.7435,32.4856],[-81.7304,32.4745]],[[-64.4103,-13.7171],[-64.4054,-13.7306]],[[120.9918,37.6715],[120.9657,37.6487]],[[-77.8985,35.8481],[-77.8854,35.8644]],[[32.8082,11.6361],[32.8126,11.6547]],[[32.907,13.044],[32.9078,13.0616]],[[-71.4255,-12.9722],[-71.4344,-12.9599]],[[-110.9633,42.9621],[-110.9677,42.9759]],[[-77.1213,-12.0077],[-77.1097,-12.0313]],[[-45.0133,-16.4135],[-45.0128,-16.427]],[[34.3494,-14.6971],[34.3554,-14.712]],[[-109.5471,45.5207],[-109.5276,45.5211]],[[-84.9478,33.9166],[-84.9334,33.9075]],[[-43.9861,-15.0933],[-43.972,-15.0928]],[[-43.6867,-15.341],[-43.6914,-15.3277]],[[-44.032,-15.0253],[-44.0463,-15.0234]],[[-100.6902,41.1322],[-100.6667,41.1194]],[[120.6594,40.5089],[120.6547,40.4922]],[[7.6603,30.1337],[7.6572,30.118]],[[-85.2364,32.8074],[-85.2226,32.8163]],[[-22.9489,16.724],[-22.949,16.751]],[[20.0378,43.281],[20.0628,43.2679]],[[134.5322,-30.2831],[134.5239,-30.2957]],[[139.6343,-25.8337],[139.6247,-25.8227]],[[144.87,-24.2899],[144.8866,-24.306]],[[76.5604,14.387],[76.5893,14.3868]],[[113.087,41.1281],[113.1261,41.1323]],[[-85.3191,31.3639],[-85.3031,31.3636]],[[9.1348,55.7398],[9.1794,55.7412]],[[118.1117,4.307],[118.1322,4.3197]],[[56.165,37.6176],[56.1812,37.638]],[[-76.1669,24.8921],[-76.1886,24.8913]],[[2.3767,48.7175],[2.3869,48.738]],[[2.3586,48.7194],[2.4021,48.7274]],[[-5.0677,7.7525],[-5.0799,7.7251]],[[20.81,-7.3625],[20.7972,-7.3526]],[[31.8356,18.4255],[31.8516,18.4607]],[[125.2314,38.8984],[125.2334,38.9207]],[[-45.5494,-11.5593],[-45.5354,-11.5549]],[[-45.9915,-11.705],[-45.9786,-11.7117]],[[114.2108,30.7576],[114.2357,30.782]],[[-76.1259,36.7005],[-76.1433,36.6836]],[[139.0831,-27.6732],[139.0669,-27.6783]],[[-45.3997,-12.8332],[-45.3854,-12.8335]],[[11.4853,2.0815],[11.4988,2.0728]],[[-113.0132,38.4335],[-113.0134,38.4198]],[[-162.9139,68.0257],[-162.8841,68.0386]],[[-74.5975,40.0045],[-74.572,40.0236]],[[44.3336,5.6523],[44.3657,5.6621]],[[-124.6796,70.1737],[-124.7052,70.1622]],[[14.2647,10.4454],[14.2499,10.4574]],[[-62.3064,49.4005],[-62.2842,49.4025]],[[-77.7178,53.6289],[-77.6903,53.6219]],[[-70.7074,46.1012],[-70.7218,46.0915]],[[-118.4329,33.947],[-118.3991,33.9505]],[[-100.4339,29.2792],[-100.4335,29.2939]],[[-110.7552,39.605],[-110.7459,39.6266]],[[-96.4919,40.5525],[-96.4921,40.5664]],[[94.0591,23.1879],[94.0387,23.1902]],[[94.1158,21.3793],[94.1346,21.4004]],[[-99.9991,40.8649],[-100.0113,40.875]],[[-99.7832,40.797],[-99.7713,40.785]],[[-102.9794,41.1029],[-102.9902,41.0918]],[[97.2521,37.1209],[97.2854,37.1295]],[[-103.4144,25.5683],[-103.3974,25.5681]],[[-103.3952,25.5538],[-103.4151,25.5724]],[[119.3114,35.4122],[119.337,35.3983]],[[-90.7576,33.7557],[-90.7582,33.7694]],[[113.2187,28.2062],[113.2205,28.1774]],[[23.7623,-28.9739],[23.7693,-28.9601]],[[-62.1012,9.0857],[-62.0872,9.0922]],[[-115.6721,32.8298],[-115.6565,32.8165]],[[-67.4095,8.9255],[-67.4235,8.9239]],[[-45.9847,-13.3229],[-45.9697,-13.317]],[[-76.8707,38.8233],[-76.8706,38.7977]],[[-111.3818,32.4324],[-111.3972,32.4286]],[[116.2655,-8.7494],[116.2888,-8.7681]],[[104.5266,0.9166],[104.5389,0.9299]],[[104.1068,1.1074],[104.1308,1.1346]],[[29.2191,65.995],[29.2598,65.98]],[[111.434,-7.6033],[111.4356,-7.6262]],[[-91.7553,33.6327],[-91.7467,33.6444]],[[22.194,-28.4288],[22.2067,-28.4168]],[[159.9138,63.7409],[159.9309,63.7526]],[[-113.6437,37.7077],[-113.6388,37.721]],[[113.692,-8.249],[113.6957,-8.2339]],[[-83.2747,31.6762],[-83.2712,31.6903]],[[50.0257,26.7315],[50.0358,26.7144]],[[-46.1135,-11.0337],[-46.0964,-11.0347]],[[-117.8624,34.9163],[-117.905,34.8946]],[[-76.587,37.0281],[-76.5911,37.0124]],[[4.8049,17.3568],[4.8202,17.356]],[[-111.9769,40.8074],[-111.9731,40.7747]],[[-50.4233,-14.0658],[-50.4084,-14.0661]],[[-93.4072,36.693],[-93.3973,36.7039]],[[-84.2452,32.577],[-84.2452,32.5629]],[[168.3008,-46.4189],[168.3267,-46.4104]],[[-10.5451,26.1392],[-10.5384,26.1251]],[[-11.1796,26.2271],[-11.1708,26.2085]],[[-89.8658,37.8593],[-89.8585,37.8779]],[[-2.8674,48.5331],[-2.8419,48.5434]],[[-95.4184,40.7455],[-95.4061,40.7554]],[[2.4983,9.3797],[2.5168,9.4033]],[[-91.534,33.8914],[-91.5346,33.8776]],[[-66.5136,-13.4412],[-66.499,-13.4462]],[[-63.0903,7.7598],[-63.0744,7.7559]],[[-63.2635,7.4947],[-63.2773,7.4907]],[[-46.1085,-13.0144],[-46.1049,-12.997]],[[-46.2538,-12.8284],[-46.2372,-12.8218]],[[-46.7471,-12.6004],[-46.747,-12.617]],[[-46.7792,-13.3919],[-46.7709,-13.38]],[[120.2642,22.7956],[120.2638,22.7712]],[[-46.7504,-13.708],[-46.7364,-13.7087]],[[32.7279,39.9303],[32.7453,39.9366]],[[104.1954,52.3594],[104.1711,52.376]],[[150.5221,-30.8838],[150.5294,-30.8966]],[[-45.992,-18.2159],[-45.9991,-18.2292]],[[-52.1159,-21.5475],[-52.1083,-21.5328]],[[-92.9048,35.1453],[-92.9131,35.133]],[[-58.0445,-37.7352],[-58.0239,-37.7357]],[[-62.0041,-38.9026],[-62.0165,-38.8921]],[[33.0056,67.9794],[33.0319,67.9985]],[[-94.2157,35.2799],[-94.2334,35.276]],[[-54.5741,-14.6708],[-54.5615,-14.6645]],[[-1.2617,51.931],[-1.2558,51.944]],[[-1.27,51.9351],[-1.2286,51.9398]],[[28.5236,-7.9191],[28.5306,-7.9341]],[[46.1977,51.4671],[46.2342,51.4887]],[[-90.6776,34.5859],[-90.6778,34.5721]],[[104.9552,25.0961],[104.9661,25.0721]],[[-92.5616,35.0145],[-92.5486,35.0252]],[[84.0034,28.1886],[84.0247,28.1796]],[[-94.7219,56.3518],[-94.7009,56.3627]],[[-58.6325,-15.847],[-58.6383,-15.8334]],[[-95.3871,41.9896],[-95.3719,41.9819]],[[14.7241,56.9199],[14.7319,56.9383]],[[-85.1549,33.6392],[-85.1498,33.6245]],[[-110.4647,34.0002],[-110.4459,34.0033]],[[-45.9725,-13.9546],[-45.9854,-13.9629]],[[-100.0234,28.2146],[-100.0142,28.2025]],[[115.3687,-24.4028],[115.3785,-24.4157]],[[-46.1425,-14.0985],[-46.1261,-14.0985]],[[58.3083,34.0575],[58.3223,34.0414]],[[116.2468,-24.0721],[116.2466,-24.0879]],[[116.2519,-24.0765],[116.2365,-24.0762]],[[116.4908,-24.2092],[116.4804,-24.1994]],[[-48.6555,-2.124],[-48.6317,-2.1153]],[[-47.3448,-0.6992],[-47.3304,-0.694]],[[159.2131,-9.0886],[159.2251,-9.0979]],[[151.837,7.4561],[151.8489,7.4676]],[[-103.553,58.661],[-103.5235,58.6638]],[[129.3234,34.291],[129.3377,34.2788]],[[-45.5803,-11.9206],[-45.5934,-11.926]],[[118.7309,-24.966],[118.7152,-24.9635]],[[116.1676,-24.6202],[116.1796,-24.6105]],[[144.7492,43.4181],[144.7341,43.4312]],[[119.7145,-25.5513],[119.7113,-25.5677]],[[-80.1161,34.4094],[-80.1224,34.3967]],[[-89.6849,40.4881],[-89.6669,40.4883]],[[-79.7414,34.618],[-79.7274,34.6254]],[[125.7252,42.0397],[125.7416,42.0559]],[[-92.4258,30.4729],[-92.4219,30.4597]],[[36.5782,15.0918],[36.579,15.1066]],[[-156.9136,64.7362],[-156.9622,64.7359]],[[131.3233,25.9381],[131.3302,25.9512]],[[-82.3998,31.2432],[-82.389,31.2534]],[[-82.3984,31.2554],[-82.3981,31.239]],[[-56.1016,-15.4992],[-56.095,-15.5134]],[[75.6406,30.7404],[75.6178,30.7576]],[[-68.1427,51.9495],[-68.1358,51.9632]],[[-115.2641,32.8338],[-115.2771,32.845]],[[-115.2589,32.8449],[-115.2784,32.845]],[[31.6816,30.407],[31.677,30.4337]],[[-65.0724,-13.9948],[-65.065,-14.008]],[[28.1095,-14.9405],[28.1221,-14.9495]],[[-79.5087,35.6985],[-79.5,35.7101]],[[-98.2155,26.8533],[-98.2282,26.8634]],[[-86.1635,12.3477],[-86.1961,12.3572]],[[115.4994,9.9099],[115.5122,9.932]],[[114.0638,10.9122],[114.0775,10.9356]],[[-82.1805,30.061],[-82.1721,30.0486]],[[-164.4917,62.7932],[-164.4899,62.7791]],[[117.8226,26.4193],[117.8448,26.4332]],[[126.6097,-26.1454],[126.6078,-26.1597]],[[114.3751,-25.3624],[114.362,-25.37]],[[-46.0325,-11.6045],[-46.0227,-11.5946]],[[-46.1242,-11.5946],[-46.1168,-11.5824]],[[-43.7454,-13.243],[-43.7305,-13.2419]],[[113.3167,23.4028],[113.3077,23.3695]],[[120.1787,-22.2978],[120.1882,-22.3082]],[[21.6848,42.1631],[21.7029,42.1525]],[[15.5104,45.8997],[15.5458,45.9001]],[[104.9675,26.6007],[104.9891,26.6168]],[[-44.5923,-12.7126],[-44.5772,-12.7112]],[[135.9121,-28.4813],[135.9157,-28.4947]],[[-7.5097,27.5816],[-7.4896,27.5839]],[[78.76,14.5162],[78.7821,14.509]],[[-77.9707,35.4547],[-77.9592,35.4664]],[[116.3959,39.519],[116.4016,39.4828]],[[-88.4963,35.1963],[-88.5005,35.2096]],[[-88.4185,41.4172],[-88.4189,41.4323]],[[-100.1661,28.2698],[-100.1594,28.2569]],[[43.015,12.8494],[43.0372,12.8311]],[[45.3385,6.9773],[45.3266,6.9663]],[[-160.4069,59.0478],[-160.3893,59.0581]],[[121.8387,31.1513],[121.8498,31.1221]],[[-45.7084,-12.6512],[-45.6977,-12.6423]],[[-76.3299,36.0894],[-76.3242,36.1032]],[[179.192,-8.5291],[179.2015,-8.5189]],[[-45.6469,-11.8309],[-45.6449,-11.817]],[[28.4546,-24.1442],[28.4396,-24.1471]],[[106.6728,29.7471],[106.6615,29.7143]],[[-76.1597,36.2605],[-76.1842,36.2613]],[[-48.9207,-16.3579],[-48.9375,-16.3782]],[[118.0606,41.1257],[118.092,41.117]],[[-105.7175,22.5458],[-105.7166,22.5278]],[[-45.6597,-23.131],[-45.6698,-23.1204]],[[100.0542,29.3349],[100.0665,29.2987]],[[-46.1589,-11.7802],[-46.1444,-11.7797]],[[-53.2226,-20.1908],[-53.2248,-20.2047]],[[-48.2632,-1.3076],[-48.2489,-1.3067]],[[27.9479,29.8682],[27.9332,29.8807]],[[87.2481,23.6108],[87.2379,23.6342]],[[136.3878,-13.216],[136.4006,-13.2223]],[[24.5389,-6.1225],[24.552,-6.1185]],[[46.3159,31.8256],[46.2932,31.8456]],[[46.2939,31.8482],[46.3191,31.826]],[[130.1727,-13.1046],[130.1499,-13.1046]],[[141.1774,45.2373],[141.1979,45.2467]],[[20.7396,40.6433],[20.743,40.6566]],[[-122.3188,39.6806],[-122.3032,39.6706]],[[46.3947,32.1084],[46.3685,32.1269]],[[-46.3407,-20.6977],[-46.3297,-20.708]],[[108.2432,-7.3419],[108.2509,-7.3541]],[[28.3206,-15.4171],[28.3398,-15.4112]],[[127.4868,36.7101],[127.5111,36.7251]],[[42.9717,2.4227],[42.9704,2.4373]],[[-46.2979,-11.8443],[-46.3069,-11.8593]],[[110.4452,19.1539],[110.4605,19.1284]],[[-46.0438,-11.2306],[-46.0312,-11.2251]],[[-108.7992,44.876],[-108.7854,44.8621]],[[-108.3998,43.7088],[-108.3796,43.7184]],[[-68.2478,-29.2343],[-68.2436,-29.2518]],[[-64.8768,-12.0441],[-64.8505,-12.0765]],[[-63.6956,-13.2611],[-63.6889,-13.2748]],[[47.2787,31.467],[47.2997,31.446]],[[30.3956,10.6314],[30.3932,10.6138]],[[-115.8546,43.0305],[-115.8902,43.0567]],[[-115.8473,43.0346],[-115.8835,43.0346]],[[-70.5817,-27.3471],[-70.5966,-27.352]],[[47.0967,31.8114],[47.0654,31.8284]],[[-48.2585,-20.0096],[-48.2444,-20.0072]],[[13.6502,21.9427],[13.6511,21.9589]],[[72.8264,3.4701],[72.8428,3.4711]],[[-77.8638,38.5194],[-77.8555,38.5315]],[[-80.6701,37.1425],[-80.6869,37.1321]],[[-76.4622,36.7809],[-76.4439,36.7802]],[[-80.0259,36.634],[-80.0108,36.6275]],[[-78.0541,36.6815],[-78.0549,36.6952]],[[-109.3997,40.9224],[-109.3816,40.9133]],[[-109.3428,37.9406],[-109.3396,37.9243]],[[-112.1072,38.7254],[-112.096,38.7428]],[[-84.5652,35.3909],[-84.5583,35.4076]],[[-89.5886,35.5766],[-89.5859,35.5902]],[[-89.0443,35.2083],[-89.0422,35.222]],[[-84.8042,35.205],[-84.7942,35.2197]],[[-84.9351,35.4803],[-84.9271,35.4922]],[[-101.0327,35.8817],[-101.0275,35.8969]],[[-99.3943,35.4381],[-99.3943,35.4235]],[[-88.1933,35.6644],[-88.1974,35.6483]],[[75.1557,32.9146],[75.1557,32.8898]],[[-69.386,-37.0676],[-69.4055,-37.0634]],[[-77.6367,36.3224],[-77.6338,36.3373]],[[30.9987,65.7739],[30.9497,65.7615]],[[104.9734,13.7668],[104.97,13.7524]],[[133.6936,-3.6532],[133.6968,-3.6356]],[[47.3271,31.7282],[47.347,31.7174]],[[-15.9923,18.2949],[-15.9751,18.3088]],[[-15.9736,18.3163],[-15.9574,18.2899]],[[-85.4933,31.8841],[-85.4772,31.8825]],[[-52.3762,-6.4216],[-52.3854,-6.4107]],[[-45.7295,-12.8042],[-45.7146,-12.8035]],[[-121.0116,38.4407],[-121.0194,38.4278]],[[-0.5642,53.2988],[-0.5373,53.3172]],[[33.8017,-1.4955],[33.8025,-1.5097]],[[-105.0174,40.4623],[-105.0072,40.4403]],[[-116.7888,37.8141],[-116.7727,37.7837]],[[-101.3358,48.4054],[-101.3803,48.4262]],[[-58.1494,-9.299],[-58.1379,-9.2914]],[[-81.3304,29.9544],[-81.3507,29.9674]],[[-82.3778,32.6146],[-82.3622,32.6037]],[[-81.2591,68.7798],[-81.2254,68.7715]],[[-115.6563,32.8291],[-115.6869,32.8291]],[[10.4015,43.694],[10.3829,43.676]],[[18.0496,48.5328],[18.0559,48.5474]],[[-46.2123,-12.9097],[-46.1991,-12.9051]],[[111.6435,36.1219],[111.6383,36.1458]],[[-81.3863,33.2626],[-81.3984,33.2526]],[[-81.3816,33.2513],[-81.3872,33.2645]],[[-81.1997,34.7844],[-81.1861,34.7924]],[[-81.2004,34.797],[-81.197,34.7835]],[[-79.8814,34.4519],[-79.8979,34.4539]],[[-79.8927,34.442],[-79.8801,34.453]],[[-79.851,33.7126],[-79.8631,33.7218]],[[-80.3553,34.0012],[-80.3677,33.9902]],[[-80.2748,33.0668],[-80.2871,33.0578]],[[-80.6451,32.9282],[-80.6404,32.9128]],[[-80.6318,32.9211],[-80.6496,32.9208]],[[-80.6454,32.9157],[-80.6318,32.9276]],[[38.3943,7.0879],[38.3988,7.1145]],[[-120.9459,44.1039],[-120.9475,44.0903]],[[28.8579,46.0395],[28.8495,46.0259]],[[14.9207,9.3752],[14.9312,9.3848]],[[-64.1531,50.2869],[-64.1318,50.2875]],[[-74.0823,47.9472],[-74.0991,47.9279]],[[-52.4955,-23.0879],[-52.4815,-23.092]],[[-54.5086,-18.184],[-54.495,-18.1779]],[[-53.8428,-16.8417],[-53.8302,-16.8264]],[[-52.0064,-23.4741],[-52.0291,-23.4786]],[[-76.5698,36.0204],[-76.5698,36.0368]],[[-78.0329,35.227],[-78.0443,35.216]],[[-79.8583,36.4413],[-79.8438,36.4332]],[[-52.4145,-21.4865],[-52.4001,-21.4896]],[[-53.1027,-21.7101],[-53.1018,-21.7253]],[[-51.1624,-17.7503],[-51.1446,-17.752]],[[114.6221,30.6628],[114.6409,30.6857]],[[-82.9077,40.0032],[-82.8792,40.0016]],[[40.3511,-11.3699],[40.3587,-11.3536]],[[66.9761,30.549],[67.0015,30.5592]],[[66.9815,30.5627],[66.9861,30.5489]],[[-87.3462,31.4652],[-87.3558,31.4508]],[[-98.5963,32.4392],[-98.5932,32.4243]],[[-81.878,32.1949],[-81.8612,32.1952]],[[-103.2206,32.7737],[-103.2035,32.7591]],[[-3.4496,41.4193],[-3.4478,41.4043]],[[19.1151,54.0242],[19.1565,54.0289]],[[-104.7978,47.1321],[-104.8135,47.1433]],[[-65.8566,5.5949],[-65.8671,5.584]],[[-99.5143,29.5424],[-99.518,29.5584]],[[53.631,18.2395],[53.632,18.2173]],[[-45.9208,-12.9803],[-45.9083,-12.9743]],[[-101.8833,35.0579],[-101.8756,35.0722]],[[16.9858,62.4862],[17.0194,62.4768]],[[-161.8335,59.0247],[-161.8215,59.0116]],[[-102.1639,32.2267],[-102.1629,32.211]],[[17.2171,-17.5667],[17.2326,-17.5654]],[[117.3383,8.2349],[117.3201,8.223]],[[33.4969,35.1547],[33.5287,35.1443]],[[128.5665,36.8425],[128.5918,36.8334]],[[-7.8277,23.4975],[-7.8438,23.4946]],[[24.357,-4.0387],[24.3739,-4.0399]],[[116.3929,39.482],[116.3872,39.5181]],[[-83.7955,39.4139],[-83.7753,39.4345]],[[-86.2711,34.4002],[-86.2561,34.4059]],[[136.6073,-25.4672],[136.6131,-25.4812]],[[64.0774,31.0993],[64.0563,31.0844]],[[-109.6616,31.6002],[-109.6474,31.609]],[[-62.4334,-17.4047],[-62.4216,-17.4206]],[[-57.2888,4.8257],[-57.2722,4.8255]],[[-82.3618,29.9986],[-82.3622,29.9827]],[[-99.3049,39.3397],[-99.3045,39.3535]],[[-55.2035,5.4528],[-55.1721,5.453]],[[-59.68,-22.0373],[-59.6811,-22.0232]],[[42.9953,14.7622],[42.9751,14.7434]],[[43.1886,16.0102],[43.1653,16.0117]],[[-58.6509,-19.9469],[-58.6494,-19.9604]],[[101.4027,20.9681],[101.4026,20.9537]],[[-77.509,-6.3896],[-77.4932,-6.3949]],[[16.3997,-21.5315],[16.3859,-21.5406]],[[-157.7549,57.43],[-157.7353,57.4193]],[[77.0491,38.2562],[77.0646,38.2322]],[[-52.6094,-0.8937],[-52.5952,-0.886]],[[2.5353,27.5625],[2.5497,27.573]],[[-70.587,9.3321],[-70.5817,9.3494]],[[116.4312,39.5167],[116.4745,39.5089]],[[115.2777,39.1429],[115.2984,39.1565]],[[-153.0931,69.9982],[-153.0628,70.0092]],[[59.0161,32.8635],[59.0382,32.866]],[[-102.541,39.614],[-102.5407,39.6001]],[[-98.4967,30.4611],[-98.4827,30.4517]],[[-83.5908,38.2079],[-83.5844,38.2221]],[[-107.4857,42.8755],[-107.4931,42.862]],[[-98.3037,30.212],[-98.3018,30.2257]],[[18.3403,43.8213],[18.3182,43.8296]],[[52.078,55.557],[52.107,55.5723]],[[-75.3657,38.683],[-75.3554,38.6955]],[[-92.6701,30.245],[-92.6857,30.2424]],[[113.2224,28.2091],[113.2245,28.1749]],[[-91.6535,46.4175],[-91.654,46.403]],[[-38.9945,-13.3047],[-38.9903,-13.288]],[[47.4498,80.8176],[47.4981,80.7868]],[[-82.6323,37.7569],[-82.6411,37.7452]],[[-87.9539,37.5486],[-87.9548,37.5349]],[[-92.6886,30.7436],[-92.6884,30.7574]],[[-49.4561,-6.8724],[-49.4642,-6.884]],[[-87.6888,41.3774],[-87.6707,41.3775]],[[-83.4748,41.56],[-83.4901,41.5711]],[[-56.0425,-13.827],[-56.0346,-13.8151]],[[-56.0469,-13.3187],[-56.0527,-13.3322]],[[-87.0611,35.1606],[-87.053,35.1476]],[[-89.3956,35.2009],[-89.3933,35.2145]],[[-86.0659,35.1844],[-86.0664,35.1707]],[[-45.5619,-12.9193],[-45.577,-12.9251]],[[-45.634,-12.871],[-45.6483,-12.8757]],[[-45.9971,-12.9575],[-46.0153,-12.9574]],[[26.5696,42.3576],[26.5781,42.336]],[[-86.5135,16.3212],[-86.5312,16.3133]],[[-85.7267,34.4684],[-85.7161,34.479]],[[-45.7336,-11.6637],[-45.7214,-11.6715]],[[-116.5706,40.4163],[-116.5528,40.4213]],[[-116.7864,36.8688],[-116.7864,36.8534]],[[22.2283,-10.7089],[22.2328,-10.7218]],[[-46.5508,-11.4712],[-46.5355,-11.4702]],[[-46.5847,-11.376],[-46.5705,-11.3708]],[[-119.8538,44.4922],[-119.8344,44.4936]],[[46.7576,34.3168],[46.7775,34.3276]],[[-93.3376,30.8229],[-93.3378,30.8379]],[[-95.4796,36.2999],[-95.4797,36.2856]],[[-80.9965,26.3271],[-80.9795,26.3253]],[[-82.6532,31.8907],[-82.6428,31.8799]],[[-98.9912,34.3611],[-98.9772,34.3495]],[[-98.9913,34.3441],[-98.9772,34.3557]],[[-99.0545,34.9838],[-99.0544,34.9989]],[[-99.7765,36.2888],[-99.7765,36.3027]],[[-94.8626,33.9031],[-94.8561,33.9157]],[[-95.0135,36.5535],[-95.0136,36.5392]],[[-95.9486,35.6611],[-95.9485,35.6752]],[[-45.878,-11.9402],[-45.8653,-11.934]],[[33.4567,-8.9151],[33.4688,-8.9226]],[[33.2591,-8.92],[33.289,-8.92]],[[111.0455,59.8675],[111.0455,59.8962]],[[7.8369,30.3432],[7.8333,30.3299]],[[52.7774,31.0384],[52.7945,31.028]],[[50.5258,26.0197],[50.5233,26.0496]],[[126.393,-8.4774],[126.4056,-8.4936]],[[72.8761,19.0888],[72.8492,19.0884]],[[-72.2283,52.7251],[-72.2135,52.7362]],[[144.5918,-20.8863],[144.5902,-20.8726]],[[-80.4344,27.0319],[-80.4467,27.0424]],[[19.7369,46.9243],[19.7635,46.9127]],[[-157.3626,61.7916],[-157.3375,61.7845]],[[107.5667,-6.8974],[107.5857,-6.9039]],[[29.5881,3.1305],[29.5927,3.147]],[[-119.0033,38.6036],[-119.0002,38.6188]],[[11.0654,42.7506],[11.0805,42.7691]],[[-81.6006,32.64],[-81.5871,32.6505]],[[-81.6044,32.6511],[-81.5952,32.6399]],[[-101.8059,24.6325],[-101.7872,24.6381]],[[135.0065,-15.1238],[135.0146,-15.1349]],[[49.1094,11.2692],[49.0919,11.2672]],[[-82.4018,31.712],[-82.3857,31.7157]],[[172.7398,-41.7554],[172.754,-41.7639]],[[-82.529,27.9643],[-82.5282,27.9871]],[[122.9412,-33.7881],[122.9538,-33.7985]],[[13.0012,-5.7971],[12.9914,-5.8124]],[[-3.3556,51.4005],[-3.3302,51.3924]],[[127.014,37.0913],[127.0447,37.0938]],[[-97.8748,55.7964],[-97.8501,55.8041]],[[20.7933,-6.4353],[20.7992,-6.4483]],[[105.7733,33.7887],[105.8045,33.7911]],[[-91.7611,30.6167],[-91.7789,30.6167]],[[113.2819,29.301],[113.2817,29.3245]],[[-76.2891,24.7843],[-76.3078,24.789]],[[-80.7618,27.354],[-80.7616,27.3682]],[[-73.1103,5.7583],[-73.1012,5.7706]],[[-67.4631,48.8539],[-67.4415,48.8587]],[[2.118,28.0776],[2.1382,28.0771]],[[133.4385,-17.3448],[133.4409,-17.3256]],[[106.4372,27.9503],[106.4339,27.9745]],[[-87.8149,33.716],[-87.8156,33.7023]],[[9.311,6.6227],[9.3269,6.6201]],[[-157.9459,21.3068],[-157.9106,21.3068]],[[79.0523,21.0858],[79.0339,21.109]],[[9.8773,57.0946],[9.8354,57.0919]],[[9.8769,57.0965],[9.8334,57.0937]],[[-17.4811,14.7575],[-17.4769,14.7263]],[[-85.4666,32.2266],[-85.477,32.2161]],[[-78.3384,34.1119],[-78.3397,34.1275]],[[-78.3474,34.1239],[-78.3312,34.1314]],[[37.7898,32.3862],[37.7728,32.3863]],[[36.165,-0.303],[36.1534,-0.2933]],[[93.5347,19.4329],[93.5347,19.4123]],[[-8.1393,6.0559],[-8.1385,6.0402]],[[28.0657,-16.0348],[28.0761,-16.0451]],[[-131.1188,57.9186],[-131.1356,57.9083]],[[17.9453,63.6232],[17.927,63.6424]],[[18.7033,64.5557],[18.7266,64.5424]],[[63.5473,38.9418],[63.5806,38.9196]],[[-66.4706,-14.2922],[-66.4636,-14.3058]],[[-66.4332,-14.2531],[-66.4242,-14.2714]],[[-58.1702,-18.1922],[-58.169,-18.2072]],[[20.2693,63.7985],[20.2995,63.7835]],[[19.0054,63.4045],[18.9711,63.414]],[[15.4999,60.4291],[15.5309,60.4151]],[[-96.0867,65.0291],[-96.0551,65.021]],[[-109.3015,34.1387],[-109.3208,34.122]],[[-82.3778,32.982],[-82.3919,32.9899]],[[-48.8254,-23.9199],[-48.8112,-23.9248]],[[-96.5884,33.1867],[-96.5892,33.1675]],[[-87.3801,32.4977],[-87.3896,32.5239]],[[9.2883,55.2156],[9.2433,55.2227]],[[19.6808,-4.4441],[19.6672,-4.4494]],[[135.6241,70.0064],[135.6632,70.0155]],[[136.1682,71.4382],[136.2147,71.4374]],[[36.1206,4.8053],[36.1327,4.7958]],[[6.6521,6.2085],[6.6812,6.199]],[[28.7074,41.2648],[28.7067,41.2986]],[[39.2265,-6.2381],[39.2238,-6.211]],[[11.0241,1.6903],[11.0256,1.6633]],[[101.6809,2.7332],[101.6974,2.7085]],[[-105.2201,37.8458],[-105.2049,37.838]],[[-76.4895,-8.3516],[-76.4891,-8.3357]],[[119.7462,5.0566],[119.7409,5.0407]],[[-58.6227,-19.8096],[-58.6192,-19.7895]],[[-59.9823,-19.2974],[-59.9798,-19.311]],[[120.3056,-9.6759],[120.2975,-9.6612]],[[-38.623,-6.8822],[-38.6087,-6.8831]],[[26.5878,60.4881],[26.5979,60.473]],[[13.1802,51.9031],[13.215,51.8995]],[[-60.5474,-22.1374],[-60.5473,-22.1174]],[[-59.3024,-19.9701],[-59.3023,-19.9836]],[[-111.4461,36.9167],[-111.4496,36.9328]],[[72.0731,71.2195],[72.0045,71.2096]],[[-93.4767,30.4474],[-93.4706,30.4348]],[[-104.0635,35.6944],[-104.0609,35.7099]],[[9.3302,0.8983],[9.3305,0.926]],[[27.1527,38.3066],[27.1601,38.2817]],[[-62.1004,56.3438],[-62.0758,56.3453]],[[23.2318,42.3078],[23.2605,42.3146]],[[-151.7555,68.1279],[-151.7312,68.1394]],[[15.9309,-0.5163],[15.944,-0.5318]],[[27.6774,37.143],[27.6615,37.1372]],[[-53.3038,-21.6458],[-53.3175,-21.6407]],[[130.7728,-0.4324],[130.7741,-0.4173]],[[88.5922,27.2397],[88.5849,27.2259]],[[120.5932,-27.6216],[120.5957,-27.6037]],[[-100.1574,28.6213],[-100.166,28.6343]],[[-97.6183,28.6198],[-97.5948,28.6125]],[[9.3134,11.8026],[9.2889,11.7878]],[[9.7466,10.4678],[9.7413,10.498]],[[23.8459,43.4462],[23.8689,43.4529]],[[-100.616,29.2279],[-100.6163,29.2135]],[[108.1743,-6.6577],[108.1569,-6.637]],[[134.0485,-0.8802],[134.0491,-0.9009]],[[-72.4053,45.8374],[-72.39,45.8498]],[[-113.9043,44.6122],[-113.8856,44.6086]],[[-9.6879,31.41],[-9.678,31.3882]],[[43.2408,3.8259],[43.2555,3.8317]],[[-108.4234,55.8462],[-108.4044,55.8377]],[[-128.8367,60.119],[-128.8082,60.1139]],[[-81.5158,43.2835],[-81.497,43.283]],[[-145.7313,63.8352],[-145.7376,63.8202]],[[-106.8458,34.6518],[-106.8334,34.6416]],[[-106.8847,36.8182],[-106.8838,36.8388]],[[-106.2315,34.5336],[-106.2147,34.5336]],[[-105.684,36.4564],[-105.6636,36.4384]],[[-67.6094,-46.3779],[-67.5805,-46.371]],[[120.0235,-22.5816],[120.0478,-22.5816]],[[51.0602,56.1647],[51.0795,56.1759]],[[-49.3881,-3.4636],[-49.3773,-3.4516]],[[-60.4096,-19.4222],[-60.4097,-19.4399]],[[-65.1489,-12.4874],[-65.1346,-12.4907]],[[26.9962,39.5445],[27.0242,39.5603]],[[-45.0979,-2.4744],[-45.1124,-2.4804]],[[111.5317,-66.6894],[111.4399,-66.6894]],[[-139.0284,61.3664],[-139.0514,61.3749]],[[-137.5304,60.7924],[-137.5607,60.7868]],[[169.3157,9.825],[169.3009,9.8216]],[[148.777,-29.4848],[148.7895,-29.476]],[[131.8617,-14.8761],[131.8462,-14.8657]],[[138.8489,-32.9971],[138.8487,-33.011]],[[-59.3857,-15.1859],[-59.3839,-15.2003]],[[-55.8743,-23.7448],[-55.8779,-23.7585]],[[107.9547,25.4393],[107.9683,25.46]],[[129.9851,-23.671],[129.9668,-23.6701]],[[15.071,-10.4862],[15.0831,-10.4953]],[[107.7031,24.8121],[107.7181,24.7977]],[[-56.4863,-17.5652],[-56.4745,-17.5734]],[[-55.0012,-18.0187],[-54.9972,-18.0319]],[[-63.8823,-13.6005],[-63.8758,-13.6127]],[[30.8911,30.1241],[30.9004,30.0922]],[[102.9108,-3.2997],[102.9177,-3.2781]],[[-79.9578,22.4889],[-79.9294,22.4955]],[[-110.1228,34.4456],[-110.1069,34.4603]],[[-82.5413,27.9935],[-82.5424,27.9633]],[[10.6704,-3.4545],[10.6828,-3.4623]],[[3.0226,20.0006],[3.0219,19.9844]],[[100.37,0.8392],[100.3703,0.8529]],[[13.7785,51.142],[13.7547,51.1247]],[[147.5021,-42.829],[147.5246,-42.8456]],[[-22.655,63.985],[-22.5925,63.985]],[[37.2576,55.5866],[37.2769,55.6118]],[[50.6508,26.2589],[50.6295,26.2712]],[[149.8385,-31.3188],[149.841,-31.3049]],[[90.7509,27.5579],[90.7405,27.57]],[[141.1659,-33.2079],[141.1865,-33.2062]],[[-67.6318,46.433],[-67.6241,46.4193]],[[48.6618,31.578],[48.6798,31.5681]],[[49.262,32.0081],[49.2749,31.9962]],[[153.1182,-27.4028],[153.1343,-27.3747]],[[-104.6332,28.9394],[-104.6544,28.9397]],[[110.6578,27.9247],[110.6688,27.9415]],[[127.4991,39.1521],[127.4773,39.1786]],[[-87.9985,34.1093],[-87.998,34.1245]],[[-97.4414,32.7857],[-97.4415,32.7707]],[[-123.1821,49.1842],[-123.2009,49.1999]],[[-68.211,-16.5127],[-68.1735,-16.5139]],[[38.8135,8.9811],[38.7867,8.9732]],[[38.8115,8.9824],[38.7845,8.9746]],[[-39.296,-14.8139],[-39.2843,-14.8064]],[[35.5038,33.8278],[35.4801,33.7972]],[[35.4889,33.8093],[35.487,33.8384]],[[35.4874,33.8094],[35.4786,33.8411]],[[-157.9233,21.3183],[-157.907,21.3299]],[[19.1225,17.9241],[19.1,17.9109]],[[10.4429,24.4154],[10.4321,24.4376]],[[-159.8156,-21.2026],[-159.7954,-21.2026]],[[-54.479,-25.6023],[-54.5001,-25.5859]],[[-115.1576,36.0977],[-115.1704,36.0753]],[[-105.6636,36.463],[-105.6802,36.454]],[[-5.8742,37.418],[-5.912,37.4179]],[[30.9038,50.3246],[30.9065,50.3605]],[[90.8917,29.2978],[90.9327,29.2984]],[[-4.4491,55.8635],[-4.4218,55.8781]],[[-106.4495,42.909],[-106.4819,42.9085]],[[-108.4535,44.914],[-108.4342,44.9102]],[[-97.9267,24.7797],[-97.9319,24.7932]],[[132.6459,47.1172],[132.6693,47.0999]],[[135.3962,-3.413],[135.3918,-3.3908]],[[-63.8424,46.4317],[-63.8245,46.4493]],[[-63.8194,46.4429],[-63.8396,46.4442]],[[-57.3128,-23.6486],[-57.3151,-23.6337]],[[-117.8538,42.7793],[-117.8387,42.792]],[[-117.8582,42.7861],[-117.8412,42.7807]],[[112.7467,42.2104],[112.7707,42.2316]],[[118.3695,24.563],[118.3377,24.5447]],[[-60.1732,-22.0154],[-60.1733,-22.0015]],[[123.0058,45.4989],[123.0337,45.5117]],[[13.1812,56.0865],[13.2104,56.0793]],[[23.0982,67.2398],[23.0512,67.2495]],[[-70.7808,-34.179],[-70.7707,-34.1674]],[[106.028,31.4923],[106.0415,31.513]],[[112.6263,26.7313],[112.6099,26.7131]],[[-60.7588,-23.2465],[-60.7588,-23.2611]],[[-60.7397,-23.1328],[-60.7396,-23.1497]],[[102.1728,-1.5351],[102.1881,-1.5464]],[[-77.542,34.5206],[-77.5424,34.5344]],[[19.2562,65.5986],[19.2988,65.5847]],[[-107.8938,33.5853],[-107.9032,33.5718]],[[-71.6485,21.2968],[-71.6338,21.3044]],[[15.8093,57.5296],[15.8385,57.5219]],[[-60.8247,-21.8612],[-60.8247,-21.8758]],[[2.5072,21.0568],[2.5071,21.0742]],[[43.3962,44.085],[43.4167,44.0851]],[[21.2674,65.3899],[21.2549,65.4074]],[[-67.0766,-17.9737],[-67.075,-17.9376]],[[-60.9238,-21.2199],[-60.9241,-21.2365]],[[101.5388,39.233],[101.5601,39.2175]],[[51.3337,35.6846],[51.3036,35.6933]],[[51.3079,35.6899],[51.3337,35.6824]],[[-60.9966,-20.5104],[-60.9903,-20.523]],[[-60.879,-20.5321],[-60.8788,-20.5179]],[[129.4059,37.0717],[129.4119,37.0497]],[[-70.337,-53.2499],[-70.3017,-53.2576]],[[14.6758,-17.212],[14.6829,-17.2003]],[[-100.1142,29.4694],[-100.1144,29.4535]],[[39.2697,7.0168],[39.277,7.03]],[[48.3729,36.7656],[48.3441,36.7828]],[[54.437,28.7228],[54.454,28.7188]],[[48.4104,32.4196],[48.3902,32.4405]],[[-65.3853,-10.8818],[-65.3766,-10.8953]],[[-92.0814,29.9694],[-92.0871,29.9822]],[[-93.3076,31.9835],[-93.3076,31.9971]],[[-93.7664,32.0659],[-93.7648,32.0796]],[[-93.3003,32.6395],[-93.2958,32.6526]],[[-89.616,-0.9183],[-89.6191,-0.9017]],[[-91.8867,30.0486],[-91.881,30.0264]],[[-93.3801,30.1374],[-93.3723,30.1255]],[[35.0399,11.1324],[35.0485,11.1203]],[[150.3247,-9.3094],[150.3134,-9.2976]],[[-46.1818,-14.1473],[-46.165,-14.1481]],[[106.63,31.7338],[106.6561,31.742]],[[-98.484,26.8223],[-98.4746,26.8082]],[[102.2849,6.1682],[102.3062,6.1646]],[[-117.1726,59.6239],[-117.1662,59.6374]],[[-105.1743,33.3368],[-105.172,33.3532]],[[8.0089,16.9521],[8.0272,16.9591]],[[-69.4495,-30.6712],[-69.4291,-30.6689]],[[156.7345,57.0928],[156.7407,57.108]],[[46.9846,6.4687],[47.0038,6.4751]],[[51.8389,32.7447],[51.8848,32.753]],[[51.8837,32.757],[51.8378,32.7487]],[[-68.2314,-21.2231],[-68.2464,-21.2219]],[[46.6043,4.5896],[46.6141,4.6002]],[[-60.673,-23.5934],[-60.6726,-23.6071]],[[-63.8148,-14.2298],[-63.8067,-14.2411]],[[-86.6677,36.1127],[-86.6593,36.1336]],[[80.1797,12.9948],[80.164,13.0029]],[[-50.6767,-10.3637],[-50.6767,-10.3474]],[[69.0412,34.1629],[69.0301,34.1813]],[[29.3684,-13.8779],[29.3808,-13.8844]],[[-45.7579,-10.5935],[-45.7441,-10.5917]],[[33.2582,35.2766],[33.2783,35.2754]],[[29.6437,-13.6108],[29.6397,-13.6245]],[[-57.9029,-13.6205],[-57.8991,-13.635]],[[110.917,32.5851],[110.8952,32.6011]],[[-46.1945,-12.5321],[-46.1807,-12.5249]],[[-46.1569,-12.5224],[-46.1441,-12.5158]],[[113.8182,22.6256],[113.8032,22.653]],[[143.4804,-29.2844],[143.4967,-29.2813]],[[-80.2724,40.5024],[-80.2335,40.5014]],[[69.0757,33.9306],[69.0796,33.9158]],[[-66.4116,-20.8036],[-66.3906,-20.8132]],[[-162.6559,55.1797],[-162.6373,55.1709]],[[-85.4987,30.0284],[-85.4984,30.0119]],[[64.5908,41.7615],[64.6145,41.7633]],[[-64.5528,48.3871],[-64.5718,48.3808]],[[-65.4712,48.0746],[-65.4491,48.0677]],[[3.3291,6.5723],[3.3289,6.597]],[[3.3131,6.5878],[3.3136,6.5526]],[[29.6672,6.8214],[29.6705,6.8382]],[[-66.0482,5.3195],[-66.0514,5.3062]],[[-65.3484,4.8035],[-65.3308,4.8046]],[[-67.6977,4.0459],[-67.7045,4.0577]],[[-62.3177,10.5666],[-62.3078,10.5817]],[[-63.1019,8.8261],[-63.0879,8.8302]],[[29.5058,-13.709],[29.5162,-13.6995]],[[29.3315,-13.755],[29.3463,-13.7566]],[[31.8382,30.0882],[31.8283,30.0566]],[[117.4331,2.1577],[117.4284,2.1379]],[[38.9698,5.6902],[38.9827,5.6943]],[[-103.308,46.1715],[-103.2935,46.1596]],[[-65.5631,8.2459],[-65.5468,8.2452]],[[-65.9999,9.22],[-65.9868,9.2241]],[[-67.9967,9.4754],[-67.984,9.4829]],[[-67.8137,7.5109],[-67.7997,7.5146]],[[-65.8284,6.4398],[-65.8317,6.4569]],[[120.6547,-1.4211],[120.6638,-1.4071]],[[27.0268,30.7265],[27.011,30.7377]],[[18.4976,27.5479],[18.4995,27.5613]],[[18.5557,27.5967],[18.5569,27.6148]],[[52.6566,32.7384],[52.6785,32.7469]],[[36.8868,0.356],[36.9009,0.3499]],[[37.0187,0.0129],[37.0306,0.0468]],[[-61.5854,66.5978],[-61.5663,66.5853]],[[-88.457,38.6583],[-88.4484,38.6702]],[[-61.9123,7.4722],[-61.9031,7.4834]],[[-61.5413,7.2443],[-61.5162,7.2545]],[[-58.4105,-20.7542],[-58.4107,-20.769]],[[-88.5075,44.2533],[-88.5297,44.2612]],[[-88.5262,44.2489],[-88.5128,44.2686]],[[-74.2132,44.3803],[-74.199,44.3949]],[[92.9699,24.9077],[92.9887,24.9189]],[[-49.1632,-13.3999],[-49.1537,-13.4097]],[[137.8522,-32.5292],[137.863,-32.5462]],[[-71.0841,10.0082],[-71.0839,9.9929]],[[-71.6874,8.622],[-71.6583,8.6262]],[[64.2249,31.8557],[64.2214,31.8396]],[[-78.7794,35.8792],[-78.7973,35.8647]],[[25.4317,-12.2524],[25.4569,-12.2547]],[[-72.2259,8.5972],[-72.2262,8.6134]],[[-72.797,9.5781],[-72.7789,9.5858]],[[26.1213,-21.1834],[26.1357,-21.1819]],[[29.1265,-13.7631],[29.1358,-13.75]],[[117.1339,-33.7559],[117.1392,-33.7687]],[[15.4206,78.2487],[15.5112,78.2436]],[[-124.937,49.3259],[-124.9222,49.3162]],[[10.044,-2.7831],[10.0576,-2.7918]],[[179.2879,63.0145],[179.2993,63.028]],[[148.359,-22.6167],[148.3675,-22.6283]],[[29.2904,-13.7797],[29.3045,-13.7802]],[[-45.9294,-21.4247],[-45.935,-21.4381]],[[-77.6565,0.8637],[-77.6785,0.8593]],[[27.4911,-24.2406],[27.4925,-24.2548]],[[106.8428,47.6429],[106.7969,47.651]],[[-60.3591,3.1504],[-60.3393,3.1485]],[[110.6351,26.7958],[110.6473,26.8165]],[[-5.1993,31.0944],[-5.1855,31.103]],[[-87.3221,33.9022],[-87.3056,33.9018]],[[-85.6182,34.0865],[-85.602,34.0934]],[[-63.544,8.1176],[-63.5303,8.1268]],[[-89.7868,34.9706],[-89.7869,34.9869]],[[97.0937,30.5712],[97.1236,30.5399]],[[-77.8103,49.7665],[-77.7951,49.7571]],[[-61.378,45.6566],[-61.3586,45.6565]],[[-49.1471,-11.809],[-49.1619,-11.8156]],[[-6.4061,30.3786],[-6.3865,30.3738]],[[-113.0531,34.9841],[-113.031,34.984]],[[45.532,27.1697],[45.5349,27.156]],[[47.1964,27.6848],[47.1854,27.6961]],[[96.0617,17.12],[96.0845,17.1187]],[[51.3039,25.135],[51.3178,25.1036]],[[142.8736,-6.0493],[142.8773,-6.0654]],[[-119.2923,76.2388],[-119.3513,76.2394]],[[-6.1411,31.2265],[-6.1371,31.2134]],[[-6.1453,31.2123],[-6.137,31.2264]],[[74.8056,26.5855],[74.8213,26.5975]],[[-51.5797,-21.0732],[-51.5891,-21.084]],[[22.0014,50.1102],[22.0463,50.1096]],[[3.3409,34.6724],[3.3563,34.6623]],[[-5.8316,28.871],[-5.8075,28.8881]],[[75.7993,26.823],[75.8333,26.8262]],[[-154.9139,59.7494],[-154.9096,59.7629]],[[-154.9247,59.7519],[-154.896,59.7513]],[[126.7174,26.3718],[126.7102,26.3551]],[[115.1096,-21.6788],[115.1187,-21.6639]],[[15.7673,-19.5503],[15.7824,-19.5427]],[[119.278,-25.5586],[119.297,-25.5582]],[[-71.147,-40.0782],[-71.1237,-40.0711]],[[100.738,25.4568],[100.7309,25.4324]],[[-62.2157,8.7205],[-62.2358,8.7174]],[[-112.2894,42.1773],[-112.2894,42.1636]],[[-59.0422,-22.6674],[-59.0377,-22.6544]],[[-13.5996,28.9551],[-13.6104,28.9365]],[[-59.9325,43.9278],[-59.9654,43.9287]],[[19.2502,47.4305],[19.2208,47.4487]],[[19.2576,47.4454],[19.2938,47.423]],[[82.5089,50.0282],[82.4798,50.0443]],[[-1.52,12.3417],[-1.5048,12.3645]],[[10.5976,56.3055],[10.6405,56.3012]],[[-54.2377,-21.5588],[-54.2306,-21.547]],[[-59.594,-22.7914],[-59.5897,-22.8069]],[[-58.1945,-20.6976],[-58.1945,-20.6839]],[[0.2513,28.1464],[0.2391,28.137]],[[-77.5298,-7.9148],[-77.5202,-7.9269]],[[120.0932,36.3813],[120.1054,36.3503]],[[120.0717,36.371],[120.0838,36.3401]],[[-76.1098,-5.8943],[-76.1268,-5.8929]],[[-90.7242,17.4299],[-90.7366,17.4163]],[[89.291,29.3543],[89.2606,29.3453]],[[-90.8266,35.1132],[-90.8264,35.1269]],[[36.5501,5.7567],[36.5694,5.7432]],[[-64.8684,-14.271],[-64.8761,-14.2535]],[[-61.8482,-21.1363],[-61.8483,-21.1513]],[[-143.6734,70.1131],[-143.6337,70.1131]],[[-61.5256,4.5698],[-61.5114,4.5709]],[[-63.4802,-14.2997],[-63.4653,-14.3062]],[[-63.4913,-14.4079],[-63.4865,-14.4293]],[[13.3655,-3.6863],[13.3837,-3.6869]],[[-88.0075,33.3801],[-88.0056,33.3938]],[[13.2774,-4.2227],[13.2972,-4.2227]],[[-58.6417,-21.0251],[-58.6416,-21.042]],[[-105.5603,37.4042],[-105.5461,37.4168]],[[-104.5746,38.9534],[-104.5676,38.938]],[[36.633,28.3627],[36.6635,28.3753]],[[38.0842,38.4303],[38.0988,38.449]],[[100.3188,34.4094],[100.2821,34.4275]],[[-57.8275,-22.4723],[-57.8301,-22.4863]],[[76.9504,17.3073],[76.9801,17.309]],[[29.8094,-7.7086],[29.8102,-7.7247]],[[-81.2128,29.4703],[-81.1961,29.4663]],[[-83.8568,33.6331],[-83.8365,33.6314]],[[-83.1226,34.3426],[-83.1389,34.3382]],[[-43.8287,-16.7058],[-43.8093,-16.708]],[[-82.826,34.0965],[-82.8093,34.0944]],[[44.3528,48.7857],[44.3128,48.773]],[[-83.1464,33.5947],[-83.13,33.6013]],[[-81.8916,31.5553],[-81.8735,31.5527]],[[-82.0734,32.3737],[-82.09,32.3743]],[[-82.8453,32.9702],[-82.8303,32.9628]],[[-114.7762,42.9164],[-114.7564,42.9178]],[[-115.5373,43.5008],[-115.5568,43.496]],[[-114.1862,48.1099],[-114.186,48.1242]],[[116.1611,-3.2877],[116.1665,-3.3015]],[[-88.4584,33.6553],[-88.4305,33.632]],[[-93.6749,38.36],[-93.6755,38.3463]],[[37.732,0.8584],[37.7356,0.8761]],[[-88.5594,37.809],[-88.544,37.8152]],[[-62.1901,-21.6214],[-62.1901,-21.6068]],[[31.588,4.8831],[31.6094,4.865]],[[-111.9098,33.2365],[-111.8973,33.2468]],[[102.183,-5.302],[102.1957,-5.309]],[[-90.8043,39.9773],[-90.804,39.9935]],[[-87.643,39.0162],[-87.661,39.0167]],[[29.1847,-7.3194],[29.1678,-7.328]],[[33.7869,27.1928],[33.7968,27.159]],[[28.7277,41.2619],[28.727,41.2988]],[[28.7099,41.2649],[28.7092,41.2986]],[[12.4884,26.5948],[12.4939,26.6086]],[[-106.6996,45.8547],[-106.719,45.851]],[[109.2256,12.0077],[109.2165,11.9817]],[[139.4717,-4.8587],[139.4934,-4.8525]],[[22.3458,-10.7642],[22.339,-10.7493]],[[24.7849,2.8153],[24.803,2.8209]],[[30.207,1.5672],[30.2285,1.5649]],[[-122.3801,37.6077],[-122.3671,37.6273]],[[-122.3706,37.6265],[-122.3819,37.6095]],[[-111.254,65.7506],[-111.2446,65.767]],[[-113.2398,35.5301],[-113.2552,35.5243]],[[107.4078,21.1058],[107.4229,21.135]],[[40.7217,25.9308],[40.7008,25.9453]],[[-110.6279,34.6113],[-110.6279,34.6257]],[[62.7832,35.9478],[62.8048,35.9446]],[[-44.8852,-8.0253],[-44.9022,-8.0218]],[[66.9028,32.1408],[66.895,32.1273]],[[-112.5061,34.9317],[-112.5234,34.9315]],[[-111.7946,34.8437],[-111.7823,34.8535]],[[116.4264,39.5028],[116.4315,39.4702]],[[-111.1384,45.7716],[-111.1521,45.7815]],[[-49.0449,-25.4181],[-49.047,-25.4034]],[[-0.0099,43.1716],[0.0001,43.1913]],[[162.0198,57.9405],[162.0216,57.9192]],[[-42.6101,-16.2201],[-42.6177,-16.235]],[[51.2934,23.8601],[51.3025,23.871]],[[52.0627,22.7229],[52.0792,22.736]],[[54.3197,22.1769],[54.3002,22.1819]],[[-71.681,19.5636],[-71.6655,19.5683]],[[-63.7309,-8.7686],[-63.7373,-8.7806]],[[-108.9469,35.0578],[-108.9282,35.0636]],[[116.1333,-27.0667],[116.1482,-27.0578]],[[116.6248,3.5801],[116.6143,3.5699]],[[-13.5749,10.3457],[-13.564,10.3554]],[[-65.8731,7.8882],[-65.8856,7.8944]],[[-3.5362,40.4736],[-3.5578,40.4949]],[[67.6643,26.7492],[67.6683,26.7331]],[[68.0274,25.2315],[68.0486,25.2548]],[[68.0466,25.2563],[68.0254,25.233]],[[13.8974,-1.1432],[13.9123,-1.1345]],[[33.3875,45.2297],[33.3643,45.2217]],[[-67.0221,7.576],[-67.0072,7.5756]],[[-62.8301,-25.7884],[-62.8265,-25.7752]],[[30.3497,59.6937],[30.3246,59.6754]],[[47.9464,27.4738],[47.9426,27.4574]],[[-112.0926,35.8447],[-112.0804,35.8628]],[[-112.0806,35.8607],[-112.0923,35.8496]],[[-112.0926,35.8498],[-112.0808,35.8609]],[[48.7731,28.0013],[48.7768,27.9857]],[[8.1008,4.8867],[8.0864,4.8575]],[[-111.5101,33.2541],[-111.5251,33.2614]],[[-120.3991,42.1538],[-120.399,42.1683]],[[-45.3794,-13.4758],[-45.3655,-13.4721]],[[73.8009,32.0874],[73.7786,32.0714]],[[-87.9316,41.9883],[-87.8902,41.9883]],[[38.0436,55.8897],[38.08,55.8723]],[[44.6211,43.79],[44.5777,43.79]],[[73.531,4.2086],[73.531,4.1852]],[[72.8783,2.6669],[72.8945,2.6654]],[[34.1457,61.875],[34.1642,61.8955]],[[28.8672,-11.1382],[28.8826,-11.1381]],[[32.8266,-5.0733],[32.8413,-5.0836]],[[32.8267,-5.0769],[32.8401,-5.0734]],[[31.5135,21.7985],[31.5304,21.8071]],[[33.7974,41.3246],[33.7943,41.3044]],[[-86.2888,39.7342],[-86.2704,39.7202]],[[126.6731,4.0174],[126.6733,4.0031]],[[-97.8094,68.668],[-97.7844,68.6575]],[[13.5547,7.3461],[13.5637,7.368]],[[97.7279,20.8758],[97.7439,20.9052]],[[83.0103,55.1049],[82.9971,55.0777]],[[113.2852,52.0286],[113.325,52.0239]],[[123.2015,-31.8415],[123.183,-31.8502]],[[147.1374,-28.7772],[147.1557,-28.7719]],[[4.4156,43.7684],[4.4172,43.7464]],[[50.5233,61.6007],[50.5186,61.5745]],[[64.0112,67.4874],[63.9677,67.4909]],[[-85.7662,14.8789],[-85.7795,14.8737]],[[121.6205,-0.8607],[121.6368,-0.8703]],[[7.6495,53.5456],[7.6853,53.5502]],[[142.7178,46.9008],[142.7171,46.8702]],[[-65.2322,10.9422],[-65.2236,10.9539]],[[-67.1796,6.5251],[-67.1679,6.5427]],[[97.6963,1.1666],[97.7124,1.166]],[[63.0156,25.9827],[63.0427,25.9857]],[[-106.3885,31.802],[-106.3597,31.8006]],[[-106.3998,31.8016],[-106.3702,31.8228]],[[30.1171,39.1204],[30.1433,39.1026]],[[-110.9213,63.5928],[-110.889,63.5942]],[[78.3985,53.3783],[78.4318,53.3876]],[[28.7252,41.2619],[28.7245,41.2988]],[[-63.2105,-20.7466],[-63.208,-20.7602]],[[116.3749,39.4659],[116.3694,39.5009]],[[-118.8757,55.1737],[-118.9032,55.1893]],[[-118.8994,55.1844],[-118.87,55.1845]],[[-66.3251,-13.785],[-66.3163,-13.7956]],[[-114.9558,53.2587],[-114.9637,53.2717]],[[-117.607,34.6253],[-117.5897,34.6255]],[[-77.0516,42.6259],[-77.0527,42.6409]],[[112.8328,25.7492],[112.8582,25.7578]],[[-114.0915,46.9161],[-114.1066,46.9248]],[[-40.9065,-14.9138],[-40.923,-14.902]],[[-95.7656,31.5739],[-95.7678,31.5598]],[[-45.8518,-10.7466],[-45.8386,-10.7513]],[[-45.4623,-10.5299],[-45.4458,-10.53]],[[-97.877,29.8918],[-97.8572,29.8924]],[[-82.9441,39.8034],[-82.9139,39.8263]],[[-82.942,39.8011],[-82.9114,39.8244]],[[39.4028,45.4438],[39.4361,45.4442]],[[47.6288,80.8067],[47.7089,80.7983]],[[-45.5623,-13.0859],[-45.5478,-13.0808]],[[-109.1979,31.0319],[-109.2101,31.0234]],[[140.8926,-21.8416],[140.8824,-21.8287]],[[-117.8301,34.9328],[-117.8572,34.9189]],[[-118.0451,34.8174],[-118.0996,34.8542]],[[-118.0652,34.8551],[-118.1049,34.8075]],[[-117.8525,34.9002],[-117.8194,34.9062]],[[-57.383,-11.545],[-57.3732,-11.5348]],[[5.5028,52.4466],[5.5256,52.4594]],[[42.126,31.9193],[42.1583,31.943]],[[-82.6883,27.9095],[-82.6907,27.9234]],[[-45.1333,-8.3684],[-45.1439,-8.3808]],[[-45.2523,-8.2526],[-45.2379,-8.253]],[[-71.6006,-48.281],[-71.5715,-48.2727]],[[-117.1845,32.7323],[-117.2022,32.7366]],[[55.5041,25.3388],[55.5331,25.3221]],[[77.1226,28.5586],[77.0849,28.5672]],[[52.6085,41.5549],[52.615,41.5398]],[[105.2247,-4.614],[105.2396,-4.609]],[[-58.7974,-13.3197],[-58.802,-13.3059]],[[-25.1734,36.9857],[-25.168,36.9586]],[[37.0582,-3.4301],[37.0906,-3.4287]],[[8.977,13.774],[8.9925,13.7855]],[[106.7371,20.8211],[106.7092,20.8128]],[[56.9565,30.2573],[56.9421,30.2887]],[[18.3253,-17.3099],[18.3452,-17.315]],[[-57.2545,-13.9443],[-57.2631,-13.9318]],[[-44.9021,-9.3025],[-44.8836,-9.3034]],[[-44.9893,-9.2775],[-44.9806,-9.2649]],[[-44.7872,-9.2561],[-44.8026,-9.2559]],[[103.9998,1.3224],[104.0141,1.3562]],[[35.3119,14.1287],[35.3113,14.1063]],[[38.6473,27.4328],[38.6573,27.4114]],[[-45.5801,-9.3391],[-45.566,-9.3327]],[[-70.5307,41.6631],[-70.511,41.6518]],[[12.2589,-17.3705],[12.2509,-17.3835]],[[47.6609,42.8068],[47.6439,42.8268]],[[-77.9433,-4.6138],[-77.9381,-4.6]],[[119.9043,-0.9064],[119.9135,-0.9271]],[[-123.007,49.0673],[-123.0209,49.0796]],[[-58.5785,-12.8978],[-58.5716,-12.8845]],[[103.0907,5.3698],[103.1125,5.392]],[[111.0905,23.3939],[111.1081,23.4124]],[[62.0523,30.972],[62.0692,30.955]],[[110.071,-7.9103],[110.0434,-7.9003]],[[44.9122,39.1971],[44.9453,39.1852]],[[-8.3856,39.4719],[-8.3597,39.4766]],[[35.2214,0.4009],[35.2521,0.4071]],[[15.5442,45.901],[15.5184,45.9007]],[[102.3578,32.5163],[102.3468,32.5468]],[[5.7773,50.9189],[5.76,50.9018]],[[85.4531,38.2248],[85.4762,38.243]],[[87.9969,38.9659],[88.0197,38.9836]],[[90.8286,38.2129],[90.8522,38.1853]],[[118.5938,2.2021],[118.6048,2.1927]],[[-75.6895,8.882],[-75.677,8.8877]],[[50.8219,30.3412],[50.8441,30.3279]],[[-149.5765,69.1595],[-149.5987,69.1481]],[[39.3859,15.6741],[39.3543,15.666]],[[38.8945,15.2841],[38.9214,15.2915]],[[38.9214,15.292],[38.9067,15.3]],[[70.986,30.1951],[70.9861,30.1815]],[[-78.8066,22.0193],[-78.7743,22.0341]],[[58.7625,53.4075],[58.7486,53.3788]],[[50.7908,34.9865],[50.8116,34.9795]],[[-119.6319,36.323],[-119.6235,36.3105]],[[24.4662,58.4138],[24.4851,58.4279]],[[47.1846,-19.0327],[47.1585,-19.0252]],[[-9.0222,38.8927],[-9.0378,38.8737]],[[43.0966,40.5557],[43.134,40.5692]],[[-76.2062,36.8881],[-76.1894,36.9054]],[[-8.8868,39.8423],[-8.8877,39.8202]],[[-28.4504,38.5534],[-28.4324,38.5552]],[[-96.1624,42.9933],[-96.1604,42.9783]],[[-103.8413,34.3134],[-103.8273,34.3235]],[[124.9204,6.9069],[124.9297,6.9186]],[[28.4342,-15.3292],[28.471,-15.3324]],[[82.3391,21.9483],[82.3559,21.9411]],[[115.9872,-3.4124],[116.0034,-3.4128]],[[122.7722,47.8782],[122.7656,47.8551]],[[43.1695,31.4227],[43.1982,31.4114]],[[-89.9729,35.0473],[-89.9724,35.023]],[[1.3774,43.5423],[1.3572,43.5491]],[[122.3515,40.5326],[122.3658,40.5522]],[[-116.6169,37.6805],[-116.631,37.6881]],[[29.5793,40.2594],[29.5454,40.2522]],[[41.643,38.7549],[41.6795,38.7407]],[[69.4562,42.3692],[69.4946,42.3609]],[[80.2217,26.9227],[80.254,26.9193]],[[162.9519,5.3525],[162.9649,5.3614]],[[124.5085,40.1603],[124.4896,40.1432]],[[-68.2534,12.1304],[-68.2798,12.1312]],[[36.7944,0.0473],[36.7972,0.0613]],[[-104.2499,22.1973],[-104.2407,22.1852]],[[26.9759,38.5307],[26.9786,38.504]],[[28.4112,12.7354],[28.4152,12.7486]],[[123.4573,7.8176],[123.4623,7.835]],[[-67.0761,1.9094],[-67.0796,1.9227]],[[121.2692,40.9261],[121.2852,40.9462]],[[34.9586,-15.6774],[34.9802,-15.6797]],[[-112.0933,33.687],[-112.0724,33.6882]],[[-147.8423,64.8264],[-147.883,64.8043]],[[-44.5627,-8.7089],[-44.5788,-8.7143]],[[-16.6809,81.5932],[-16.6775,81.61]],[[-9.4929,18.4344],[-9.4783,18.4323]],[[124.3281,-9.1989],[124.3481,-9.1978]],[[-147.8567,64.815],[-147.8312,64.8288]],[[-87.8975,42.9313],[-87.8934,42.9556]],[[-71.4479,42.9293],[-71.4298,42.9438]],[[-76.0627,38.8097],[-76.072,38.7974]],[[-83.1315,32.2078],[-83.1259,32.225]],[[-59.5071,13.071],[-59.4771,13.0783]],[[123.7649,9.5642],[123.7765,9.5836]],[[-101.7743,28.6881],[-101.7865,28.679]],[[-55.5167,-33.2508],[-55.5287,-33.2417]],[[-82.3932,22.9997],[-82.4249,22.9786]],[[3.1508,45.7848],[3.1873,45.7884]],[[-43.0037,-4.2627],[-42.9979,-4.2752]],[[-46.1758,-10.9516],[-46.1583,-10.9526]],[[-7.959,37.0134],[-7.9856,37.0172]],[[-4.3432,11.1508],[-4.3192,11.1688]],[[14.4404,46.2325],[14.4748,46.2149]],[[13.1314,-19.3796],[13.1345,-19.3942]],[[127.6323,26.2037],[127.6334,26.1787]],[[-92.1361,37.7359],[-92.1454,37.7474]],[[-55.6682,-12.4717],[-55.6762,-12.4862]],[[6.7025,0.3805],[6.7212,0.376]],[[132.2496,34.1585],[132.2444,34.1314]],[[-82.7713,-79.7505],[-82.8759,-79.7594]],[[33.7684,-13.7791],[33.7935,-13.7995]],[[53.0917,17.8597],[53.084,17.8449]],[[5.1825,5.621],[5.1956,5.6118]],[[-88.3169,18.5016],[-88.3367,18.5077]],[[-85.153,34.0194],[-85.1353,34.0176]],[[22.2535,-29.9313],[22.2326,-29.924]],[[28.6191,-9.653],[28.6184,-9.669]],[[-104.6958,38.8078],[-104.7153,38.8231]],[[103.2335,10.9273],[103.2201,10.9017]],[[56.2819,18.8586],[56.2724,18.8458]],[[56.2663,18.8643],[56.2957,18.8366]],[[28.7167,22.6016],[28.7116,22.5704]],[[68.9483,32.3315],[68.9304,32.3443]],[[-104.7901,41.1546],[-104.8189,41.1566]],[[-108.2391,36.7411],[-108.2178,36.7416]],[[-108.2415,36.7373],[-108.223,36.7443]],[[-111.7324,40.2302],[-111.7151,40.2107]],[[-81.7702,26.1576],[-81.7808,26.1478]],[[-106.6306,35.0222],[-106.6071,35.0417]],[[-108.5165,45.8021],[-108.5548,45.8127]],[[13.724,4.5581],[13.7278,4.5417]],[[12.6285,35.4994],[12.6083,35.4967]],[[-78.7407,42.9464],[-78.7224,42.9364]],[[-78.7403,42.9323],[-78.7207,42.9472]],[[-63.4706,45.4138],[-63.452,45.4179]],[[-63.4533,45.4149],[-63.467,45.4246]],[[-118.419,33.9337],[-118.3827,33.9374]],[[20.7177,-18.4409],[20.7346,-18.4411]],[[-81.8575,26.5911],[-81.87,26.5809]],[[-2.7065,51.3832],[-2.7335,51.3821]],[[35.2662,-1.0445],[35.2513,-1.0463]],[[-83.7951,41.5926],[-83.8305,41.5815]],[[-83.8023,41.5935],[-83.7943,41.5793]],[[58.4247,32.8458],[58.4253,32.8815]],[[60.3652,25.4457],[60.4031,25.4451]],[[60.395,25.4411],[60.3654,25.4415]],[[48.6201,35.1953],[48.6579,35.2139]],[[48.6942,35.1892],[48.6579,35.2139]],[[48.691,35.186],[48.6542,35.2111]],[[49.1423,30.5651],[49.1593,30.5492]],[[49.6684,30.7523],[49.6837,30.7384]],[[51.4679,35.6975],[51.4824,35.7084]],[[51.5457,32.9268],[51.5768,32.9328]],[[51.6794,32.6199],[51.7143,32.6224]],[[47.1434,34.3518],[47.1748,34.3392]],[[51.8192,32.4884],[51.8336,32.4821]],[[56.9586,30.2578],[56.9441,30.2894]],[[56.0368,30.3028],[56.0657,30.2926]],[[-90.2455,30.0031],[-90.2514,29.9845]],[[53.3214,24.2783],[53.3294,24.2656]],[[76.4582,18.4071],[76.4728,18.4185]],[[-64.6677,46.1262],[-64.6943,46.106]],[[-78.9315,33.6925],[-78.9251,33.667]],[[-86.6908,36.1378],[-86.6772,36.1274]],[[-86.6861,36.1187],[-86.6786,36.1377]],[[-103.2259,32.6787],[-103.2088,32.6931]],[[-103.2076,32.6822],[-103.2213,32.6939]],[[-56.4106,-25.5245],[-56.403,-25.5118]],[[-56.3573,-26.1756],[-56.3582,-26.1613]],[[2.3666,46.2143],[2.3612,46.231]],[[132.5366,44.32],[132.5598,44.3266]],[[73.6008,68.4581],[73.5931,68.4772]],[[-103.8932,30.1484],[-103.9058,30.1575]],[[-99.1861,27.4256],[-99.1858,27.4421]],[[-87.9279,41.9572],[-87.9003,41.9573]],[[-65.5322,3.1663],[-65.5492,3.1779]],[[0.7234,47.4218],[0.7317,47.4422]],[[2.6779,49.9693],[2.7101,49.971]],[[2.1009,43.9131],[2.1212,43.9133]],[[4.8996,43.9156],[4.9041,43.899]],[[-98.8863,28.0032],[-98.8794,27.991]],[[-100.2744,29.1881],[-100.2864,29.2007]],[[-98.6006,27.4141],[-98.6081,27.4292]],[[-98.7268,27.8508],[-98.7187,27.8363]],[[-103.2901,29.9192],[-103.2976,29.9313]],[[105.7601,2.966],[105.7461,2.9618]],[[-99.9896,28.8724],[-99.9953,28.8858]],[[45.293,2.0048],[45.315,2.0232]],[[-99.5628,28.134],[-99.5698,28.1471]],[[4.1599,48.7794],[4.2084,48.773]],[[40.0846,1.7437],[40.0985,1.7227]],[[40.8568,2.824],[40.8543,2.8053]],[[35.2905,46.873],[35.3143,46.8884]],[[-100.4632,29.1108],[-100.4813,29.1261]],[[33.842,31.0607],[33.8297,31.0858]],[[-99.5973,28.2481],[-99.6011,28.2615]],[[-99.5633,28.0645],[-99.5743,28.075]],[[47.3381,8.5647],[47.3522,8.5704]],[[-77.2935,1.387],[-77.2885,1.4059]],[[-105.4117,37.4589],[-105.4013,37.4698]],[[27.9154,-25.9483],[27.9369,-25.9304]],[[-99.7539,28.9142],[-99.7583,28.9277]],[[-99.2769,28.0686],[-99.2925,28.0792]],[[5.794,43.2478],[5.7766,43.2573]],[[12.3543,-16.7906],[12.3488,-16.7754]],[[-81.77,26.5265],[-81.7403,26.5458]],[[114.5267,0.8002],[114.5314,0.8139]],[[97.8677,3.3857],[97.8594,3.3978]],[[3.1895,43.9833],[3.1765,43.9953]],[[2.8767,42.7363],[2.8617,42.7541]],[[2.5593,34.9361],[2.5475,34.9254]],[[26.5713,-33.1346],[26.5932,-33.1323]],[[-65.6222,-39.2877],[-65.6055,-39.2926]],[[-1.8791,38.948],[-1.848,38.9489]],[[120.2466,-3.0892],[120.2429,-3.0748]],[[113.5955,22.1381],[113.5873,22.1606]],[[121.5654,25.0691],[121.5396,25.0701]],[[120.3364,22.5775],[120.3611,22.5767]],[[123.6689,13.1047],[123.6862,13.1204]],[[-6.7096,41.8504],[-6.7048,41.8652]],[[121.2793,-27.8803],[121.2632,-27.8676]],[[130.5509,-27.5561],[130.5526,-27.5425]],[[-110.9319,18.7675],[-110.9285,18.7816]],[[109.698,31.0617],[109.7204,31.0763]],[[17.9504,40.6556],[17.927,40.6747]],[[-114.8355,39.3093],[-114.8409,39.2924]],[[-114.8519,39.3034],[-114.8407,39.2928]],[[-117.1911,39.4631],[-117.2043,39.4757]],[[12.5839,46.0232],[12.609,46.039]],[[43.1136,40.5637],[43.133,40.5707]],[[13.0351,45.9736],[13.0633,45.9853]],[[13.4499,45.8279],[13.4859,45.8278]],[[12.6001,44.0268],[12.6262,44.0122]],[[33.4298,-19.1405],[33.4279,-19.1621]],[[24.947,12.0433],[24.9652,12.0636]],[[-81.0758,29.1734],[-81.0479,29.1847]],[[28.0332,53.9053],[28.0702,53.8803]],[[-60.6866,-27.5913],[-60.6866,-27.6074]],[[35.2858,27.9392],[35.3019,27.9084]],[[-104.8376,21.4287],[-104.8509,21.4036]],[[-69.3446,-32.5466],[-69.3483,-32.5292]],[[-78.1514,39.1487],[-78.1374,39.1383]],[[-79.1114,40.6319],[-79.0917,40.6302]],[[-79.567,44.4855],[-79.5454,44.4865]],[[149.837,-30.9354],[149.8531,-30.9376]],[[-117.2409,35.5213],[-117.2242,35.5246]],[[27.8348,-15.7756],[27.8498,-15.7738]],[[148.7029,-30.4913],[148.7202,-30.4906]],[[-45.9879,-14.257],[-45.9772,-14.2662]],[[40.5221,-12.9857],[40.5275,-13.0008]],[[-101.4714,31.1934],[-101.4743,31.207]],[[-46.0848,-13.192],[-46.0711,-13.1888]],[[21.4469,50.3223],[21.4793,50.3222]],[[99.5376,31.7642],[99.5765,31.748]],[[99.541,26.6527],[99.5476,26.6369]],[[140.0153,-5.2059],[140.0199,-5.2197]],[[-104.5242,39.7856],[-104.5242,39.7636]],[[0.2632,29.2291],[0.2889,29.2441]],[[-81.8565,41.4062],[-81.8421,41.4153]],[[-97.6876,32.0198],[-97.6679,32.0242]],[[153.0971,65.0072],[153.0953,64.9936]],[[-80.1508,44.4452],[-80.1677,44.4517]],[[-112.4272,34.6473],[-112.4113,34.6622]],[[106.4182,15.7122],[106.4052,15.7064]],[[-47.1541,-23.4276],[-47.1779,-23.426]],[[17.5189,-27.5079],[17.5339,-27.501]],[[-112.3764,33.5431],[-112.3984,33.5231]],[[-112.3679,33.5469],[-112.3899,33.5268]],[[-72.0709,-50.2813],[-72.0354,-50.2791]],[[6.452,30.5239],[6.4538,30.5061]],[[91.1373,79.5231],[91.0143,79.5359]],[[33.3955,69.0458],[33.4433,69.0195]],[[-111.8701,39.7452],[-111.87,39.7279]],[[43.6244,43.5084],[43.6487,43.5175]],[[123.6601,-10.1742],[123.6822,-10.1689]],[[-117.8738,33.6678],[-117.8651,33.6817]],[[-114.0603,36.827],[-114.0516,36.8392]],[[-77.9793,24.7255],[-77.9948,24.7257]],[[30.1672,-2.1276],[30.1959,-2.157]],[[25.5128,45.696],[25.5342,45.7164]],[[-49.9283,-22.2042],[-49.9246,-22.1894]],[[-105.4664,37.0633],[-105.4483,37.0774]],[[-111.7252,40.2086],[-111.7204,40.2264]],[[-100.7661,29.3519],[-100.7843,29.3682]],[[-100.7683,29.35],[-100.7877,29.3673]],[[101.1582,5.7928],[101.1429,5.7873]],[[179.2757,51.3798],[179.2365,51.3746]],[[179.3034,51.385],[179.3152,51.3732]],[[179.1362,51.4564],[179.1351,51.4329]],[[113.3965,39.9429],[113.4104,39.9338]],[[104.8455,21.7402],[104.8622,21.7252]],[[9.1714,22.5493],[9.2005,22.5493]],[[30.3769,50.4854],[30.3915,50.4721]],[[-38.4762,72.5797],[-38.3697,72.6127]],[[28.7194,50.1653],[28.7571,50.1524]],[[28.7188,50.1646],[28.7564,50.1516]],[[-40.0557,-11.9304],[-40.0454,-11.9407]],[[6.2151,4.9644],[6.1916,4.9509]],[[-63.0112,-40.867],[-62.9821,-40.8732]],[[-65.2557,-43.2064],[-65.285,-43.2145]],[[30.6679,46.4387],[30.6785,46.4141]],[[30.6943,46.4264],[30.6987,46.4126]],[[119.2318,-9.4074],[119.2525,-9.4107]],[[36.7412,46.8159],[36.7738,46.8141]],[[36.7413,46.8169],[36.7772,46.8148]],[[35.3082,47.8579],[35.3205,47.8776]],[[-100.7745,29.3536],[-100.7882,29.3658]],[[-99.4593,27.5563],[-99.4605,27.5337]],[[33.2097,48.0554],[33.2065,48.033]],[[-99.1726,29.3509],[-99.1847,29.3615]],[[149.1793,-28.6879],[149.1958,-28.6771]],[[112.0544,30.9782],[112.0527,30.9943]],[[36.2606,50.0183],[36.2741,50.0319]],[[33.489,49.1414],[33.4869,49.1264]],[[34.745,50.857],[34.7804,50.8596]],[[0.4664,52.3648],[0.5064,52.359]],[[44.1175,32.7637],[44.1404,32.7456]],[[14.7234,-15.6485],[14.7401,-15.6461]],[[141.7741,-17.9367],[141.7556,-17.9365]],[[-74.6427,4.2552],[-74.6569,4.2343]],[[34.9517,47.9033],[34.9579,47.9211]],[[-101.7541,35.0907],[-101.7541,35.0743]],[[-61.7812,-18.4021],[-61.7783,-18.4169]],[[-66.3422,47.9929],[-66.3186,47.989]],[[-70.6884,-33.1118],[-70.6794,-33.123]],[[17.3478,-21.7899],[17.3576,-21.7782]],[[109.4597,36.4929],[109.4685,36.4668]],[[38.302,36.6565],[38.3048,36.6406]],[[-65.7513,47.6285],[-65.7289,47.6306]],[[-98.0643,32.7874],[-98.0506,32.7757]],[[-79.2449,9.1478],[-79.2393,9.1351]],[[137.4413,-31.3156],[137.4454,-31.3016]],[[-89.6202,44.9171],[-89.6448,44.9304]],[[111.9382,-7.7375],[111.9554,-7.7618]],[[-103.2267,32.7708],[-103.2109,32.7841]],[[-102.8322,33.2123],[-102.8216,33.2227]],[[-103.315,34.3703],[-103.3341,34.3862]],[[-103.3319,34.3767],[-103.3085,34.3961]],[[105.4532,29.0264],[105.4843,29.0349]],[[-60.6394,-7.2405],[-60.6496,-7.2304]],[[-161.8293,60.7878],[-161.8436,60.7718]],[[-1.7046,55.034],[-1.6752,55.0418]],[[-104.0096,30.2966],[-103.9913,30.2774]],[[115.9592,-31.941],[115.9787,-31.9309]],[[-65.8807,45.3189],[-65.8952,45.3019]],[[-65.8995,45.3299],[-65.8825,45.3227]],[[-95.1638,29.5938],[-95.1644,29.6183]],[[-95.1456,29.614],[-95.163,29.5982]],[[-102.5464,36.031],[-102.5464,36.0136]],[[-102.5421,36.0279],[-102.5545,36.0178]],[[117.0855,50.2188],[117.117,50.2281]],[[-94.7293,39.2934],[-94.7208,39.3222]],[[-94.709,39.2815],[-94.7015,39.3069]],[[-94.7266,39.2909],[-94.6933,39.2881]],[[50.9992,28.9794],[50.9785,28.979]],[[-73.4143,40.7229],[-73.4146,40.738]],[[-60.6015,-18.1524],[-60.6042,-18.1388]],[[-112.5773,42.919],[-112.6008,42.9017]],[[41.7517,53.434],[41.7189,53.4447]],[[-65.1524,-19.2228],[-65.1458,-19.2548]],[[121.7213,-30.5777],[121.7075,-30.5693]],[[106.6446,-6.1139],[106.6697,-6.1038]],[[54.9883,24.5159],[54.9601,24.5387]],[[55.1537,24.87],[55.1667,24.8628]],[[35.0097,29.7114],[35.0186,29.743]],[[-122.9442,45.535],[-122.9595,45.5496]],[[44.642,32.9332],[44.6058,32.9521]],[[110.4472,19.9537],[110.4838,19.9539]],[[40.5063,36.7084],[40.5237,36.7064]],[[-77.5606,39.0851],[-77.5544,39.0708]],[[-109.1593,63.4314],[-109.1297,63.4392]],[[-117.6346,49.3033],[-117.6304,49.2892]],[[-65.7129,-19.5363],[-65.7351,-19.5504]],[[-79.6563,71.3748],[-79.5911,71.3636]],[[-84.4712,42.2579],[-84.4529,42.2636]],[[-62.1573,-38.7168],[-62.1497,-38.7373]],[[-54.9353,-22.2116],[-54.9208,-22.1951]],[[39.5183,13.4734],[39.5492,13.4614]],[[-52.4937,-18.8464],[-52.4827,-18.8319]],[[-64.6919,-21.5616],[-64.7132,-21.5479]],[[52.6262,27.4762],[52.5987,27.489]],[[73.4778,5.8241],[73.4616,5.813]],[[-82.5467,35.4464],[-82.5375,35.4259]],[[-57.8259,-18.9834],[-57.8152,-18.9673]],[[99.3619,23.2672],[99.3835,23.2841]],[[-59.519,-1.9969],[-59.5064,-1.9893]],[[-6.2806,53.4372],[-6.2449,53.4352]],[[-9.1439,38.7664],[-9.1336,38.7857]],[[123.9098,-21.7365],[123.9227,-21.7441]],[[-103.7593,48.2695],[-103.743,48.2522]],[[-88.6978,43.4274],[-88.7165,43.4249]],[[-14.3929,65.2909],[-14.4098,65.276]],[[51.2926,25.7414],[51.2926,25.771]],[[-90.4355,14.325],[-90.4328,14.3089]],[[-109.0822,41.5977],[-109.0468,41.5914]],[[1.3459,43.6441],[1.3721,43.619]],[[-68.7927,-32.8192],[-68.7931,-32.8443]],[[-69.317,6.1133],[-69.3041,6.119]],[[118.0693,50.0221],[118.0538,50.0421]],[[45.4802,2.8908],[45.4582,2.8819]],[[141.5694,-19.8617],[141.5547,-19.853]],[[30.3448,37.8619],[30.356,37.8515]],[[-74.5215,49.7797],[-74.5345,49.764]],[[92.8093,53.561],[92.8279,53.569]],[[90.5563,56.2683],[90.5954,56.2699]],[[47.9623,29.1899],[47.9414,29.2293]],[[-65.4386,47.0101],[-65.4757,47.0013]],[[-55.3955,-16.1979],[-55.4019,-16.2112]],[[48.2198,11.1758],[48.2071,11.1704]],[[40.9967,0.4073],[40.9955,0.3936]],[[42.7456,34.2031],[42.7227,34.2238]],[[-118.2452,39.2346],[-118.2354,39.2493]],[[68.5137,33.4871],[68.5364,33.4887]],[[-99.5189,18.2693],[-99.5028,18.2692]],[[-126.7512,56.9787],[-126.7314,56.9703]],[[-124.0749,56.2656],[-124.053,56.2758]],[[77.69,13.1897],[77.7269,13.1894]],[[32.3713,48.5616],[32.4043,48.5568]],[[-54.1195,-12.2737],[-54.1298,-12.2863]],[[124.5435,44.9215],[124.5606,44.9404]],[[99.4421,14.1216],[99.4538,14.1303]],[[-70.4438,-23.4343],[-70.4467,-23.4579]],[[-106.8261,34.6514],[-106.8403,34.6397]],[[-5.6461,-15.9519],[-5.6458,-15.9661]],[[124.5396,-29.1861],[124.5611,-29.1859]],[[7.5456,6.4713],[7.5723,6.4759]],[[131.0009,30.5999],[130.9823,30.6103]],[[130.6653,30.3805],[130.6531,30.3907]],[[22.681,48.3899],[22.6939,48.4087]],[[110.1132,22.4239],[110.1275,22.4431]],[[-52.8928,-20.1686],[-52.8987,-20.1555]],[[99.7734,22.4234],[99.7952,22.4118]],[[30.1954,48.8029],[30.22,48.7868]],[[-101.7768,23.8211],[-101.7923,23.8262]],[[127.7711,26.7318],[127.7603,26.7211]],[[133.3127,36.1748],[133.3345,36.182]],[[31.6765,49.1377],[31.6977,49.1373]],[[32.2851,48.5522],[32.2924,48.5384]],[[31.6011,48.638],[31.6299,48.6247]],[[116.1005,28.6858],[116.1152,28.7166]],[[32.4973,46.6666],[32.5151,46.6854]],[[31.2965,51.5522],[31.3179,51.5485]],[[5.3849,51.4594],[5.3641,51.4409]],[[-70.5153,-3.9132],[-70.5011,-3.9204]],[[-52.1035,-22.3822],[-52.1174,-22.3877]],[[44.0712,9.5055],[44.0989,9.5244]],[[-112.8617,32.4448],[-112.8616,32.4595]],[[-112.8665,32.4491],[-112.8542,32.4593]],[[7.9871,16.961],[8.0132,16.9711]],[[103.6245,10.5566],[103.6395,10.5846]],[[-6.4775,6.7847],[-6.4691,6.8006]],[[11.5507,3.7074],[11.556,3.7377]],[[-60.842,11.1504],[-60.8197,11.1488]],[[-0.1768,27.8481],[-0.1962,27.8273]],[[-46.8907,-17.2431],[-46.8754,-17.2423]],[[-56.2666,-11.6441],[-56.2602,-11.6319]],[[7.2032,5.4395],[7.2089,5.4148]],[[48.5188,5.3644],[48.5114,5.3499]],[[-87.7598,41.7907],[-87.7456,41.7806]],[[123.8048,-28.0387],[123.8242,-28.0307]],[[13.3545,9.335],[13.3852,9.3369]],[[28.4623,9.46],[28.4702,9.4763]],[[36.8315,7.6533],[36.8084,7.6693]],[[34.3401,4.2044],[34.3563,4.2038]],[[29.4008,9.9842],[29.3955,10.0028]],[[29.7881,9.2985],[29.7865,9.3188]],[[34.339,11.7726],[34.3348,11.7971]],[[24.6105,31.8279],[24.6009,31.842]],[[-12.4943,22.7567],[-12.4699,22.7581]],[[-8.7007,29.4792],[-8.6993,29.4954]],[[-8.0155,29.5414],[-8.0021,29.5687]],[[20.6813,-6.1504],[20.6683,-6.1413]],[[36.7405,33.6042],[36.7639,33.6137]],[[114.4343,36.5328],[114.4134,36.5166]],[[-86.767,40.7171],[-86.7666,40.7033]],[[64.5284,30.4865],[64.513,30.4999]],[[15.0432,12.1425],[15.0248,12.1249]],[[31.646,9.5526],[31.6586,9.5654]],[[20.7555,65.116],[20.7671,65.0989]],[[20.8304,13.848],[20.8561,13.8469]],[[-63.4051,-21.2615],[-63.4063,-21.248]],[[113.8824,22.3216],[113.914,22.3318]],[[42.6312,13.0796],[42.659,13.0637]],[[-10.3562,6.2439],[-10.3701,6.2209]],[[-46.1542,-13.7668],[-46.1405,-13.7695]],[[-49.0149,-16.4423],[-49.0093,-16.4561]],[[9.7076,4.0121],[9.7313,4.0001]],[[20.4546,19.0332],[20.4635,19.0442]],[[22.0838,28.7862],[22.0781,28.8049]],[[-9.5552,25.9803],[-9.5671,25.9978]],[[27.5167,-11.5974],[27.5447,-11.5853]],[[34.7108,-0.0957],[34.7356,-0.0823]],[[33.1146,26.5686],[33.131,26.5462]],[[80.0666,23.186],[80.0437,23.1731]],[[28.7567,41.2623],[28.7562,41.2897]],[[115.9686,43.923],[115.9521,43.9008]],[[119.3898,45.4904],[119.423,45.4843]],[[-10.754,6.2951],[-10.7636,6.2831]],[[40.3578,-22.351],[40.3436,-22.3475]],[[75.7869,22.7156],[75.8113,22.7261]],[[39.5917,-4.0395],[39.6065,-4.0131]],[[50.8508,28.9306],[50.8168,28.9575]],[[50.8231,28.9555],[50.8525,28.9322]],[[-52.2757,-14.8916],[-52.2817,-14.8772]],[[25.8216,-18.0921],[25.8522,-18.1027]],[[107.4688,-6.9005],[107.4823,-6.9066]],[[32.9192,-2.4378],[32.9509,-2.4535]],[[46.9468,-25.0446],[46.9608,-25.0347]],[[-67.7343,-53.7772],[-67.7647,-53.778]],[[31.7172,-26.3748],[31.717,-26.3431]],[[-65.2988,-19.0162],[-65.2794,-18.9982]],[[86.9226,47.6837],[86.942,47.6743]],[[-98.2461,26.1826],[-98.2326,26.1678]],[[51.5281,51.1443],[51.5597,51.1598]],[[71.4487,51.0114],[71.4838,51.0338]],[[-63.1623,9.7413],[-63.1463,9.7553]],[[11.8837,-4.8047],[11.8894,-4.8275]],[[-98.485,33.9809],[-98.4971,34.0062]],[[-97.7873,23.4748],[-97.7899,23.4888]],[[131.7798,34.6787],[131.8007,34.6741]],[[-98.1484,23.0486],[-98.1564,23.0363]],[[145.5373,-33.1765],[145.521,-33.1758]],[[145.5407,-33.1562],[145.5364,-33.1763]],[[-2.8215,38.5297],[-2.8435,38.5322]],[[134.5961,34.1347],[134.6225,34.1298]],[[145.2224,-29.3579],[145.2226,-29.3441]],[[173.8147,-35.4568],[173.8171,-35.4433]],[[127.0134,37.2281],[126.9957,37.2479]],[[138.5185,-34.9577],[138.54,-34.9429]],[[142.436,-3.1994],[142.4215,-3.1953]],[[112.4489,30.305],[112.4479,30.2804]],[[79.4226,43.5871],[79.4319,43.6094]],[[112.2886,32.1398],[112.2934,32.1629]],[[35.4788,38.7673],[35.5121,38.7735]],[[96.2454,52.4379],[96.2822,52.4175]],[[49.5828,27.3245],[49.5906,27.3128]],[[-52.139,-9.4565],[-52.1395,-9.4424]],[[-74.2308,11.1273],[-74.2305,11.1121]],[[4.9133,43.5378],[4.9346,43.5078]],[[-97.745,25.0651],[-97.7399,25.0498]],[[51.006,25.4515],[50.9933,25.4831]],[[50.9967,25.4842],[51.0094,25.4526]],[[145.3911,-30.321],[145.4059,-30.3144]],[[-57.5156,-25.2251],[-57.5227,-25.2546]],[[-51.164,-6.9097],[-51.1725,-6.898]],[[-104.5113,36.7342],[-104.4967,36.7514]],[[8.4953,26.5727],[8.4717,26.5746]],[[89.4966,46.8102],[89.5276,46.7981]],[[-58.5694,48.54],[-58.5303,48.5488]],[[-61.0475,-16.3891],[-61.0428,-16.4134]],[[-67.9022,-9.8744],[-67.8857,-9.8638]],[[106.802,26.5235],[106.8092,26.56]],[[-105.3631,35.8557],[-105.3789,35.85]],[[-78.8494,48.2017],[-78.8219,48.2107]],[[-54.6823,-20.4786],[-54.6656,-20.4613]],[[-114.2922,33.3435],[-114.2923,33.3272]],[[-97.2772,36.3926],[-97.2771,36.3786]],[[-78.0567,-1.5086],[-78.0687,-1.5018]],[[40.9182,-2.2625],[40.9101,-2.2464]],[[102.3466,-3.8709],[102.3318,-3.857]],[[153.0895,-26.6007],[153.0745,-26.5832]],[[-56.3077,-19.9611],[-56.315,-19.9752]],[[-106.9733,33.0057],[-106.9657,32.9734]],[[-87.8902,41.9839],[-87.9316,41.9839]],[[110.39,35.3353],[110.3745,35.3205]],[[9.2759,45.4562],[9.2782,45.4343]],[[-51.5295,-25.3911],[-51.5153,-25.3847]],[[129.77,-15.4627],[129.7601,-15.4729]],[[-114.5916,32.667],[-114.6125,32.6487]],[[-114.5993,32.663],[-114.6294,32.6368]],[[-114.6041,32.6677],[-114.6038,32.652]],[[-114.6057,32.6659],[-114.5857,32.6662]],[[147.0781,-30.6473],[147.0867,-30.636]],[[35.0068,50.3049],[35.0348,50.3049]],[[-102.1666,42.8114],[-102.1811,42.8021]],[[15.0021,-17.5838],[15.0127,-17.5676]],[[36.638,49.8495],[36.6422,49.8269]],[[104.4332,30.3238],[104.4176,30.2906]],[[104.4384,30.2776],[104.451,30.3043]],[[104.46,30.3152],[104.4964,30.3023]],[[23.7792,38.1022],[23.7876,38.1149]],[[-56.0369,-34.8421],[-56.0132,-34.8277]],[[136.8669,-30.4868],[136.8851,-30.4812]],[[117.4061,-8.4815],[117.4164,-8.4939]],[[-98.8227,27.4419],[-98.8347,27.4505]],[[-103.0875,42.8464],[-103.1003,42.833]],[[-59.6372,2.9968],[-59.6221,3.0012]],[[150.1748,-22.4666],[150.1831,-22.4809]],[[-32.4313,-3.8538],[-32.4148,-3.8551]],[[-54.0553,-10.346],[-54.0589,-10.3324]],[[35.3154,-22.0235],[35.3093,-22.0108]],[[167.0205,-77.87],[167.1437,-77.8643]],[[106.7814,-78.4865],[106.8757,-78.457]],[[3.5534,49.6418],[3.5452,49.629]],[[-96.8275,44.3081],[-96.8073,44.3002]],[[135.936,48.8073],[135.95,48.8277]],[[14.1031,51.5581],[14.1222,51.5505]],[[-115.8636,35.9638],[-115.8497,35.973]],[[109.4072,-7.4595],[109.4212,-7.463]],[[-105.8543,59.2485],[-105.8287,59.2523]],[[-75.1397,4.4269],[-75.1276,4.4164]],[[-95.2687,29.6542],[-95.2853,29.6391]],[[-47.7712,-21.1432],[-47.777,-21.1252]],[[120.9286,-28.1558],[120.9495,-28.151]],[[-66.0137,18.4336],[-65.9906,18.4335]],[[-67.9081,3.8622],[-67.9046,3.8451]],[[65.3238,57.1897],[65.3553,57.1727]],[[65.3175,57.1873],[65.2811,57.1692]],[[-90.0212,29.8107],[-90.033,29.8233]],[[-90.0372,29.8236],[-90.0154,29.8431]],[[-61.565,-21.8648],[-61.5651,-21.8801]],[[-117.1244,46.7375],[-117.0989,46.7459]],[[138.7166,-30.1753],[138.712,-30.1621]],[[111.5012,49.0167],[111.5183,49.0071]],[[-98.0649,40.0898],[-98.065,40.104]],[[145.9653,-6.0584],[145.9525,-6.0479]],[[-83.9917,35.8157],[-84.0054,35.8044]],[[66.7769,53.2165],[66.801,53.2203]],[[46.1495,51.7131],[46.1928,51.7121]],[[-119.7021,39.855],[-119.7015,39.8763]],[[-75.4493,39.1186],[-75.4861,39.1393]],[[-75.4646,39.1172],[-75.4627,39.1435]],[[-72.0852,42.9746],[-72.0577,42.9829]],[[-110.6226,64.6911],[-110.6068,64.707]],[[-121.2389,61.7558],[-121.2541,61.7404]],[[-79.3302,71.3184],[-79.378,71.3287]],[[-123.1322,55.3063],[-123.1347,55.2927]],[[-98.9328,28.1335],[-98.9391,28.1469]],[[-103.685,58.2301],[-103.6703,58.2422]],[[-101.6794,54.6846],[-101.6844,54.6715]],[[-112.0421,54.7752],[-112.0216,54.7655]],[[11.5462,48.7248],[11.5154,48.7167]],[[-110.2704,52.333],[-110.287,52.3429]],[[-114.9109,52.4358],[-114.8976,52.4234]],[[-114.7653,55.2896],[-114.7893,55.2963]],[[65.169,27.8566],[65.1512,27.8369]],[[-99.0537,28.0951],[-99.0446,28.0827]],[[-110.2871,42.8173],[-110.2592,42.8169]],[[-107.3706,43.9649],[-107.3882,43.9704]],[[-110.3974,41.397],[-110.4163,41.3868]],[[-109.0734,41.5885],[-109.0599,41.5986]],[[-9.2403,27.7408],[-9.2353,27.7128]],[[21.8273,21.6716],[21.8356,21.7056]],[[-74.5027,20.3584],[-74.5098,20.3727]],[[-112.949,40.208],[-112.9211,40.1867]],[[-111.8477,41.8058],[-111.8492,41.7812]],[[-109.6689,40.9865],[-109.688,40.9863]],[[-76.8977,34.888],[-76.8785,34.9038]],[[-76.9,34.9196],[-76.8792,34.9021]],[[-76.8805,34.9039],[-76.8627,34.9183]],[[-76.8629,34.8865],[-76.8804,34.9011]],[[88.3277,26.6689],[88.3285,26.6941]],[[-1.4424,54.5022],[-1.4164,54.5162]],[[89.3032,40.7885],[89.2605,40.7576]],[[-83.8379,34.2671],[-83.826,34.2784]],[[35.0816,36.9053],[35.0612,36.8784]],[[35.0593,36.8795],[35.0701,36.8937]],[[0.0658,26.9097],[0.078,26.9212]],[[68.396,43.3193],[68.4134,43.3294]],[[72.289,30.7457],[72.2737,30.7691]],[[-102.0952,27.9888],[-102.0938,27.9753]],[[36.4769,26.1948],[36.4675,26.2098]],[[46.1328,28.3234],[46.1212,28.3489]],[[72.3879,33.8787],[72.416,33.8644]],[[-89.3421,43.1272],[-89.3411,43.148]],[[-77.4365,34.7146],[-77.4483,34.7047]],[[-83.8711,35.193],[-83.8544,35.1976]],[[81.801,36.8103],[81.7654,36.8068]],[[24.2276,59.2637],[24.1819,59.2555]],[[135.1728,48.5148],[135.2089,48.5413]],[[135.1698,48.5165],[135.2014,48.5397]],[[-58.2405,-11.2024],[-58.2302,-11.1933]],[[28.7972,45.3885],[28.8056,45.4036]],[[-82.9092,39.9937],[-82.8732,39.9916]],[[29.2001,-13.7696],[29.191,-13.7818]],[[22.2141,15.1341],[22.2282,15.1341]],[[105.7455,56.8535],[105.713,56.8624]],[[69.257,34.9347],[69.2731,34.9578]],[[99.7682,40.3669],[99.7912,40.3886]],[[70.0863,24.8435],[70.1058,24.8506]],[[-2.2878,53.3476],[-2.2593,53.3613]],[[98.6967,39.8965],[98.7183,39.8793]],[[-83.4277,35.2198],[-83.4123,35.2248]],[[20.6215,54.8975],[20.5749,54.8855]],[[-70.5967,43.9652],[-70.5839,43.9473]],[[-68.2378,47.2021],[-68.2209,47.1828]],[[39.173,45.0261],[39.2032,45.0424]],[[39.1411,45.0291],[39.1631,45.0411]],[[14.9962,50.5372],[15.0163,50.5428]],[[-78.0674,33.9365],[-78.0793,33.9251]],[[-81.6065,35.2508],[-81.595,35.2607]],[[11.5187,48.7046],[11.5558,48.7144]],[[43.0624,44.2361],[43.1036,44.2175]],[[113.8815,-7.018],[113.8935,-7.0265]],[[112.6033,28.0033],[112.6037,27.9763]],[[144.2547,-5.3379],[144.2619,-5.3247]],[[-105.6172,26.8187],[-105.6253,26.8062]],[[17.0816,-18.7245],[17.0961,-18.7268]],[[-115.0825,48.0361],[-115.0649,48.027]],[[-108.9481,46.8353],[-108.9257,46.8408]],[[100.0291,40.5323],[100.0066,40.5467]],[[30.4348,50.4011],[30.4672,50.4025]],[[35.7097,2.3704],[35.7231,2.3668]],[[53.1932,36.634],[53.1838,36.6558]],[[-95.2839,29.6526],[-95.2722,29.6428]],[[-95.2683,29.6364],[-95.2832,29.649]],[[-111.3015,44.8349],[-111.2677,44.8098]],[[10.3485,5.5464],[10.3607,5.5274]],[[17.7894,-28.6327],[17.775,-28.6379]],[[91.1063,30.4986],[91.0627,30.4722]],[[-45.3504,-9.4592],[-45.3344,-9.4631]],[[-55.8905,-29.3073],[-55.8874,-29.2934]],[[-87.5671,34.8978],[-87.5631,34.8788]],[[-86.4669,33.195],[-86.4822,33.2029]],[[-87.9532,30.6748],[-87.9701,30.6769]],[[-45.614,-11.2736],[-45.6012,-11.2681]],[[119.9133,-3.1913],[119.9248,-3.1773]],[[124.6765,24.6466],[124.6744,24.661]],[[0.5279,6.5741],[0.5375,6.5857]],[[46.4164,33.5742],[46.3951,33.5969]],[[61.8017,25.0613],[61.8091,25.0743]],[[64.1268,26.9591],[64.1382,26.95]],[[-45.1101,-9.2504],[-45.0993,-9.2609]],[[18.0285,2.8368],[18.0215,2.8217]],[[80.0996,40.9962],[80.0886,40.9828]],[[-69.5799,-35.4873],[-69.5661,-35.5032]],[[31.0815,29.8077],[31.0869,29.7949]],[[17.1195,-19.9861],[17.1353,-19.9981]],[[-50.8314,-13.9997],[-50.8439,-13.9926]],[[30.2184,59.7999],[30.2828,59.7903]],[[30.2455,59.8097],[30.3034,59.8011]],[[73.4339,0.7414],[73.4345,0.726]],[[-44.3965,-10.5977],[-44.3789,-10.5998]],[[143.6759,-3.5855],[143.6619,-3.582]],[[-80.1326,8.3907],[-80.1266,8.3695]],[[42.8852,62.1154],[42.912,62.1208]],[[-99.0231,19.7286],[-98.9907,19.7551]],[[122.1341,-2.7929],[122.1468,-2.8041]],[[102.5732,17.9787],[102.5533,17.9979]],[[50.8539,61.6574],[50.8364,61.6366]],[[-45.6307,-10.357],[-45.617,-10.3632]],[[-45.5061,-10.2944],[-45.5191,-10.2885]],[[25.3497,-24.2099],[25.3319,-24.2177]],[[83.0304,21.0421],[83.0448,21.0383]],[[32.9898,40.1004],[33.0156,40.1276]],[[144.9619,-24.0771],[144.9696,-24.0888]],[[43.1739,11.5471],[43.145,11.5476]],[[7.1181,13.5017],[7.1351,13.5035]],[[-82.4437,8.3799],[-82.4292,8.3984]],[[-7.5688,9.5338],[-7.5537,9.5453]],[[-80.8657,32.1403],[-80.8786,32.1299]],[[-91.6475,18.2684],[-91.632,18.2725]],[[68.5336,43.3028],[68.5672,43.3195]],[[79.2284,39.8771],[79.2423,39.903]],[[-85.8316,45.4069],[-85.8289,45.3921]],[[47.0861,28.6092],[47.0729,28.6014]],[[47.0683,28.4825],[47.0586,28.5007]],[[46.6873,28.2497],[46.685,28.2664]],[[83.3958,27.5069],[83.4258,27.5027]],[[-101.9386,33.4279],[-101.9385,33.4143]],[[-105.1568,34.1986],[-105.1733,34.1989]],[[-103.4367,35.8269],[-103.4283,35.8406]],[[-109.0242,31.913],[-109.0249,31.8921]],[[-108.452,35.1656],[-108.4684,35.1632]],[[-106.075,34.5726],[-106.0747,34.5885]],[[85.8698,44.2429],[85.9063,44.2414]],[[-93.5179,44.6534],[-93.5182,44.6669]],[[149.9598,-1.6491],[149.9735,-1.6603]],[[149.9758,-1.6532],[149.9599,-1.6436]],[[155.7239,-6.3],[155.7324,-6.3109]],[[39.9861,15.7648],[39.964,15.7548]],[[40.0689,15.7478],[40.0823,15.7124]],[[39.0404,15.0364],[39.0392,15.0176]],[[9.7044,6.908],[9.7202,6.8934]],[[37.3605,16.2709],[37.3603,16.2844]],[[133.6586,33.5537],[133.6801,33.5384]],[[103.6241,36.5275],[103.6261,36.4946]],[[18.2703,-23.4196],[18.2689,-23.4343]],[[18.2689,-23.4343],[18.2877,-23.4287]],[[67.5134,37.6134],[67.5234,37.6334]],[[-42.5483,-13.0893],[-42.5576,-13.0998]],[[-45.0607,-9.4279],[-45.0752,-9.4257]],[[-137.5796,63.6109],[-137.5555,63.602]],[[-130.9299,60.1117],[-130.936,60.0947]],[[-111.5283,62.6024],[-111.5538,62.5923]],[[-119.735,66.7044],[-119.6994,66.702]],[[-107.4497,65.9206],[-107.4717,65.9346]],[[-133.4395,60.489],[-133.4732,60.4843]],[[-124.68,65.0239],[-124.6584,65.0348]],[[-103.573,78.7882],[-103.5194,78.798]],[[-101.0672,78.2314],[-101.0534,78.2143]],[[118.6555,31.0961],[118.6785,31.1126]],[[11.5867,-70.8199],[11.6678,-70.8282]],[[18.8057,-29.288],[18.8219,-29.2756]],[[17.8425,-25.9902],[17.8363,-25.9746]],[[64.5795,25.2717],[64.5928,25.2782]],[[64.5778,25.2721],[64.6018,25.2839]],[[-65.3882,-33.7297],[-65.3632,-33.7339]],[[-103.5944,35.1887],[-103.6112,35.1749]],[[80.1484,13.2005],[80.1543,13.215]],[[89.9008,26.1367],[89.9146,26.1468]],[[12.1643,52.1347],[12.1444,52.1484]],[[-107.8964,35.1612],[-107.9102,35.1774]],[[1.4163,28.6257],[1.4313,28.6315]],[[142.0964,-30.2504],[142.11,-30.2421]],[[73.518,16.0016],[73.5412,16.0034]],[[108.8591,32.7583],[108.8879,32.7558]],[[86.6926,24.4469],[86.7173,24.4469]],[[-64.1182,53.5645],[-64.0937,53.5607]],[[70.7856,22.3145],[70.7739,22.3044]],[[-52.3172,-15.0342],[-52.3029,-15.0306]],[[36.2806,51.7569],[36.3106,51.7443]],[[75.9681,11.1337],[75.9428,11.1385]],[[-114.7921,43.9058],[-114.8001,43.9183]],[[101.0975,4.5741],[101.0868,4.5619]],[[-43.4916,-17.7421],[-43.5034,-17.7296]],[[128.0814,-3.7186],[128.098,-3.702]],[[-115.1653,38.379],[-115.176,38.3683]],[[-90.9891,33.6463],[-90.9891,33.66]],[[-89.4684,30.5387],[-89.458,30.5513]],[[-0.0084,16.2447],[0.0063,16.2521]],[[9.3746,51.4217],[9.4094,51.4199]],[[-122.5688,38.7371],[-122.5573,38.726]],[[38.8311,47.2014],[38.8671,47.1952]],[[17.9961,53.0984],[17.9592,53.0952]],[[9.2017,59.5696],[9.2259,59.5602]],[[8.5267,60.4184],[8.4991,60.4149]],[[18.5036,69.0603],[18.5739,69.0516]],[[-44.2928,-22.9076],[-44.2833,-22.8971]],[[14.307,-22.1],[14.2959,-22.1088]],[[6.2814,4.3032],[6.2719,4.2934]],[[77.1046,28.5423],[77.0747,28.5487]],[[55.2979,24.0031],[55.2915,24.0348]],[[-99.0539,19.4449],[-99.0821,19.4291]],[[-99.0904,19.4276],[-99.0624,19.4434]],[[70.9154,20.7095],[70.9296,20.72]],[[-114.1587,32.5057],[-114.1415,32.4901]],[[-113.4204,31.5034],[-113.4118,31.5172]],[[179.2568,51.3845],[179.2758,51.3917]],[[122.2157,-17.9457],[122.2389,-17.9518]],[[-71.2746,42.4694],[-71.3003,42.4718]],[[-71.2969,42.4635],[-71.2855,42.4746]],[[-71.5973,42.5671],[-71.6123,42.576]],[[-5.8175,25.3723],[-5.799,25.3715]],[[0.7067,15.5055],[0.7233,15.5033]],[[58.1144,20.8936],[58.1069,20.9133]],[[28.0489,53.8702],[28.0125,53.8947]],[[-73.5258,44.68],[-73.5275,44.6935]],[[-73.5297,44.6926],[-73.515,44.6839]],[[-73.5282,44.6857],[-73.5093,44.6869]],[[60.7641,25.4005],[60.7941,25.3739]],[[60.7632,25.3987],[60.7926,25.3728]],[[81.269,26.0959],[81.2863,26.0961]],[[150.5365,-34.9489],[150.5522,-34.9357]],[[150.5266,-34.9479],[150.5485,-34.9493]],[[26.4154,40.1275],[26.4334,40.1433]],[[150.7854,-34.5515],[150.7887,-34.5661]],[[78.4501,65.973],[78.4249,65.9488]],[[24.8398,67.7118],[24.8539,67.6902]],[[1.4077,18.403],[1.4236,18.4123]],[[50.2519,69.1836],[50.2373,69.1967]],[[31.1836,69.2382],[31.2089,69.2637]],[[32.3785,69.087],[32.4223,69.103]],[[21.8731,56.4053],[21.9053,56.4067]],[[79.329,11.6943],[79.3161,11.6843]],[[45.4312,25.9164],[45.4159,25.928]],[[-85.5242,39.3274],[-85.5261,39.3126]],[[121.9851,46.2083],[122.0125,46.1948]],[[41.1228,30.9101],[41.1537,30.9031]],[[76.8285,30.3595],[76.807,30.371]],[[76.8266,30.3655],[76.7975,30.381]],[[78.1704,30.1884],[78.1935,30.192]],[[-2.0003,32.5143],[-1.965,32.5143]],[[43.1757,11.5471],[43.1433,11.5476]],[[126.1455,48.4451],[126.1121,48.4373]],[[67.5025,26.2056],[67.5051,26.1907]],[[24.4351,42.3002],[24.4502,42.2902]],[[-53.2428,-13.8837],[-53.236,-13.8713]],[[-98.7256,28.6554],[-98.7209,28.669]],[[21.1977,51.3865],[21.2326,51.3923]],[[84.8071,22.2565],[84.8234,22.2567]],[[77.064,20.6975],[77.0498,20.7006]],[[77.3418,23.2831],[77.3181,23.2946]],[[79.9172,24.8116],[79.9214,24.8277]],[[87.4346,23.4637],[87.4209,23.4851]],[[24.3467,55.0162],[24.379,55.0047]],[[98.2,14.1125],[98.2135,14.0823]],[[93.6159,22.9309],[93.615,22.947]],[[94.9204,24.8828],[94.9081,24.9149]],[[71.4765,25.799],[71.488,25.8269]],[[74.9949,29.553],[75.0175,29.5681]],[[-70.134,-48.7855],[-70.1664,-48.7802]],[[74.5393,65.8569],[74.5033,65.8439]],[[18.1465,4.0465],[18.1307,4.0418]],[[-125.4584,57.2783],[-125.4435,57.265]],[[28.0159,58.8044],[28.0102,58.8265]],[[28.4421,57.3146],[28.4255,57.2846]],[[126.4379,37.4413],[126.4134,37.4688]],[[77.7116,20.8118],[77.7305,20.8165]],[[27.32,37.9506],[27.3379,37.9509]],[[144.877,-18.0374],[144.8914,-18.0398]],[[109.5549,34.8345],[109.5142,34.8162]],[[-117.8583,34.9456],[-117.8791,34.935]],[[-7.3068,16.6229],[-7.332,16.6203]],[[26.9688,-14.6745],[26.9826,-14.6768]],[[141.7168,42.8464],[141.7213,42.8244]],[[117.8422,24.0429],[117.8572,24.0478]],[[-97.2009,33.1949],[-97.2005,33.2086]],[[79.8411,37.0325],[79.8852,37.0195]],[[-61.4473,-11.5046],[-61.4544,-11.4869]],[[117.4463,38.3376],[117.4831,38.3528]],[[12.3594,45.5137],[12.3357,45.4953]],[[130.4413,33.5959],[130.4546,33.5764]],[[105.4851,21.0351],[105.4723,21.0217]],[[40.5033,-10.8422],[40.5071,-10.8561]],[[105.4803,21.0218],[105.5009,21.027]],[[103.2096,3.7876],[103.2083,3.7628]],[[-149.1146,63.3357],[-149.1396,63.3279]],[[-145.4968,60.4967],[-145.4589,60.4883]],[[-162.6081,66.8893],[-162.5679,66.886]],[[-58.4316,-51.8165],[-58.4498,-51.8243]],[[-58.4751,-51.8177],[-58.4388,-51.8239]],[[-100.4401,30.5621],[-100.4484,30.5746]],[[-103.7603,30.9955],[-103.7788,30.9909]],[[-104.5907,31.0211],[-104.5839,31.006]],[[-104.5891,31.0198],[-104.6076,31.0196]],[[-107.3925,32.2495],[-107.372,32.2495]],[[-107.4267,32.2674],[-107.4436,32.2674]],[[-108.1586,32.6331],[-108.1585,32.6479]],[[-112.6243,32.6778],[-112.6115,32.6599]],[[18.3437,52.8345],[18.321,52.8241]],[[74.57,44.6118],[74.549,44.6111]],[[74.5712,44.6107],[74.5494,44.6098]],[[78.3198,43.6493],[78.308,43.6286]],[[0.9119,21.3749],[0.9429,21.381]],[[19.7766,28.9581],[19.7601,28.9627]],[[28.4995,-12.9619],[28.5326,-12.9617]],[[58.6851,34.4199],[58.7144,34.4221]],[[-80.4285,27.6578],[-80.4076,27.6508]],[[-97.3628,37.8255],[-97.3633,37.8391]],[[-105.7331,31.5232],[-105.7098,31.5357]],[[-105.7374,31.5311],[-105.7211,31.528]],[[112.9327,0.8369],[112.9482,0.8323]],[[29.9243,-13.6136],[29.9421,-13.6117]],[[66.3834,29.6634],[66.3829,29.6417]],[[72.5259,32.0678],[72.5094,32.0588]],[[-114.4185,33.0611],[-114.4376,33.0569]],[[-114.4767,33.1681],[-114.4864,33.1556]],[[-56.3137,-20.0262],[-56.3284,-20.0268]],[[119.0328,-2.5842],[119.0187,-2.5947]],[[10.1243,6.0281],[10.1209,6.0504]],[[32.2673,2.8185],[32.2765,2.7921]],[[-65.6393,-14.9583],[-65.6283,-14.9727]],[[12.6174,13.3727],[12.6348,13.3732]],[[-51.7666,-17.8326],[-51.78,-17.8279]],[[-52.6486,-27.1353],[-52.6691,-27.1324]],[[-53.6975,-24.6939],[-53.6973,-24.6788]],[[109.5107,28.486],[109.5287,28.5044]],[[-99.0206,19.7259],[-98.9954,19.7465]],[[31.8218,18.4629],[31.8156,18.4484]],[[32.2715,10.3258],[32.2656,10.3412]],[[20.8133,39.7058],[20.8304,39.689]],[[-110.4969,45.8932],[-110.4759,45.8975]],[[-112.1736,47.837],[-112.1666,47.8241]],[[-119.185,40.7686],[-119.2042,40.7618]],[[-117.9963,38.1191],[-118.0149,38.1141]],[[-117.3731,37.3593],[-117.3929,37.361]],[[-122.458,41.4871],[-122.4511,41.4744]],[[46.7517,39.1246],[46.7335,39.1012]],[[18.7093,44.4599],[18.7402,44.4574]],[[-0.3996,17.0291],[-0.4133,17.0232]],[[-110.8724,41.1298],[-110.8719,41.1149]],[[32.8535,13.1028],[32.8537,13.0761]],[[32.8516,13.094],[32.8518,13.0711]],[[78.8524,-68.4691],[78.9051,-68.4645]],[[73.733,-69.7288],[73.7335,-69.7468]],[[78.0527,-68.5224],[78.0252,-68.5316]],[[166.4579,-77.8409],[166.4717,-77.8676]],[[166.4126,-77.8467],[166.5172,-77.8615]],[[167.1052,-77.8661],[167.1315,-77.8827]],[[-11.42,16.5827],[-11.3996,16.5935]],[[-96.476,28.74],[-96.4604,28.7402]],[[-46.9668,-19.5572],[-46.954,-19.5692]],[[110.586,21.4962],[110.6015,21.4712]],[[-52.2469,-3.2475],[-52.261,-3.2586]],[[-43.9604,-19.8471],[-43.9394,-19.8546]],[[-66.7378,-14.8504],[-66.7373,-14.8653]],[[119.1861,34.4255],[119.1714,34.4013]],[[-63.6482,-21.952],[-63.6553,-21.9697]],[[-47.9691,-19.7583],[-47.9605,-19.7718]],[[-79.3645,-3.9921],[-79.3794,-3.9994]],[[-65.4397,-13.7571],[-65.4304,-13.7674]],[[-104.6373,34.939],[-104.6434,34.9262]],[[49.0414,25.922],[49.032,25.9373]],[[-65.1421,-16.9872],[-65.1509,-16.9605]],[[52.8686,25.1428],[52.8799,25.134]],[[1.3616,48.0596],[1.3919,48.0567]],[[-66.0797,-11.0057],[-66.0669,-11.0152]],[[-38.9996,-15.3459],[-38.9977,-15.3638]],[[17.2757,53.5287],[17.2411,53.5202]],[[-41.741,-2.8964],[-41.7195,-2.8901]],[[-50.4291,-21.1493],[-50.4199,-21.1336]],[[-41.9889,-18.9016],[-41.9775,-18.8907]],[[-72.048,7.5698],[-72.0224,7.5604]],[[19.1891,50.8826],[19.2146,50.8846]],[[19.2143,50.8857],[19.1889,50.8838]],[[-55.8322,-22.6492],[-55.8278,-22.6336]],[[-50.939,-26.7799],[-50.941,-26.7966]],[[-50.2856,-27.7763],[-50.2774,-27.7879]],[[20.9437,53.4925],[20.9318,53.4713]],[[21.8766,51.5569],[21.9074,51.5454]],[[105.1703,38.6703],[105.1686,38.6493]],[[65.1394,37.8106],[65.1312,37.8339]],[[-80.3897,43.458],[-80.3658,43.466]],[[-49.0667,-28.6846],[-49.0525,-28.6659]],[[22.6215,-17.4565],[22.5924,-17.4528]],[[-45.4329,-12.3459],[-45.4456,-12.3529]],[[-11.3676,12.5781],[-11.3517,12.5709]],[[101.5063,36.0592],[101.4882,36.0468]],[[-56.4895,-7.2876],[-56.4909,-7.3022]],[[67.0304,30.241],[67.0443,30.233]],[[45.4793,2.1122],[45.498,2.1232]],[[10.7446,5.6289],[10.7568,5.6447]],[[37.7382,14.9679],[37.7113,14.9681]],[[30.1058,-12.5865],[30.1207,-12.5862]],[[-64.7581,-23.7839],[-64.7412,-23.7794]],[[105.4673,39.671],[105.4578,39.6562]],[[31.1117,-10.2013],[31.134,-10.2187]],[[-65.7647,9.2754],[-65.7507,9.2752]],[[-116.7131,35.581],[-116.7355,35.5811]],[[47.2238,24.2506],[47.2183,24.2647]],[[150.6957,-33.8918],[150.7302,-33.875]],[[134.4273,60.3527],[134.449,60.3631]],[[-16.4598,16.0409],[-16.4628,16.0628]],[[109.1403,26.3173],[109.1595,26.3271]],[[90.233,42.9086],[90.2622,42.915]],[[-48.8609,-18.3807],[-48.8625,-18.3942]],[[14.3203,46.646],[14.3548,46.6391]],[[56.6113,-10.3833],[56.595,-10.3601]],[[3.083,50.5629],[3.1181,50.5679]],[[7.6796,11.1251],[7.6918,11.1354]],[[61.3164,55.2542],[61.2942,55.2657]],[[-110.8618,38.7138],[-110.8707,38.7007]],[[30.5136,6.5672],[30.5062,6.5558]],[[101.0037,12.664],[101.0063,12.6956]],[[14.3002,32.0554],[14.3032,32.0929]],[[-66.917,-28.3364],[-66.9059,-28.3458]],[[100.6692,38.8],[100.6995,38.79]],[[7.2623,18.7004],[7.2765,18.7021]],[[103.6772,32.8385],[103.6872,32.8679]],[[-50.7846,-19.9184],[-50.7939,-19.9295]],[[-65.3215,-12.323],[-65.3009,-12.3142]],[[-69.0427,8.939],[-69.0693,8.9036]],[[38.1722,46.6749],[38.2109,46.6783]],[[38.1978,46.678],[38.243,46.682]],[[-107.0953,28.7754],[-107.0794,28.7754]],[[114.8101,60.719],[114.8408,60.7283]],[[99.2526,20.5217],[99.2685,20.5119]],[[130.6397,-18.327],[130.6544,-18.3305]],[[23.6127,12.9526],[23.6393,12.9634]],[[69.6627,23.2795],[69.6803,23.2957]],[[42.0844,4.1545],[42.0766,4.1416]],[[108.8567,37.7565],[108.8386,37.7736]],[[-69.2903,11.0685],[-69.2771,11.0745]],[[130.8296,44.4603],[130.8576,44.4478]],[[124.6298,12.4963],[124.6401,12.5068]],[[49.3915,-18.0997],[49.3937,-18.1195]],[[80.1148,12.9001],[80.1244,12.9101]],[[68.3283,58.0584],[68.3691,58.0585]],[[14.9029,37.4059],[14.9362,37.402]],[[-65.617,-21.3489],[-65.6085,-21.328]],[[114.5111,30.9089],[114.5091,30.8955]],[[54.5621,24.2384],[54.5485,24.2477]],[[-97.822,32.4489],[-97.8269,32.4354]],[[14.1031,51.5581],[14.0906,51.546]],[[-81.021,-4.0809],[-81.0302,-4.0928]],[[87.7028,24.1784],[87.7014,24.1942]],[[-12.4748,14.8428],[-12.4619,14.8517]],[[-121.6202,39.4927],[-121.6318,39.4789]],[[6.8618,28.2],[6.827,28.1939]],[[68.783,27.7316],[68.8007,27.7125]],[[68.8263,24.836],[68.8501,24.8481]],[[47.1857,39.5969],[47.2178,39.5848]],[[16.304,-9.5195],[16.3207,-9.5304]],[[107.6953,29.4771],[107.6913,29.4529]],[[0.2065,26.8027],[0.2092,26.8174]],[[33.3212,19.5893],[33.3216,19.6032]],[[-1.4589,12.594],[-1.4361,12.6163]],[[-96.7461,43.5931],[-96.7333,43.5733]],[[-96.7537,43.5726],[-96.7343,43.5928]],[[-117.8051,40.888],[-117.814,40.906]],[[78.5238,50.736],[78.5547,50.737]],[[30.9763,31.3576],[30.976,31.3307]],[[-8.1817,27.6985],[-8.1646,27.7024]],[[-8.1813,27.6956],[-8.1525,27.7022]],[[-48.7579,-28.3952],[-48.7501,-28.3828]],[[39.7272,11.1017],[39.7248,11.1191]],[[3.2958,32.9278],[3.3272,32.9329]],[[-117.7476,39.5466],[-117.7482,39.5331]],[[72.6612,32.0533],[72.6808,32.0308]],[[72.6524,32.0406],[72.6728,32.0535]],[[38.9693,11.9765],[38.991,11.9739]],[[38.769,14.1572],[38.7761,14.1367]],[[-127.0793,57.199],[-127.1009,57.2084]],[[142.1402,-33.3733],[142.1278,-33.3828]],[[37.5974,6.05],[37.584,6.0288]],[[8.8555,9.6411],[8.8826,9.6386]],[[100.6252,38.0113],[100.6645,38.0053]],[[33.1531,30.4253],[33.167,30.3976]],[[3.9714,7.3542],[3.9853,7.3707]],[[43.6364,3.1111],[43.6178,3.0925]],[[35.7436,-6.1702],[35.7684,-6.1708]],[[36.812,-1.3192],[36.8218,-1.3289]],[[-16.293,12.5553],[-16.2748,12.556]],[[29.6672,-4.8794],[29.6748,-4.8932]],[[6.887,6.2754],[6.8559,6.2588]],[[31.6937,-2.7324],[31.7152,-2.7487]],[[31.0471,-24.3414],[31.0571,-24.3733]],[[31.0352,-24.3828],[31.0559,-24.3784]],[[-118.0951,37.8608],[-118.095,37.8757]],[[11.5198,3.8279],[11.5272,3.8444]],[[109.5647,40.8748],[109.588,40.8737]],[[46.9311,46.2161],[46.963,46.2127]],[[35.4486,24.0034],[35.4662,23.9747]],[[34.8542,8.5591],[34.864,8.5451]],[[30.103,0.191],[30.1001,0.1761]],[[-70.7285,18.907],[-70.7107,18.9084]],[[-73.6868,53.7526],[-73.6636,53.7569]],[[17.8861,-21.738],[17.8884,-21.7535]],[[29.3214,40.8918],[29.3404,40.8988]],[[117.0461,33.1607],[117.0706,33.1719]],[[-70.0482,-15.8543],[-70.0687,-15.8486]],[[125.7644,46.1326],[125.7828,46.1226]],[[-91.4781,30.7251],[-91.4793,30.7115]],[[107.0372,14.7952],[107.0534,14.7909]],[[-73.09,-16.0401],[-73.0991,-16.0514]],[[103.6465,36.5026],[103.6442,36.5408]],[[115.8951,33.5582],[115.924,33.5625]],[[12.2677,57.6495],[12.2919,57.6761]],[[-78.6146,-5.6699],[-78.6217,-5.6865]],[[59.2872,45.1514],[59.3088,45.1687]],[[59.2948,45.1443],[59.2975,45.1687]],[[59.2867,45.1624],[59.3052,45.1539]],[[59.2863,45.1566],[59.3102,45.1606]],[[44.3555,33.957],[44.3769,33.9309]],[[28.8113,40.9663],[28.8361,40.9777]],[[53.9593,32.2256],[53.9567,32.2411]],[[55.9929,22.1882],[56.001,22.1736]],[[56.026,22.2044],[56.0432,22.1987]],[[74.2739,71.0164],[74.2458,71.0059]],[[75.5488,35.3257],[75.5292,35.3504]],[[-91.7645,31.4169],[-91.7646,31.4029]],[[147.4953,-34.4259],[147.5148,-34.4172]],[[113.7387,35.2298],[113.7577,35.2495]],[[144.3299,-36.7429],[144.3305,-36.7285]],[[69.1764,28.638],[69.1782,28.6521]],[[150.5045,46.2096],[150.5258,46.2008]],[[40.8319,41.1755],[40.8658,41.1842]],[[-101.2757,28.3948],[-101.2859,28.405]],[[104.8343,11.5371],[104.854,11.556]],[[-103.2951,20.5178],[-103.3271,20.5312]],[[119.0051,50.3501],[118.997,50.3356]],[[56.3131,25.1142],[56.3406,25.1038]],[[38.0684,6.7758],[38.0491,6.7579]],[[-102.3659,27.277],[-102.3532,27.2662]],[[69.4191,41.3156],[69.3727,41.3105]],[[69.8205,33.2881],[69.7946,33.2813]],[[-102.876,35.9964],[-102.8738,36.0099]],[[-104.6408,37.7603],[-104.6548,37.7519]],[[-58.5903,-25.0363],[-58.5925,-25.0499]],[[-15.7831,16.5509],[-15.7983,16.5441]],[[69.588,41.5157],[69.5624,41.5054]],[[69.59,41.5189],[69.5608,41.515]],[[69.2571,41.2558],[69.3044,41.261]],[[69.2581,41.254],[69.3042,41.2591]],[[-97.7233,30.5923],[-97.7136,30.581]],[[-82.1492,29.4672],[-82.1661,29.4681]],[[-80.1631,26.4653],[-80.1476,26.4654]],[[-115.8741,33.195],[-115.8571,33.1919]],[[77.34,54.3444],[77.3711,54.3575]],[[-104.7488,40.2159],[-104.7379,40.2048]],[[7.4401,10.5907],[7.4581,10.6074]],[[-91.9535,34.5388],[-91.9355,34.5382]],[[150.5145,-31.4908],[150.5265,-31.503]],[[36.3753,40.3208],[36.4052,40.3291]],[[104.5612,-5.9271],[104.5547,-5.915]],[[130.1856,-26.1835],[130.1981,-26.1913]],[[-5.5661,9.3854],[-5.5474,9.3888]],[[-80.4798,25.6198],[-80.4951,25.6197]],[[-99.0072,19.7606],[-99.0396,19.7341]],[[-108.3553,34.2553],[-108.3636,34.2435]],[[-77.1198,-12.035],[-77.1311,-12.012]],[[3.6867,6.9248],[3.7103,6.9445]],[[119.0667,-22.4998],[119.087,-22.5088]],[[17.8543,-8.5478],[17.8681,-8.5544]],[[8.3138,47.1001],[8.296,47.0843]],[[-100.4769,30.3088],[-100.4679,30.2955]],[[2.0391,7.1167],[2.0542,7.1334]],[[-101.4106,35.2076],[-101.4108,35.2211]],[[22.2729,-29.9358],[22.2589,-29.93]],[[-115.5267,34.5141],[-115.5098,34.5141]],[[13.2477,-9.657],[13.2736,-9.649]],[[-81.0706,28.3643],[-81.0806,28.3761]],[[123.9716,10.3025],[123.9884,10.3191]],[[30.6976,-2.5458],[30.7101,-2.5377]],[[78.5134,25.6637],[78.5036,25.6499]],[[101.9233,0.5063],[101.9235,0.4914]],[[14.2416,-7.145],[14.2552,-7.1477]],[[16.6024,-6.9972],[16.6157,-6.9931]],[[35.1634,45.168],[35.1996,45.1609]],[[-81.5234,27.5949],[-81.5351,27.5845]],[[148.2445,-33.1331],[148.2304,-33.1249]],[[96.828,-12.1818],[96.8394,-12.2008]],[[158.2189,6.9851],[158.2007,6.9852]],[[100.1594,20.3142],[100.1714,20.3338]],[[15.3886,49.9337],[15.3736,49.9443]],[[-81.7001,24.5725],[-81.6713,24.5805]],[[-1.0819,53.7531],[-1.0851,53.7387]],[[75.6055,13.8551],[75.6332,13.8611]],[[-134.5722,58.3528],[-134.5994,58.3566]],[[107.4314,31.0372],[107.441,31.0601]],[[81.2483,40.4279],[81.2765,40.4419]],[[42.4791,17.0789],[42.51,17.0623]],[[16.5027,-14.7217],[16.4849,-14.7272]],[[-44.66,-20.0712],[-44.6472,-20.0785]],[[104.6187,29.3761],[104.6045,29.356]],[[-93.1537,36.2699],[-93.1558,36.2531]],[[-1.217,40.4019],[-1.2183,40.4248]],[[-60.4941,1.2336],[-60.4791,1.2428]],[[0.6977,30.7663],[0.7154,30.7683]],[[43.4712,27.1444],[43.4787,27.1571]],[[116.9534,34.4079],[116.9828,34.4014]],[[-5.117,51.8905],[-5.1261,51.8704]],[[-5.1175,51.8812],[-5.1349,51.8947]],[[37.2386,55.5865],[37.2903,55.5981]],[[114.4595,35.8585],[114.4721,35.8802]],[[-3.5388,11.4111],[-3.5455,11.3964]],[[164.299,66.7668],[164.3388,66.7667]],[[16.3368,-14.9781],[16.3533,-14.9776]],[[46.3537,39.8958],[46.3724,39.872]],[[-4.9541,54.8487],[-4.9305,54.8581]],[[87.305,22.9812],[87.2937,22.9986]],[[87.3476,23.6335],[87.3398,23.6492]],[[87.2306,23.5881],[87.2186,23.6001]],[[-45.7905,-13.3392],[-45.7737,-13.3382]],[[114.0574,30.2479],[114.071,30.2661]],[[122.9892,24.4697],[122.9702,24.4651]],[[37.9716,55.5583],[37.9957,55.5632]],[[107.1915,33.1299],[107.2179,33.1377]],[[83.1912,22.9994],[83.1965,22.9866]],[[0.3584,12.0337],[0.3672,12.0442]],[[54.179,19.5459],[54.2016,19.5474]],[[-91.3326,29.7146],[-91.3469,29.7071]],[[-100.6222,26.0524],[-100.5993,26.0444]],[[73.2193,22.3296],[73.2346,22.3442]],[[139.2877,-18.4828],[139.2914,-18.4973]],[[36.408,11.3091],[36.4245,11.3161]],[[55.3202,26.2667],[55.3111,26.2507]],[[123.8987,47.241],[123.9159,47.2128]],[[125.4782,39.9054],[125.5004,39.9003]],[[66.9644,39.703],[66.9991,39.7004]],[[-4.0073,29.6388],[-3.9757,29.6414]],[[24.6678,48.8866],[24.701,48.8812]],[[21.1086,25.5967],[21.1125,25.6105]],[[30.344,20.7644],[30.3496,20.7801]],[[-99.4233,27.1039],[-99.4233,27.1183]],[[28.4196,-23.2724],[28.4009,-23.2808]],[[-81.2891,31.4201],[-81.2802,31.4332]],[[116.8153,52.3497],[116.8341,52.3253]],[[116.8379,52.3264],[116.8223,52.3467]],[[55.7273,23.8183],[55.7444,23.806]],[[57.1927,21.1127],[57.2061,21.1192]],[[57.1987,21.114],[57.1894,21.125]],[[-79.7568,50.0442],[-79.7356,50.044]],[[117.7524,-28.6846],[117.7703,-28.6966]],[[-101.6467,21.4035],[-101.6623,21.3988]],[[-40.2408,-3.6165],[-40.222,-3.6124]],[[-69.4605,7.1305],[-69.4691,7.1411]],[[124.6898,-29.2827],[124.677,-29.275]],[[122.3316,-30.17],[122.3134,-30.1783]],[[-51.1883,63.4375],[-51.1353,63.4288]],[[-74.7469,-15.4433],[-74.7408,-15.4586]],[[-40.0918,-10.5186],[-40.0775,-10.5186]],[[79.9557,26.5818],[79.9797,26.5818]],[[105.4262,30.4044],[105.4209,30.3839]],[[48.1977,25.0616],[48.1921,25.0777]],[[131.0867,-12.7123],[131.0885,-12.7261]],[[81.2082,43.0826],[81.2406,43.0937]],[[75.2801,37.6776],[75.2975,37.6451]],[[13.1639,31.9559],[13.1531,31.9278]],[[13.1583,31.9537],[13.1872,31.9562]],[[14.2283,29.9273],[14.1967,29.9215]],[[12.9329,26.0325],[12.9182,26.0352]],[[122.3357,-27.5926],[122.3356,-27.6106]],[[122.4587,-29.3709],[122.4381,-29.3762]],[[-104.1882,35.9273],[-104.1971,35.9425]],[[-106.1387,35.1273],[-106.156,35.1272]],[[-99.391,30.5714],[-99.3976,30.5587]],[[134.1962,-1.4914],[134.1888,-1.5034]],[[-150.1182,61.8014],[-150.1183,61.7872]],[[0.1942,28.2114],[0.2103,28.2142]],[[2.2116,29.0773],[2.1999,29.0648]],[[2.5101,28.4673],[2.5277,28.4704]],[[0.32,28.119],[0.3362,28.1186]],[[-43.3128,-13.2801],[-43.3163,-13.2653]],[[25.6094,29.5573],[25.6043,29.584]],[[9.5025,54.452],[9.5303,54.4667]],[[69.9557,28.8605],[69.9601,28.8809]],[[-68.1361,-13.7691],[-68.1387,-13.7489]],[[-102.4196,37.6444],[-102.4372,37.6444]],[[-47.3412,-21.9751],[-47.3412,-21.9939]],[[-47.3428,-21.9752],[-47.3427,-21.9939]],[[15.7009,41.5418],[15.7278,41.5329]],[[116.262,-20.9801],[116.2808,-20.9771]],[[104.0687,20.616],[104.0815,20.6294]],[[33.8253,31.0254],[33.813,31.0503]],[[102.531,58.1312],[102.5807,58.1396]],[[117.6254,8.6697],[117.6124,8.6738]],[[128.1221,51.8776],[128.0985,51.9029]],[[26.4437,-24.8523],[26.4285,-24.8489]],[[57.3152,25.8317],[57.3303,25.8202]],[[57.004,31.7769],[56.989,31.7827]],[[-67.4648,-21.7663],[-67.4485,-21.7664]],[[-36.6618,65.9453],[-36.6892,65.9376]],[[164.0462,-74.733],[164.027,-74.7467]],[[-45.2172,-15.1756],[-45.2315,-15.182]],[[141.8069,-13.0095],[141.8203,-13.0187]],[[-76.5882,7.4366],[-76.5965,7.4495]],[[118.8309,-28.8365],[118.8307,-28.8202]],[[104.0224,21.2213],[104.0421,21.2101]],[[-106.9154,29.8302],[-106.9,29.8267]],[[123.7264,-16.1209],[123.7441,-16.1289]],[[-51.6716,64.2008],[-51.6862,64.1816]],[[-63.7553,-22.5108],[-63.7576,-22.5254]],[[41.7096,49.6525],[41.6919,49.6612]],[[-46.3488,-11.2765],[-46.3411,-11.2884]],[[73.8776,15.7431],[73.844,15.7457]],[[-59.6628,-26.13],[-59.6643,-26.1454]],[[-97.0905,36.1554],[-97.0788,36.1651]],[[-97.0867,36.1521],[-97.0869,36.1722]],[[-42.4814,-6.3488],[-42.4666,-6.3489]],[[-63.3679,9.2125],[-63.3786,9.2028]],[[33.268,21.2621],[33.2804,21.25]],[[-45.8604,-13.2516],[-45.8458,-13.2442]],[[92.3252,28.424],[92.371,28.4208]],[[86.774,28.605],[86.8212,28.6047]],[[47.3811,10.6361],[47.3954,10.6487]],[[44.1975,32.3941],[44.2171,32.3604]],[[44.1822,32.3747],[44.2011,32.3423]],[[-81.5483,26.7157],[-81.5305,26.7189]],[[-98.7132,34.6542],[-98.6896,34.6591]],[[-110.2795,31.6352],[-110.2819,31.6488]],[[101.2766,54.4302],[101.315,54.4207]],[[-49.0347,-21.1592],[-49.028,-21.1472]],[[40.3079,48.3906],[40.3383,48.3901]],[[-4.7259,39.3935],[-4.7444,39.3916]],[[-84.9361,38.6757],[-84.9216,38.6833]],[[3.0337,20.0708],[3.0216,20.0461]],[[18.9819,-29.0147],[18.9973,-29.0084]],[[-119.0698,36.0354],[-119.0556,36.0238]],[[39.7969,-3.8146],[39.798,-3.8011]],[[-71.0627,48.519],[-71.0384,48.5147]],[[38.8531,47.2535],[38.8259,47.2404]],[[110.3495,34.867],[110.3725,34.8775]],[[-62.0593,-27.0302],[-62.059,-27.0166]],[[-109.6921,35.5584],[-109.675,35.5639]],[[29.433,-25.6798],[29.4473,-25.6897]],[[6.5865,32.5325],[6.6036,32.5328]],[[127.9408,0.468],[127.9556,0.4679]],[[69.2976,22.8378],[69.3119,22.8408]],[[-86.7801,33.1715],[-86.7864,33.1841]],[[-87.6762,20.1808],[-87.6457,20.1643]],[[-83.5433,42.244],[-83.5249,42.2443]],[[-78.2667,-2.7582],[-78.2604,-2.7452]],[[25.4197,46.819],[25.3984,46.8197]],[[-92.1277,34.9221],[-92.1655,34.9114]],[[108.7356,34.4422],[108.7667,34.4647]],[[108.7849,34.4409],[108.7603,34.4231]],[[118.3461,24.5254],[118.3755,24.5424]],[[119.6883,25.9407],[119.6714,25.9107]],[[-72.2092,10.1585],[-72.1989,10.1697]],[[-114.8279,34.0676],[-114.8139,34.056]],[[-114.8139,34.056],[-114.7987,34.0664]],[[113.1042,51.9209],[113.1375,51.9122]],[[-64.493,48.7742],[-64.4705,48.7758]],[[166.736,-77.9447],[166.7778,-77.9723]],[[7.3948,47.9091],[7.4045,47.9348]],[[137.5558,75.76],[137.5982,75.7746]],[[125.9754,39.497],[125.9538,39.5119]],[[125.1481,39.886],[125.1705,39.8793]],[[125.4305,37.9302],[125.4085,37.9343]],[[127.5462,40.1893],[127.5326,40.1716]],[[44.5996,24.3628],[44.5744,24.3351]],[[71.1077,40.3825],[71.0807,40.3735]],[[-106.7233,36.631],[-106.7048,36.6268]],[[33.3939,44.5714],[33.3979,44.5876]],[[-116.0589,37.8185],[-116.0605,37.8337]],[[-116.0744,37.8122],[-116.0589,37.8185]],[[49.925,17.334],[49.9465,17.3352]],[[-103.7059,34.2742],[-103.7193,34.2597]],[[39.1178,51.6257],[39.1646,51.6115]],[[46.2483,48.3167],[46.2203,48.305]],[[-114.9178,27.7094],[-114.9044,27.7012]],[[39.615,2.4071],[39.6075,2.4257]],[[146.2862,-19.6551],[146.3016,-19.6509]],[[-15.6642,16.4355],[-15.6504,16.4398]],[[37.0793,25.6425],[37.0983,25.6139]],[[111.0136,35.1151],[111.0491,35.1213]],[[4.7823,16.0901],[4.7939,16.0792]],[[-16.0571,14.1424],[-16.0428,14.1538]],[[-11.4301,18.5671],[-11.4166,18.5737]],[[-12.214,15.1753],[-12.1937,15.1885]],[[81.1463,30.3791],[81.1196,30.4173]],[[-5.328,35.5897],[-5.2959,35.6022]],[[8.005,6.186],[8.0298,6.2069]],[[-14.9699,16.6834],[-14.9598,16.6732]],[[68.604,30.3524],[68.6195,30.3572]],[[-121.1543,44.6574],[-121.1543,44.6711]],[[120.2412,29.1139],[120.2449,29.132]],[[-83.454,34.9196],[-83.4648,34.9089]],[[13.5401,-12.3771],[13.5332,-12.3654]],[[-116.2084,31.8998],[-116.1873,31.8908]],[[-70.8687,-52.9976],[-70.8452,-53.0138]],[[-62.4704,-16.2728],[-62.4706,-16.2583]],[[3.8214,50.5748],[3.8561,50.5787]],[[48.1746,25.2759],[48.1819,25.2549]],[[54.0207,19.8404],[54.0237,19.8216]],[[55.3931,19.5891],[55.404,19.5726]],[[55.4587,19.57],[55.4402,19.5846]],[[55.4462,19.5685],[55.4511,19.5815]],[[55.9096,19.2837],[55.9142,19.2989]],[[57.0648,19.243],[57.0776,19.2559]],[[54.6875,18.564],[54.6743,18.5746]],[[52.1617,16.1917],[52.1867,16.195]],[[49.242,6.8718],[49.2543,6.8838]],[[46.378,8.2118],[46.381,8.2252]],[[43.0511,11.5184],[43.0726,11.5149]],[[43.3999,12.6663],[43.4161,12.6669]],[[46.1523,15.1662],[46.167,15.1697]],[[46.7783,15.0502],[46.7753,15.0369]],[[65.4667,28.6141],[65.4763,28.6285]],[[69.5635,32.3051],[69.5821,32.305]],[[-68.6101,-38.3808],[-68.5896,-38.3828]],[[46.8806,15.3716],[46.8883,15.3899]],[[134.4882,-28.2045],[134.5041,-28.2003]],[[12.0523,4.4572],[12.0501,4.4749]],[[-84.4195,39.0927],[-84.4118,39.1084]],[[-151.0287,-16.6883],[-151.0148,-16.6858]],[[46.2965,36.2137],[46.3266,36.2094]],[[-114.4771,38.2516],[-114.4577,38.2545]],[[69.9996,22.4719],[70.0246,22.4602]],[[137.2014,-30.3765],[137.1939,-30.3886]],[[-67.6979,-24.9605],[-67.6601,-24.9575]],[[138.973,-31.1379],[138.9888,-31.1433]],[[108.2023,22.6046],[108.1736,22.5797]],[[10.2817,45.4223],[10.2537,45.4419]],[[10.2582,45.441],[10.2821,45.4242]],[[-117.1264,33.5822],[-117.1306,33.5661]],[[19.9147,39.592],[19.9104,39.6089]],[[-90.3745,47.8379],[-90.3947,47.839]],[[-88.0659,30.6205],[-88.0659,30.642]],[[-67.1794,-21.1688],[-67.1573,-21.1806]],[[42.043,37.3705],[42.0735,37.3589]],[[-55.9566,-22.4466],[-55.944,-22.438]],[[95.3064,18.6233],[95.3061,18.6037]],[[-79.3083,44.9824],[-79.3047,44.9684]],[[104.9347,11.3722],[104.9078,11.3478]],[[113.2753,23.3806],[113.2833,23.4105]],[[138.6521,47.1805],[138.6699,47.1731]],[[57.0954,20.8287],[57.1141,20.8146]],[[56.3784,20.0188],[56.3889,20.0012]],[[71.0286,22.3698],[71.0509,22.3884]],[[62.5157,25.3026],[62.4818,25.2908]],[[-72.3766,9.3782],[-72.3791,9.3925]],[[121.0504,41.0968],[121.0314,41.1042]],[[19.7043,-17.9612],[19.7344,-17.9518]],[[13.8554,-18.0447],[13.8489,-18.0666]],[[13.6456,-19.1056],[13.6517,-19.0916]],[[14.3685,-19.3266],[14.3821,-19.3185]],[[15.4222,-19.6077],[15.4383,-19.608]],[[6.3252,29.7541],[6.3228,29.7688]],[[9.7415,27.2922],[9.7287,27.3004]],[[39.0458,-3.7336],[39.0327,-3.7275]],[[7.8773,27.9542],[7.8965,27.9513]],[[-72.194,9.6035],[-72.204,9.6209]],[[14.348,-20.5438],[14.3679,-20.5443]],[[14.2811,-20.4544],[14.2936,-20.4476]],[[22.1969,-18.0273],[22.182,-18.0332]],[[9.1578,27.8979],[9.1377,27.8893]],[[17.8544,-18.9807],[17.8683,-18.9771]],[[66.8823,30.5712],[66.9045,30.5623]],[[66.8939,30.5568],[66.8933,30.5741]],[[16.1954,-21.7209],[16.1964,-21.7345]],[[14.243,-21.6809],[14.2569,-21.6744]],[[118.8704,-21.282],[118.8919,-21.2919]],[[20.6424,5.8473],[20.6568,5.8468]],[[-103.7797,44.4783],[-103.797,44.4908]],[[14.4877,-22.4782],[14.5026,-22.4701]],[[29.6856,-22.7887],[29.7006,-22.7851]],[[-55.9516,2.2235],[-55.9373,2.2256]],[[76.1595,13.016],[76.1823,13.0171]],[[16.7174,-20.0512],[16.7262,-20.0634]],[[58.2619,51.9302],[58.2929,51.9309]],[[15.7067,58.4006],[15.6728,58.4079]],[[126.2079,45.5766],[126.2391,45.6033]],[[119.7096,-25.5674],[119.7253,-25.5701]],[[77.119,44.0037],[77.1492,43.9937]],[[102.9994,21.4066],[103.0048,21.3855]],[[104.3707,52.2735],[104.4185,52.2608]],[[16.6516,-20.1594],[16.6629,-20.1502]],[[17.0643,-20.475],[17.0436,-20.4812]],[[72.5354,32.1769],[72.5512,32.1855]],[[-92.7855,35.277],[-92.7694,35.2715]],[[50.5801,25.9335],[50.5974,25.9017]],[[82.6781,55.015],[82.6227,55.01]],[[82.604,55.0174],[82.5943,55.0492]],[[90.8869,29.3011],[90.9292,29.3017]],[[17.82,-21.8807],[17.8156,-21.9049]],[[17.8156,-21.9049],[17.8251,-21.8928]],[[23.3195,49.5487],[23.3494,49.5526]],[[18.6033,-21.515],[18.5976,-21.5314]],[[16.9769,-24.7739],[16.9756,-24.76]],[[17.7191,-23.6331],[17.7273,-23.65]],[[17.9798,-23.8715],[18.0073,-23.8798]],[[17.9969,-23.8662],[17.9821,-23.8895]],[[17.9808,-23.8791],[17.9996,-23.8726]],[[17.9933,-23.8878],[17.9847,-23.8672]],[[18.0846,-23.7386],[18.0967,-23.7524]],[[33.4263,30.188],[33.3992,30.2014]],[[10.0902,36.6427],[10.105,36.6315]],[[-102.121,27.57],[-102.1195,27.5552]],[[120.8571,-28.3303],[120.8524,-28.3451]],[[19.9391,-24.7251],[19.9617,-24.7232]],[[16.1759,-25.8453],[16.1546,-25.8485]],[[16.3041,-26.6853],[16.3301,-26.6845]],[[16.3129,-26.6841],[16.3245,-26.7024]],[[16.3256,-26.6837],[16.3131,-26.7031]],[[118.653,-21.0375],[118.6327,-21.0356]],[[77.9552,-68.5708],[77.9807,-68.5596]],[[1.9449,30.8899],[1.9508,30.9043]],[[-116.6073,34.5233],[-116.6235,34.5262]],[[132.0932,-2.9421],[132.0861,-2.9296]],[[18.4865,-24.0748],[18.4942,-24.0873]],[[74.8387,32.6799],[74.8374,32.7019]],[[42.3883,42.3073],[42.3663,42.3064]],[[-106.2049,28.4055],[-106.2109,28.3857]],[[-135.7173,58.4327],[-135.6925,58.4197]],[[25.3319,-24.2177],[25.3497,-24.2099]],[[25.4972,-18.5086],[25.4936,-18.5218]],[[116.7281,35.6452],[116.7586,35.6496]],[[108.2204,10.9876],[108.2344,11.0114]],[[24.6455,-29.0195],[24.6609,-29.0196]],[[39.217,51.8218],[39.2445,51.8071]],[[112.6785,39.2675],[112.7055,39.2783]],[[40.1211,45.8811],[40.0889,45.8814]],[[55.5224,28.0554],[55.4977,28.0569]],[[45.3392,15.5588],[45.3528,15.5824]],[[-102.6181,37.4656],[-102.6179,37.4519]],[[106.7814,-78.4865],[106.8757,-78.457]],[[24.0052,-26.1302],[24.0195,-26.124]],[[127.4198,50.4136],[127.4113,50.4401]],[[120.9589,36.4635],[120.9527,36.4872]],[[46.6182,30.5388],[46.59,30.5525]],[[46.5867,30.5515],[46.6185,30.536]],[[46.5896,30.5553],[46.6211,30.54]],[[100.7387,13.7013],[100.729,13.6642]],[[24.9769,12.3874],[24.988,12.3966]],[[119.6429,35.6337],[119.6404,35.6067]],[[117.1551,-20.7583],[117.1699,-20.758]],[[117.1548,-20.7716],[117.1557,-20.7553]],[[-61.3008,-19.793],[-61.3014,-19.8067]],[[29.6514,-23.6327],[29.6738,-23.6401]],[[26.8251,-24.8109],[26.837,-24.7994]],[[107.0262,10.7738],[107.0556,10.7952]],[[29.302,-23.4211],[29.2957,-23.4342]],[[39.3176,-5.7672],[39.3157,-5.749]],[[-65.7128,-19.534],[-65.7352,-19.5496]],[[29.708,-23.1572],[29.6856,-23.1573]],[[33.7532,-24.8848],[33.7529,-24.901]],[[43.8871,4.1268],[43.8644,4.1235]],[[104.3407,26.8538],[104.3394,26.8748]],[[10.2939,44.8195],[10.3005,44.8343]],[[14.3872,50.2172],[14.4117,50.213]],[[-0.4631,49.1794],[-0.4451,49.1711]],[[-102.6455,28.8498],[-102.626,28.8458]],[[110.1818,21.3911],[110.2114,21.3834]],[[27.1719,-24.5722],[27.1777,-24.5864]],[[26.8788,-24.151],[26.8976,-24.1456]],[[10.387,32.316],[10.3767,32.2962]],[[121.9785,39.4535],[121.9947,39.4606]],[[-56.2025,-22.494],[-56.2052,-22.4799]],[[116.119,40.1709],[116.1201,40.1448]],[[29.3401,-26.7686],[29.3352,-26.7814]],[[17.5058,-22.7482],[17.5123,-22.7322]],[[-106.3791,40.0554],[-106.3594,40.0516]],[[-106.2793,40.7445],[-106.2641,40.7557]],[[-106.1621,38.0941],[-106.1865,38.1044]],[[-105.0189,37.522],[-104.9996,37.5256]],[[0.5296,44.8239],[0.5075,44.8251]],[[52.4071,18.6048],[52.4262,18.6007]],[[52.6926,17.8664],[52.7098,17.8805]],[[15.7087,-11.0155],[15.7181,-11.0255]],[[-120.2173,47.4057],[-120.1973,47.3922]],[[26.6618,-28.004],[26.6773,-27.9921]],[[106.678,29.7504],[106.6678,29.7208]],[[30.9574,-29.961],[30.9428,-29.9787]],[[27.1336,-27.6769],[27.1473,-27.6845]],[[27.308,-27.6656],[27.3233,-27.6557]],[[-69.2124,-51.6492],[-69.1893,-51.6476]],[[29.7584,-28.0016],[29.7706,-27.9917]],[[-7.3737,57.477],[-7.3501,57.4858]],[[31.9896,46.3038],[31.9598,46.31]],[[-167.921,53.5155],[-167.9292,53.4948]],[[-167.9267,53.5122],[-167.901,53.5145]],[[-167.9062,53.3716],[-167.8839,53.3748]],[[-167.8878,53.3841],[-167.9052,53.3733]],[[124.0267,0.8911],[124.0405,0.8861]],[[-60.9121,-21.4191],[-60.9113,-21.4347]],[[-61.3857,-20.9324],[-61.3769,-20.9463]],[[-61.2829,-21.1596],[-61.2837,-21.1461]],[[47.5302,80.7826],[47.4959,80.8037]],[[108.9573,0.7985],[108.9635,0.7815]],[[1.9558,48.9965],[1.9295,48.9994]],[[99.7032,-2.0997],[99.6952,-2.0887]],[[-45.2423,-11.2805],[-45.2334,-11.27]],[[33.4215,13.7732],[33.4217,13.7584]],[[38.5569,50.667],[38.5771,50.6573]],[[43.8936,39.966],[43.8664,39.9831]],[[-64.7235,-37.5433],[-64.7044,-37.5402]],[[73.4652,46.0194],[73.4959,46.0325]],[[-87.3537,34.6615],[-87.341,34.6526]],[[23.3188,-29.7557],[23.3344,-29.7639]],[[118.6114,-24.6225],[118.6284,-24.6269]],[[83.9791,42.9715],[84.0144,42.9822]],[[89.5348,44.1661],[89.5713,44.1661]],[[14.8974,40.6111],[14.9181,40.6232]],[[111.5496,40.4811],[111.5884,40.495]],[[111.5984,40.4786],[111.5552,40.4633]],[[116.1506,-22.1519],[116.1672,-22.1672]],[[25.1571,50.1283],[25.1841,50.1309]],[[-108.3008,25.9746],[-108.3189,25.9744]],[[30.2884,50.2425],[30.3136,50.2269]],[[28.5298,49.4914],[28.5483,49.4797]],[[-100.2771,44.3703],[-100.2938,44.3849]],[[-100.2736,44.3899],[-100.2993,44.3857]],[[44.2536,33.5314],[44.26,33.5159]],[[-114.124,46.2501],[-114.1237,46.2643]],[[-45.171,-13.8681],[-45.1574,-13.8648]],[[113.7923,22.63],[113.7763,22.6591]],[[95.8967,20.8804],[95.8901,20.8957]],[[113.2453,28.1674],[113.2433,28.2014]],[[16.8843,-14.6758],[16.8683,-14.6626]],[[30.177,-12.8639],[30.1917,-12.8653]],[[-95.9503,31.9825],[-95.9517,31.996]],[[47.0111,6.953],[47.0244,6.9597]],[[-97.017,47.0648],[-97.0171,47.0502]],[[-107.2771,33.2432],[-107.2634,33.2271]],[[-107.2814,33.2426],[-107.2626,33.2313]],[[116.0664,25.9555],[116.0895,25.9661]],[[4.2165,35.3315],[4.2277,35.3188]],[[72.6224,23.0659],[72.6465,23.0885]],[[63.4279,32.1189],[63.4435,32.1259]],[[29.4044,-22.6155],[29.4185,-22.6102]],[[12.6585,52.1401],[12.6826,52.1467]],[[12.6594,52.1389],[12.6837,52.1455]],[[26.1454,-12.4971],[26.16,-12.487]],[[26.4838,-30.7892],[26.4713,-30.798]],[[26.5138,-18.3655],[26.527,-18.3598]],[[31.0771,1.4296],[31.0722,1.4554]],[[-116.6675,37.4228],[-116.646,37.4304]],[[-116.6456,37.4303],[-116.6591,37.4185]],[[-116.6442,37.4231],[-116.6682,37.4223]],[[44.8559,48.7378],[44.8757,48.7336]],[[10.3205,45.4362],[10.3431,45.4203]],[[46.6518,24.4828],[46.6371,24.4539]],[[46.6663,24.486],[46.6496,24.4532]],[[-71.4362,17.8261],[-71.3908,17.829]],[[46.6135,34.0518],[46.5841,34.0853]],[[25.8871,40.2145],[25.8804,40.1966]],[[1.9559,48.997],[1.9296,48.9999]],[[115.0264,30.3269],[115.0329,30.3588]],[[115.0455,30.3221],[115.052,30.3541]],[[112.7427,32.0126],[112.7458,31.9987]],[[139.9181,69.3931],[139.8623,69.3921]],[[66.5841,66.5848],[66.6381,66.5965]],[[104.0125,1.3154],[104.0266,1.3487]],[[19.7819,10.7187],[19.7837,10.7032]],[[30.2674,9.9567],[30.2757,9.9444]],[[130.4451,56.2202],[130.4678,56.2044]],[[29.0738,-22.5972],[29.0888,-22.5935]],[[116.7244,-1.1557],[116.6992,-1.1653]],[[58.4981,43.0669],[58.5402,43.0769]],[[-98.5333,35.6096],[-98.5364,35.6232]],[[25.4902,-10.7646],[25.5232,-10.7708]],[[35.7776,-6.072],[35.81,-6.0718]],[[20.3275,44.8083],[20.2889,44.8255]],[[83.3909,18.4989],[83.3813,18.4864]],[[-69.4875,-26.3808],[-69.4636,-26.3795]],[[37.5013,-0.58],[37.4922,-0.5689]],[[35.2643,-1.5868],[35.2507,-1.5858]],[[-45.523,-23.0441],[-45.5098,-23.0361]],[[28.0094,-24.726],[28.0224,-24.719]],[[27.9176,-24.8251],[27.9304,-24.8337]],[[26.849,-24.5375],[26.847,-24.5509]],[[26.5918,-24.6249],[26.584,-24.6387]],[[-35.234,-9.0086],[-35.2483,-8.9949]],[[-2.1227,51.3105],[-2.1004,51.3191]],[[68.4051,40.0218],[68.4175,40.0055]],[[26.359,-18.8486],[26.3733,-18.8485]],[[139.8055,35.5392],[139.7862,35.5663]],[[139.7775,35.5679],[139.7609,35.5486]],[[119.7516,-32.1101],[119.7685,-32.1087]],[[70.0646,28.515],[70.0619,28.5014]],[[28.6097,-20.2505],[28.6216,-20.2582]],[[83.5196,17.9679],[83.4844,17.9743]],[[81.9247,18.3201],[81.9204,18.334]],[[28.4422,30.9363],[28.4669,30.9179]],[[77.6556,37.7921],[77.6677,37.7756]],[[-109.7513,33.3728],[-109.738,33.3838]],[[33.0142,30.255],[33.0294,30.2314]],[[-117.0346,35.5747],[-117.0515,35.5854]],[[59.7806,22.4763],[59.7782,22.4565]],[[119.8475,28.3785],[119.8232,28.3634]],[[93.1232,43.765],[93.1528,43.747]],[[114.2164,30.7582],[114.2385,30.7798]],[[-41.98,-15.3164],[-41.9652,-15.3122]],[[82.1729,26.7442],[82.1527,26.7524]],[[93.6284,26.9648],[93.651,26.97]],[[127.8877,37.0178],[127.8853,37.0424]],[[127.8827,37.0427],[127.8851,37.0176]],[[128.9294,37.749],[128.9583,37.7581]],[[128.6603,38.07],[128.6782,38.0526]],[[129.4086,35.9878],[129.4322,35.988]],[[126.8021,35.1148],[126.8176,35.1369]],[[126.8002,35.1156],[126.8157,35.1378]],[[113.3192,23.3548],[113.3278,23.3865]],[[103.7573,29.429],[103.7406,29.4496]],[[117.3858,34.9058],[117.4142,34.9057]],[[104.6038,25.9002],[104.6267,25.8855]],[[-74.7778,46.4178],[-74.7826,46.3998]],[[103.3406,23.4753],[103.358,23.4563]],[[141.0535,-36.1444],[141.0363,-36.1423]],[[-104.0124,34.5968],[-104.0122,34.5805]],[[-104.0122,34.5805],[-103.9983,34.5922]],[[-103.9983,34.5922],[-104.0178,34.5922]],[[-41.6478,-15.6583],[-41.6612,-15.6521]],[[125.7897,38.0003],[125.7678,38.0129]],[[125.0108,38.4347],[125.0276,38.4165]],[[45.1939,26.1005],[45.2123,26.0716]],[[45.1932,26.0741],[45.1808,26.0936]],[[121.9193,37.3379],[121.9147,37.3045]],[[-13.4975,16.1652],[-13.5176,16.1538]],[[-57.8915,-13.7248],[-57.8921,-13.7393]],[[75.793,16.8669],[75.8211,16.8675]],[[55.0617,51.133],[55.0481,51.151]],[[55.0916,51.1398],[55.0554,51.1396]],[[33.2851,35.1553],[33.2654,35.155]],[[108.3776,11.7539],[108.346,11.7522]],[[-109.8611,57.2706],[-109.8326,57.2673]],[[-61.9591,-33.6856],[-61.9508,-33.6736]],[[28.2199,-23.5826],[28.2287,-23.5938]],[[23.5865,-25.7559],[23.5843,-25.7381]],[[121.2434,25.0945],[121.216,25.0729]],[[121.2515,25.0829],[121.224,25.0613]],[[0.2738,26.7065],[0.3062,26.7163]],[[0.3031,26.7189],[0.2726,26.7096]],[[-157.9434,21.3252],[-157.9071,21.3252]],[[27.1885,-26.6279],[27.1836,-26.6421]],[[-11.6143,25.1705],[-11.6054,25.1925]],[[-8.4325,11.2198],[-8.4319,11.2359]],[[74.8704,24.0502],[74.859,24.06]],[[52.2914,12.1959],[52.2917,12.1777]],[[83.672,48.5541],[83.7043,48.5604]],[[-50.8782,-14.2572],[-50.8849,-14.2405]],[[-50.8774,-14.2562],[-50.883,-14.2429]],[[7.5606,28.4104],[7.5759,28.4118]],[[50.1686,53.5094],[50.135,53.4984]],[[50.1685,53.5185],[50.1836,53.4932]],[[-0.9243,53.0193],[-0.9006,53.0268]],[[121.3227,-19.5783],[121.3364,-19.5834]],[[15.7169,-27.8392],[15.7192,-27.8248]],[[-63.9572,-19.8321],[-63.9668,-19.8165]],[[147.0563,-9.5168],[147.0448,-9.5088]],[[-116.6524,37.7615],[-116.6352,37.7601]],[[-116.6488,37.7616],[-116.6508,37.7476]],[[-116.7451,37.8475],[-116.7306,37.8357]],[[-50.9012,-15.1444],[-50.8869,-15.1434]],[[64.0807,45.5157],[64.1107,45.5242]],[[64.108,45.5267],[64.0812,45.5183]],[[-110.6255,34.822],[-110.6215,34.8353]],[[-52.7326,-6.5131],[-52.7385,-6.5007]],[[37.127,-0.0369],[37.1316,-0.0515]],[[142.416,-32.7823],[142.4331,-32.7796]],[[104.2355,13.3802],[104.2109,13.3584]],[[25.3072,35.1592],[25.3194,35.187]],[[47.3962,6.6847],[47.4098,6.6992]],[[47.5412,7.1326],[47.525,7.1327]],[[45.2156,1.9695],[45.2291,1.9753]],[[-83.937,52.8326],[-83.9131,52.8331]],[[-60.3691,3.2577],[-60.3559,3.2608]],[[-14.5204,23.8583],[-14.5088,23.885]],[[-38.5243,-6.1849],[-38.5084,-6.185]],[[132.1307,43.3893],[132.1684,43.4045]],[[-96.0114,36.7728],[-96.011,36.754]],[[61.4791,55.3091],[61.5279,55.3024]],[[60.7781,56.7448],[60.823,56.7447]],[[60.7797,56.7423],[60.8235,56.7405]],[[36.9766,3.3518],[36.991,3.3434]],[[73.0479,18.9824],[73.0771,18.9861]],[[77.5924,28.1835],[77.6313,28.1763]],[[46.2729,33.1051],[46.289,33.104]],[[48.3077,-13.3196],[48.3217,-13.3048]],[[116.749,25.6867],[116.74,25.6671]],[[-84.5657,43.3638],[-84.5657,43.3501]],[[-64.9187,-37.9312],[-64.9217,-37.917]],[[114.0669,62.5401],[114.1146,62.5549]],[[107.2573,29.6687],[107.2418,29.6393]],[[33.4503,68.1369],[33.4784,68.1665]],[[14.3653,4.4836],[14.3605,4.4702]],[[38.0658,-2.9112],[38.0793,-2.9185]],[[38.0688,40.9696],[38.1037,40.9641]],[[-48.4126,-21.7634],[-48.4122,-21.7795]],[[-54.9769,-9.3313],[-54.9537,-9.3361]],[[121.4342,28.5727],[121.4233,28.5523]],[[133.5678,-29.8616],[133.5773,-29.8785]],[[119.6461,35.6009],[119.6486,35.6277]],[[-129.9586,56.3942],[-129.9318,56.3962]],[[120.1375,-23.7725],[120.1347,-23.7903]],[[-90.4755,52.2177],[-90.4518,52.2164]],[[37.1918,25.2936],[37.2069,25.2776]],[[113.3125,8.1947],[113.3355,8.2113]],[[14.4753,26.9884],[14.4597,26.9807]],[[45.0069,43.3232],[45.0337,43.318]],[[30.5138,-26.2418],[30.5231,-26.2549]],[[30.5749,-26.3339],[30.5961,-26.3341]],[[30.5444,-26.3413],[30.5598,-26.3438]],[[-45.5568,-13.4705],[-45.5425,-13.4692]],[[-45.1814,-12.9514],[-45.1854,-12.9362]],[[-45.8244,-12.1827],[-45.8079,-12.1867]],[[-45.923,-12.9765],[-45.936,-12.9813]],[[-46.1109,-13.9617],[-46.0968,-13.9578]],[[-46.1619,-13.7593],[-46.163,-13.7443]],[[-45.7363,-14.0956],[-45.7244,-14.0875]],[[32.4658,-3.2292],[32.4811,-3.2292]],[[-47.2917,-20.1672],[-47.2753,-20.1631]],[[-58.8392,-13.8383],[-58.8386,-13.8232]],[[-45.6078,-13.7016],[-45.6225,-13.7056]],[[-45.9943,-13.5943],[-45.9794,-13.589]],[[-46.1069,-13.6217],[-46.09,-13.619]],[[-45.4628,-13.6633],[-45.4469,-13.6589]],[[120.435,-6.171],[120.4403,-6.1879]],[[-45.724,-14.0527],[-45.7119,-14.0444]],[[-45.9207,-13.9992],[-45.909,-13.9918]],[[-45.5608,-13.9344],[-45.5469,-13.9259]],[[-45.5807,-13.6711],[-45.5726,-13.6866]],[[-45.6875,-13.3202],[-45.6729,-13.3152]],[[-45.3966,-14.3305],[-45.3876,-14.3181]],[[-45.4885,-14.3907],[-45.4765,-14.3796]],[[-45.4945,-14.7401],[-45.4795,-14.7347]],[[-46.1588,-13.5625],[-46.1549,-13.5475]],[[-45.7836,-14.5149],[-45.7723,-14.5027]],[[-45.2129,-14.6373],[-45.1975,-14.6357]],[[-45.0469,-14.1647],[-45.0346,-14.1734]],[[146.1178,-19.4628],[146.1379,-19.469]],[[-45.5062,-14.4631],[-45.5187,-14.4758]],[[72.6215,33.5573],[72.6363,33.5444]],[[46.3943,32.1058],[46.3662,32.1255]],[[46.3884,32.105],[46.3655,32.1211]],[[14.2516,50.1094],[14.2734,50.116]],[[-66.207,-13.9595],[-66.1961,-13.968]],[[117.1907,36.8376],[117.1907,36.8701]],[[117.1821,36.8711],[117.1822,36.8365]],[[102.9355,25.0897],[102.9583,25.1159]],[[-106.5642,36.8862],[-106.5776,36.8746]],[[27.6816,37.2472],[27.6492,37.255]],[[27.6486,37.2533],[27.6756,37.2469]],[[43.0956,40.5571],[43.1136,40.5637]],[[47.3885,80.8319],[47.4686,80.8235]],[[47.4686,80.8235],[47.5487,80.8151]],[[47.5487,80.8151],[47.6288,80.8067]],[[64.2849,81.139],[64.3324,81.1555]],[[78.1605,15.7176],[78.1781,15.7149]],[[67.6196,40.5943],[67.6367,40.5866]],[[5.3341,7.6228],[5.3497,7.6485]],[[39.273,38.598],[39.2974,38.6027]],[[-61.7761,-11.6641],[-61.7759,-11.6495]],[[4.4663,7.7566],[4.4861,7.771]],[[6.4401,7.9369],[6.4372,7.957]],[[29.3026,40.8849],[29.3214,40.8918]],[[41.2038,37.0331],[41.1786,37.0078]],[[119.7586,-32.1087],[119.7723,-32.1163]],[[35.0701,36.8937],[35.0796,36.9063]],[[32.555,40.0662],[32.5648,40.0779]],[[30.5843,38.738],[30.6139,38.7159]],[[5.3288,45.979],[5.3341,45.9933]],[[45.661,43.3883],[45.6992,43.3899]],[[71.9616,24.3231],[71.9906,24.3375]],[[107.0533,10.7983],[107.0239,10.7769]],[[75.7474,29.1835],[75.7208,29.1971]],[[11.2732,8.8984],[11.2941,8.9058]],[[31.9194,-25.4404],[31.9405,-25.4405]],[[36.2781,-1.9543],[36.282,-1.9396]],[[20.9618,4.2486],[20.9891,4.2571]],[[36.9773,18.7556],[36.9947,18.7521]],[[-52.9418,-11.7235],[-52.9261,-11.7251]],[[42.7743,13.9752],[42.7649,13.9595]],[[43.5032,12.8847],[43.5224,12.8594]],[[-42.7901,-4.9673],[-42.7957,-4.9518]],[[-102.8372,30.315],[-102.8124,30.3155]],[[87.4528,43.9235],[87.494,43.9322]],[[87.4953,43.9289],[87.4495,43.9191]],[[107.1066,16.8907],[107.1206,16.9077]],[[31.0751,-6.355],[31.0931,-6.3556]],[[-9.6418,16.7054],[-9.6338,16.7174]],[[1.7313,26.351],[1.7482,26.3521]],[[2.3193,26.6624],[2.3309,26.6724]],[[18.3066,13.2395],[18.3247,13.2402]],[[21.4575,12.2187],[21.4599,12.2027]],[[15.3078,14.1445],[15.3227,14.1484]],[[103.6778,27.1966],[103.7049,27.2154]],[[112.622,37.7452],[112.6567,37.7245]],[[42.0279,4.1703],[42.0388,4.1801]],[[53.0051,40.0745],[53.0117,40.0529]],[[44.3145,-20.2849],[44.3294,-20.2843]],[[41.6208,20.2934],[41.651,20.3033]],[[-61.7878,17.6217],[-61.8085,17.6205]],[[-48.53,-27.6772],[-48.5511,-27.6658]],[[120.6464,30.7033],[120.6798,30.6927]],[[32.6704,37.9073],[32.674,37.9233]],[[113.1279,36.2592],[113.1241,36.2361]],[[36.4775,31.7051],[36.4938,31.7027]],[[44.7868,16.1963],[44.7934,16.2165]],[[47.4518,6.7776],[47.4663,6.7901]],[[26.9896,45.2245],[26.9679,45.2083]],[[-38.4975,-5.4637],[-38.4839,-5.4637]],[[-68.41,-14.7456],[-68.4125,-14.7323]],[[-110.1694,42.2932],[-110.1603,42.3049]],[[-73.6476,47.4835],[-73.6601,47.4952]],[[9.5407,33.8619],[9.5567,33.8548]],[[106.4024,38.3353],[106.3822,38.3071]],[[73.8189,15.3782],[73.8495,15.3841]],[[73.5833,2.9045],[73.5839,2.9181]],[[-50.8657,2.0711],[-50.854,2.0807]],[[123.5677,42.0856],[123.5564,42.0548]],[[130.847,30.7493],[130.8576,30.7308]],[[130.8574,30.7572],[130.8447,30.7427]],[[143.3755,-33.7319],[143.3927,-33.7274]],[[14.165,-15.3303],[14.1818,-15.3219]],[[15.6697,-9.2665],[15.6543,-9.2667]],[[123.507,41.7914],[123.4856,41.7773]],[[115.9219,28.4104],[115.925,28.4328]],[[117.5883,-25.0869],[117.5911,-25.1014]],[[-40.8699,-14.8578],[-40.8561,-14.8676]],[[47.4235,32.121],[47.4115,32.1318]],[[29.694,-22.5431],[29.6793,-22.5394]],[[5.5908,6.3086],[5.6066,6.3241]],[[121.3332,31.1834],[121.3316,31.213]],[[-89.2159,29.1499],[-89.1998,29.1611]],[[-46.0895,60.7662],[-46.0605,60.7658]],[[5.6948,19.5535],[5.729,19.5579]],[[147.1631,-36.7224],[147.1715,-36.7348]],[[-51.0189,69.2655],[-51.0516,69.2487]],[[-0.9825,35.5275],[-0.9975,35.5201]],[[-103.2588,44.2236],[-103.2451,44.2136]],[[30.828,2.8767],[30.8375,2.8888]],[[146.0576,-34.5748],[146.0762,-34.5736]],[[-97.4352,29.2162],[-97.4346,29.23]],[[34.8167,-3.3653],[34.8298,-3.3693]],[[19.4108,40.6141],[19.4413,40.5969]],[[112.4239,37.5124],[112.4244,37.4962]],[[107.7546,37.6177],[107.7601,37.6426]],[[36.5305,9.3392],[36.5513,9.3491]],[[-104.5728,38.9444],[-104.5669,38.9315]],[[-90.2918,-0.4616],[-90.2833,-0.4819]],[[108.1641,28.1222],[108.1662,28.1479]],[[-66.8224,6.5722],[-66.8114,6.5824]],[[-53.3062,-17.7791],[-53.314,-17.7665]],[[103.9799,10.1744],[104.0129,10.1711]],[[-82.8373,42.6022],[-82.8365,42.6248]],[[89.9129,49.0002],[89.9373,48.9871]],[[-1.5761,12.0637],[-1.5868,12.0477]],[[8.7991,-71.5262],[8.8063,-71.5527]],[[-44.3089,-10.601],[-44.2982,-10.5916]],[[-48.1221,-21.3383],[-48.1074,-21.3413]],[[-47.3269,-21.9931],[-47.3269,-21.9762]],[[-56.2791,-13.6848],[-56.2913,-13.6973]],[[73.4781,46.0179],[73.5105,46.0318]],[[40.6906,64.6017],[40.7426,64.5992]],[[40.6905,64.6013],[40.7424,64.5988]],[[-169.5227,16.7341],[-169.5461,16.7237]],[[126.7115,33.4037],[126.7116,33.3829]],[[34.0622,28.6984],[34.0667,28.6716]],[[140.2217,-25.6095],[140.2226,-25.6242]],[[42.4515,31.6604],[42.4457,31.6742]],[[31.6418,40.745],[31.6619,40.7522]],[[108.7206,12.6961],[108.7269,12.6709]],[[10.5359,12.8289],[10.5495,12.842]],[[39.6961,5.2818],[39.7148,5.306]],[[28.4425,-25.5712],[28.4385,-25.5576]],[[16.0355,1.6073],[16.042,1.6336]],[[143.2035,-18.302],[143.1925,-18.2915]],[[74.3972,31.8585],[74.3971,31.875]],[[60.2767,38.2616],[60.2777,38.2438]],[[16.3791,8.3819],[16.3664,8.3716]],[[-107.9552,32.2568],[-107.9364,32.2569]],[[26.6402,-14.5068],[26.6575,-14.5066]],[[-66.1833,11.8075],[-66.1662,11.813]],[[36.8525,4.9814],[36.8588,4.9947]],[[77.5568,34.14],[77.5305,34.1324]],[[-92.7651,33.614],[-92.7617,33.6316]],[[28.7672,41.2537],[28.8003,41.2541]],[[7.6404,48.5454],[7.616,48.5312]],[[-52.1976,-14.11],[-52.1862,-14.1187]],[[47.4213,27.0005],[47.4167,27.021]],[[-45.7209,-12.0696],[-45.7026,-12.0672]],[[37.9463,55.3958],[37.9111,55.4251]],[[-7.979,11.3203],[-7.9642,11.3263]],[[-45.1003,-18.7554],[-45.1147,-18.7609]],[[40.1605,35.29],[40.1916,35.2808]],[[-6.8555,53.1671],[-6.8337,53.1633]],[[9.9808,2.8827],[9.9733,2.8657]],[[50.1717,-14.2734],[50.1799,-14.2878]],[[-114.4492,35.709],[-114.449,35.7344]],[[-95.9879,36.033],[-95.9839,36.0466]],[[-95.8813,36.2139],[-95.8831,36.1865]],[[-95.899,36.1954],[-95.874,36.1956]],[[-95.8992,36.2056],[-95.9002,36.1905]],[[20.0501,31.7885],[20.0574,31.7486]],[[20.0506,31.7855],[20.0568,31.7517]],[[-17.073,14.6861],[-17.0727,14.656]],[[11.5507,3.7074],[11.556,3.7377]],[[-13.6233,9.5673],[-13.6005,9.5866]],[[78.2173,26.2908],[78.2412,26.3029]],[[78.2407,26.3003],[78.2147,26.2872]],[[-104.4394,25.7525],[-104.4293,25.7627]],[[15.3386,-8.0118],[15.3358,-7.9983]],[[122.0822,39.2561],[122.0775,39.2736]],[[-77.3455,44.0651],[-77.3316,44.0743]],[[146.8906,-9.0392],[146.9001,-9.0507]],[[5.938,8.0254],[5.9367,8.0433]]]}}